"GEOID","NAME","median_incomeE","year"
"1723620","Elmhurst city, Illinois",96486,2015
"1707744","Bradley village, Illinois",58901,2015
"1768003","Schaumburg village, Illinois",74086,2015
"1781919","Willowbrook village, Illinois",66163,2015
"1738934","Kankakee city, Illinois",32402,2015
"1749893","Momence city, Illinois",60441,2015
"1776771","Union Hill village, Illinois",111875,2015
"1723555","Ellsworth village, Illinois",68571,2015
"1716054","Concord village, Illinois",47039,2015
"1770889","South Jacksonville village, Illinois",55602,2015
"1731017","Granville village, Illinois",46172,2015
"1756887","Oswego village, Illinois",96825,2015
"1727091","Forsyth village, Illinois",83534,2015
"1744498","Long Creek village, Illinois",81029,2015
"1751206","Mount Zion village, Illinois",70000,2015
"1740143","Kinsman village, Illinois",39583,2015
"1717887","Crystal Lake city, Illinois",81509,2015
"1741651","Lakewood village, Illinois",119982,2015
"1726077","Fillmore village, Illinois",36250,2015
"1762965","Raymond village, Illinois",43194,2015
"1717991","Cuba city, Illinois",37857,2015
"1770226","Smithfield village, Illinois",39375,2015
"1742457","Leaf River village, Illinois",31458,2015
"1751700","Nashville city, Illinois",45806,2015
"1718342","Dakota village, Illinois",42500,2015
"1764590","Roanoke village, Illinois",54122,2015
"1768510","Secor village, Illinois",48906,2015
"1759156","Perry village, Illinois",28542,2015
"1760534","Pleasant Hill village, Illinois",40625,2015
"1755418","Ohlman village, Illinois",43750,2015
"1758369","Pearl City village, Illinois",50250,2015
"1759026","Peoria Heights village, Illinois",47188,2015
"1771604","Spring Bay village, Illinois",47500,2015
"1715469","Coleta village, Illinois",36705,2015
"1724374","Erie village, Illinois",61481,2015
"1744602","Longview village, Illinois",43125,2015
"1775614","Tolono village, Illinois",66635,2015
"1777005","Urbana city, Illinois",32105,2015
"1720305","Dongola village, Illinois",37917,2015
"1738635","Jonesboro city, Illinois",43958,2015
"1749178","Mill Creek village, Illinois",90000,2015
"1714715","Clay City village, Illinois",36364,2015
"1706028","Bingham village, Illinois",22500,2015
"1700971","Alpha village, Illinois",42500,2015
"1702726","Atkinson town, Illinois",42143,2015
"1710643","Cambridge village, Illinois",54821,2015
"1783063","Woodhull village, Illinois",57188,2015
"1703844","Barrington village, Illinois",116062,2015
"1746136","Mahomet village, Illinois",90304,2015
"1766534","Sadorus village, Illinois",58750,2015
"1709980","Burr Ridge village, Illinois",115260,2015
"1763862","Ridge Farm village, Illinois",44844,2015
"1775276","Tilton village, Illinois",42361,2015
"1739909","Kincaid village, Illinois",37316,2015
"1700568","Albion city, Illinois",36250,2015
"1704806","Belle Rive village, Illinois",41750,2015
"1751947","Nelson village, Illinois",40000,2015
"1780008","West Brooklyn village, Illinois",57813,2015
"1737127","Illiopolis village, Illinois",50000,2015
"1770759","Southern View village, Illinois",43750,2015
"1772000","Springfield city, Illinois",49868,2015
"1778149","Virden city, Illinois",43617,2015
"1741859","Lanark city, Illinois",50679,2015
"1749191","Milledgeville village, Illinois",51667,2015
"1739532","Kenney village, Illinois",51563,2015
"1777707","Verona village, Illinois",62188,2015
"1712567","Charleston city, Illinois",28473,2015
"1714286","Christopher city, Illinois",34875,2015
"1748333","Mendota city, Illinois",43406,2015
"1768640","Seneca village, Illinois",61458,2015
"1774743","Teutopolis village, Illinois",68750,2015
"1745993","Madison city, Illinois",22266,2015
"1746955","Marissa village, Illinois",40714,2015
"1713139","Chester city, Illinois",41764,2015
"1735268","Hinckley village, Illinois",67045,2015
"1707419","Boulder Hill CDP, Illinois",62281,2015
"1752961","Niantic village, Illinois",54545,2015
"1724608","Evansville village, Illinois",44853,2015
"1766287","Ruma village, Illinois",46750,2015
"1774457","Tamms village, Illinois",23333,2015
"1736074","Hooppole village, Illinois",34615,2015
"1739727","Kewanee city, Illinois",38107,2015
"1701595","Antioch village, Illinois",76012,2015
"1702154","Arlington Heights village, Illinois",81059,2015
"1712489","Channel Lake CDP, Illinois",64200,2015
"1719083","Deer Park village, Illinois",155952,2015
"1744550","Long Lake CDP, Illinois",52353,2015
"1770213","Smithboro village, Illinois",45208,2015
"1710906","Campton Hills village, Illinois",118664,2015
"1760391","Plattville village, Illinois",95156,2015
"1767372","Sammons Point village, Illinois",56667,2015
"1743510","Limestone village, Illinois",75400,2015
"1738895","Kaneville village, Illinois",64792,2015
"1715833","Columbia city, Illinois",62708,2015
"1709889","Burnt Prairie village, Illinois",67750,2015
"1752220","New Boston city, Illinois",40952,2015
"1768458","Seaton village, Illinois",41250,2015
"1731771","Griggsville city, Illinois",38409,2015
"1752805","New Salem village, Illinois",28125,2015
"1782322","Windsor city, Illinois",38403,2015
"1712476","Channahon village, Illinois",88818,2015
"1700516","Albany village, Illinois",43750,2015
"1716873","Countryside city, Illinois",56659,2015
"1711527","Carthage city, Illinois",47827,2015
"1740832","La Harpe city, Illinois",36154,2015
"1751791","Nauvoo city, Illinois",46406,2015
"1761080","Pontoosuc village, Illinois",42969,2015
"1768991","Shannon village, Illinois",40938,2015
"1778773","Wapella village, Illinois",47500,2015
"1747787","Mazon village, Illinois",62143,2015
"1736477","Huey village, Illinois",40625,2015
"1751661","Naples town, Illinois",41250,2015
"1704507","Beaverville village, Illinois",31528,2015
"1752623","Newman city, Illinois",42344,2015
"1745642","Macedonia village, Illinois",38333,2015
"1730458","Good Hope village, Illinois",51964,2015
"1721618","East Carondelet village, Illinois",39688,2015
"1724933","Fairmont City village, Illinois",33365,2015
"1747423","Mascoutah city, Illinois",70366,2015
"1704156","Bath village, Illinois",33750,2015
"1767613","San Jose village, Illinois",52500,2015
"1704039","Bartonville village, Illinois",49545,2015
"1704871","Bellevue village, Illinois",51591,2015
"1746643","Mapleton village, Illinois",54583,2015
"1751284","Mulberry Grove village, Illinois",41250,2015
"1729496","Glasgow village, Illinois",51250,2015
"1704000","Bartelso village, Illinois",82083,2015
"1735398","Hoffman village, Illinois",51375,2015
"1775991","Trenton city, Illinois",63621,2015
"1723425","Elliott village, Illinois",52656,2015
"1748268","Melvin village, Illinois",43462,2015
"1726896","Forest Lake CDP, Illinois",94375,2015
"1715300","Cobden village, Illinois",36080,2015
"1710383","Cairo city, Illinois",21705,2015
"1728430","Galva city, Illinois",40896,2015
"1701114","Alton city, Illinois",36250,2015
"1731121","Grayslake village, Illinois",81367,2015
"1734722","Highland Park city, Illinois",122829,2015
"1737218","Indian Creek village, Illinois",140313,2015
"1739883","Kildeer village, Illinois",154563,2015
"1722697","Edwardsville city, Illinois",71057,2015
"1755639","Old Mill Creek village, Illinois",101250,2015
"1775965","Tremont village, Illinois",52647,2015
"1751154","Mount Sterling city, Illinois",40517,2015
"1719642","Des Plaines city, Illinois",65109,2015
"1726987","Forest View village, Illinois",52500,2015
"1733695","Hazel Crest village, Illinois",52134,2015
"1777720","Versailles village, Illinois",52847,2015
"1764707","Robinson city, Illinois",43563,2015
"1745811","McLean village, Illinois",64531,2015
"1767912","Saybrook village, Illinois",54688,2015
"1738115","Jacksonville city, Illinois",39458,2015
"1704013","Bartlett village, Illinois",100105,2015
"1723074","Elgin city, Illinois",60499,2015
"1742795","Lemont village, Illinois",86043,2015
"1736568","Hume village, Illinois",38393,2015
"1738986","Kansas village, Illinois",32313,2015
"1757628","Paris city, Illinois",37280,2015
"1709538","Bulpitt village, Illinois",37321,2015
"1775809","Tovey village, Illinois",38452,2015
"1702986","Augusta village, Illinois",37946,2015
"1710422","Caledonia village, Illinois",67917,2015
"1779163","Waterman village, Illinois",66172,2015
"1778942","Warsaw city, Illinois",46827,2015
"1775360","Timberlane village, Illinois",120625,2015
"1742938","Lerna village, Illinois",47917,2015
"1730757","Grand Ridge village, Illinois",55833,2015
"1766443","Rutland village, Illinois",40313,2015
"1770460","Somonauk village, Illinois",56799,2015
"1775718","Tonica village, Illinois",49327,2015
"1739324","Kell village, Illinois",44583,2015
"1755210","Odin village, Illinois",41618,2015
"1702414","Arthur village, Illinois",54239,2015
"1745044","Lovington village, Illinois",48000,2015
"1722255","East St. Louis city, Illinois",19520,2015
"1767756","Sauget village, Illinois",47969,2015
"1728612","Garden Prairie CDP, Illinois",NA,2015
"1730159","Golden village, Illinois",44000,2015
"1766157","Royal village, Illinois",66667,2015
"1707237","Bonfield village, Illinois",69432,2015
"1714000","Chicago city, Illinois",48522,2015
"1764343","River Grove village, Illinois",46514,2015
"1732746","Hanover Park village, Illinois",67650,2015
"1757875","Park Ridge city, Illinois",90484,2015
"1761314","Posen village, Illinois",47310,2015
"1702505","Ashland village, Illinois",58500,2015
"1728742","Garrett village, Illinois",40313,2015
"1776407","Tuscola city, Illinois",49734,2015
"1718303","Dahlgren village, Illinois",31346,2015
"1730575","Goreville village, Illinois",43750,2015
"1751986","Neoga city, Illinois",31141,2015
"1777642","Vermont village, Illinois",47000,2015
"1734553","Hidalgo village, Illinois",56071,2015
"1752844","Newton city, Illinois",40417,2015
"1782010","Willow Hill village, Illinois",30865,2015
"1766833","St. Francisville city, Illinois",32045,2015
"1734163","Henry city, Illinois",48984,2015
"1704078","Batavia city, Illinois",92684,2015
"1728872","Geneva city, Illinois",97926,2015
"1711592","Cary village, Illinois",96130,2015
"1752467","New Grand Chain village, Illinois",46250,2015
"1734449","Heyworth village, Illinois",72727,2015
"1723529","Ellisville village, Illinois",36000,2015
"1780762","West Point village, Illinois",41696,2015
"1705443","Berlin village, Illinois",34063,2015
"1752168","New Berlin village, Illinois",67692,2015
"1749308","Millington village, Illinois",63958,2015
"1709577","Bunker Hill city, Illinois",45826,2015
"1762016","Prospect Heights city, Illinois",61442,2015
"1709551","Buncombe village, Illinois",36875,2015
"1774665","Tennessee village, Illinois",48906,2015
"1748307","Mendon village, Illinois",51136,2015
"1767860","Savoy village, Illinois",66583,2015
"1746331","Manchester village, Illinois",51000,2015
"1743939","Lisle village, Illinois",75373,2015
"1761899","Princeton city, Illinois",44722,2015
"1773391","Sugar Grove village, Illinois",108609,2015
"1704793","Belle Prairie City town, Illinois",60833,2015
"1724764","Fairbury city, Illinois",41958,2015
"1740091","Kingston Mines village, Illinois",43036,2015
"1769212","Sheldon village, Illinois",36827,2015
"1737998","Ivesdale village, Illinois",47292,2015
"1783622","Wyanet village, Illinois",40917,2015
"1714923","Cleveland village, Illinois",46875,2015
"1782985","Wood Dale city, Illinois",62964,2015
"1778175","Virgil village, Illinois",95750,2015
"1745785","Mackinaw village, Illinois",57188,2015
"1750621","Morton village, Illinois",72855,2015
"1703883","Barrington Hills village, Illinois",128529,2015
"1780125","West Dundee village, Illinois",79250,2015
"1733331","Harvard city, Illinois",45689,2015
"1736750","Huntley village, Illinois",71394,2015
"1741183","Lake in the Hills village, Illinois",84300,2015
"1760144","Pistakee Highlands CDP, Illinois",61210,2015
"1763641","Richmond village, Illinois",47250,2015
"1748359","Menominee village, Illinois",66750,2015
"1752545","New Holland village, Illinois",52000,2015
"1739298","Keithsburg city, Illinois",35417,2015
"1775419","Time village, Illinois",35938,2015
"1777187","Valley City village, Illinois",NA,2015
"1771643","Springerton village, Illinois",46125,2015
"1770005","Simpson village, Illinois",31875,2015
"1703571","Banner village, Illinois",50938,2015
"1709161","Bryant village, Illinois",51429,2015
"1743055","Lewistown city, Illinois",42167,2015
"1744121","Liverpool village, Illinois",32188,2015
"1742405","Lawrenceville city, Illinois",32488,2015
"1736150","Hopewell village, Illinois",76094,2015
"1775653","Toluca city, Illinois",46250,2015
"1779813","Wenona city, Illinois",50972,2015
"1756484","Oregon city, Illinois",42120,2015
"1764746","Rochelle city, Illinois",42819,2015
"1723009","Eldorado city, Illinois",26344,2015
"1720890","Du Bois village, Illinois",45417,2015
"1709798","Burnham village, Illinois",45638,2015
"1717497","Crestwood village, Illinois",53081,2015
"1730328","Golf village, Illinois",161563,2015
"1735866","Hometown city, Illinois",45426,2015
"1757407","Palos Park village, Illinois",77546,2015
"1700672","Alexis village, Illinois",55250,2015
"1778201","Virginia city, Illinois",46375,2015
"1745434","Lyons village, Illinois",44534,2015
"1737257","Indian Head Park village, Illinois",81013,2015
"1740767","La Grange village, Illinois",102500,2015
"1745421","Lynwood village, Illinois",49410,2015
"1748892","Midlothian village, Illinois",62351,2015
"1750647","Morton Grove village, Illinois",75166,2015
"1749347","Mill Shoals village, Illinois",38750,2015
"1707510","Bowen village, Illinois",43750,2015
"1723841","Elvaston village, Illinois",40625,2015
"1732434","Hamilton city, Illinois",47165,2015
"1720565","Dowell village, Illinois",22500,2015
"1779397","Wayne village, Illinois",145074,2015
"1727442","Fox Lake village, Illinois",56208,2015
"1761678","Prairie Grove village, Illinois",109875,2015
"1710149","Butler village, Illinois",33750,2015
"1743965","Litchfield city, Illinois",44547,2015
"1723698","Elmwood city, Illinois",56319,2015
"1731576","Greenview village, Illinois",50833,2015
"1755717","Old Ripley village, Illinois",34375,2015
"1724699","Exeter village, Illinois",52917,2015
"1718472","Damiansville village, Illinois",69063,2015
"1739441","Kempton village, Illinois",55625,2015
"1710084","Bush village, Illinois",32813,2015
"1749048","Milford village, Illinois",37604,2015
"1756081","Onarga village, Illinois",41010,2015
"1751349","Mundelein village, Illinois",76750,2015
"1757654","Park City city, Illinois",42099,2015
"1775874","Tower Lakes village, Illinois",152917,2015
"1769277","Sheridan village, Illinois",56528,2015
"1776225","Troy Grove village, Illinois",54286,2015
"1725375","Farina village, Illinois",36719,2015
"1737933","Iuka village, Illinois",40208,2015
"1758057","Patoka village, Illinois",42778,2015
"1700867","Allenville village, Illinois",44375,2015
"1700958","Alorton village, Illinois",20600,2015
"1725713","Fayetteville village, Illinois",46500,2015
"1744446","London Mills village, Illinois",43438,2015
"1746695","Maquon village, Illinois",48250,2015
"1766677","St. Augustine village, Illinois",42500,2015
"1705209","Benld city, Illinois",36406,2015
"1721852","East Gillespie village, Illinois",60909,2015
"1749802","Modesto village, Illinois",47083,2015
"1767873","Sawyerville village, Illinois",40536,2015
"1781191","White City village, Illinois",39375,2015
"1724985","Fairmount village, Illinois",40536,2015
"1747163","Marshall city, Illinois",46161,2015
"1719915","Dieterich village, Illinois",43984,2015
"1705898","Biggsville village, Illinois",56667,2015
"1716613","Coulterville village, Illinois",40179,2015
"1721540","Earlville city, Illinois",37381,2015
"1761639","Prairie du Rocher village, Illinois",43056,2015
"1732616","Hanaford village, Illinois",32750,2015
"1710773","Campbell Hill village, Illinois",47969,2015
"1718446","Dalton City village, Illinois",57917,2015
"1764759","Rochester village, Illinois",92188,2015
"1714455","Cisne village, Illinois",30982,2015
"1711982","Cedar Point village, Illinois",62500,2015
"1744823","Lostant village, Illinois",55313,2015
"1712151","Central City village, Illinois",33869,2015
"1767444","Sandoval village, Illinois",29097,2015
"1770031","Sims village, Illinois",42917,2015
"1756159","Oneida city, Illinois",60556,2015
"1729392","Girard city, Illinois",39101,2015
"1707133","Bolingbrook village, Illinois",77506,2015
"1723945","Elwood village, Illinois",58542,2015
"1730120","Godley village, Illinois",55893,2015
"1747540","Matteson village, Illinois",76638,2015
"1776935","University Park village, Illinois",45062,2015
"1738570","Joliet city, Illinois",60976,2015
"1781802","Williamsfield village, Illinois",50625,2015
"1711202","Carlinville city, Illinois",39121,2015
"1721410","Eagarville village, Illinois",46250,2015
"1757043","Owaneco village, Illinois",42500,2015
"1734137","Henning village, Illinois",37083,2015
"1700880","Allerton village, Illinois",60000,2015
"1757693","Parkersburg village, Illinois",36042,2015
"1704689","Belgium village, Illinois",41875,2015
"1762744","Rankin village, Illinois",35833,2015
"1775783","Toulon city, Illinois",42875,2015
"1722398","Eddyville village, Illinois",18125,2015
"1710110","Bushnell city, Illinois",34912,2015
"1737439","Industry village, Illinois",58000,2015
"1713074","Cherry Valley village, Illinois",56250,2015
"1751453","Murphysboro city, Illinois",36098,2015
"1777525","Vergennes village, Illinois",35536,2015
"1780736","West Peoria city, Illinois",42500,2015
"1774379","Tallula village, Illinois",58333,2015
"1742860","Lenzburg village, Illinois",36875,2015
"1773547","Summerfield village, Illinois",57500,2015
"1711228","Carlyle city, Illinois",60492,2015
"1729041","Germantown village, Illinois",55000,2015
"1764655","Roberts village, Illinois",33846,2015
"1777681","Vernon village, Illinois",29375,2015
"1735835","Homer Glen village, Illinois",91257,2015
"1731446","Green Oaks village, Illinois",159402,2015
"1750998","Mount Morris village, Illinois",41733,2015
"1733136","Harrisburg city, Illinois",33764,2015
"1752714","New Minden village, Illinois",49250,2015
"1778721","Wamac city, Illinois",29188,2015
"1710513","Calumet Park village, Illinois",47050,2015
"1721904","East Hazel Crest village, Illinois",45353,2015
"1724582","Evanston city, Illinois",70041,2015
"1724634","Evergreen Park village, Illinois",64385,2015
"1726935","Forest Park village, Illinois",51927,2015
"1735086","Hillside village, Illinois",50787,2015
"1735385","Hodgkins village, Illinois",48750,2015
"1742028","Lansing village, Illinois",48949,2015
"1740793","La Grange Park village, Illinois",75116,2015
"1747774","Maywood village, Illinois",42298,2015
"1753377","Norridge village, Illinois",58209,2015
"1753663","Northfield village, Illinois",96989,2015
"1702258","Aroma Park village, Illinois",55938,2015
"1706587","Bloomingdale village, Illinois",74494,2015
"1744407","Lombard village, Illinois",69787,2015
"1780645","Westmont village, Illinois",55767,2015
"1781048","Wheaton city, Illinois",85705,2015
"1746500","Manteno village, Illinois",62656,2015
"1701361","Anchor village, Illinois",47813,2015
"1736438","Hudson village, Illinois",81458,2015
"1748424","Meredosia village, Illinois",35000,2015
"1779358","Waverly city, Illinois",47375,2015
"1745850","McNabb village, Illinois",70833,2015
"1702206","Armington village, Illinois",41875,2015
"1749555","Minier village, Illinois",50000,2015
"1721696","East Dundee village, Illinois",57813,2015
"1722931","Elburn village, Illinois",95708,2015
"1732525","Hampshire village, Illinois",93775,2015
"1724348","Equality village, Illinois",41034,2015
"1752506","New Haven village, Illinois",35809,2015
"1737894","Island Lake village, Illinois",69833,2015
"1747527","Matherville village, Illinois",44233,2015
"1778123","Viola village, Illinois",58088,2015
"1736516","Hull village, Illinois",40647,2015
"1739922","Kinderhook village, Illinois",58281,2015
"1749477","Milton village, Illinois",43125,2015
"1730250","Golden Gate village, Illinois",NA,2015
"1718459","Dalzell village, Illinois",53750,2015
"1747150","Marseilles city, Illinois",37589,2015
"1750530","Morrison city, Illinois",44577,2015
"1772546","Sterling city, Illinois",39679,2015
"1745525","McClure village, Illinois",32917,2015
"1718147","Curran village, Illinois",36429,2015
"1700178","Adair CDP, Illinois",NA,2015
"1701647","Apple Canyon Lake CDP, Illinois",73750,2015
"1707315","Boody CDP, Illinois",81250,2015
"1728950","Georgetown CDP, Illinois",67143,2015
"1701556","Annapolis CDP, Illinois",NA,2015
"1718771","Dayton CDP, Illinois",63750,2015
"1702635","Astoria town, Illinois",33750,2015
"1704403","Beason CDP, Illinois",34000,2015
"1712879","Chemung CDP, Illinois",NA,2015
"1713230","Chestnut CDP, Illinois",50125,2015
"1715950","Como CDP, Illinois",72639,2015
"1716431","Cornland CDP, Illinois",61944,2015
"1729340","Gilson CDP, Illinois",NA,2015
"1717094","Crab Orchard CDP, Illinois",39333,2015
"1718641","Darmstadt CDP, Illinois",NA,2015
"1726467","Floraville CDP, Illinois",NA,2015
"1730705","Grand Detour CDP, Illinois",82875,2015
"1733162","Harrison CDP, Illinois",38750,2015
"1734272","Heritage Lake CDP, Illinois",98544,2015
"1735541","Holiday Shores CDP, Illinois",81463,2015
"1740364","Knollwood CDP, Illinois",82619,2015
"1740962","Lake Camelot CDP, Illinois",105795,2015
"1741157","Lake Holiday CDP, Illinois",77879,2015
"1705976","Big Rock village, Illinois",76250,2015
"1749100","Millbrook village, Illinois",86250,2015
"1750062","Monroe Center village, Illinois",73333,2015
"1761216","Port Barrington village, Illinois",114750,2015
"1783349","Woodstock city, Illinois",56355,2015
"1782725","Witt city, Illinois",43472,2015
"1750751","Mound City city, Illinois",25515,2015
"1743094","Lexington city, Illinois",68224,2015
"1780060","West Chicago city, Illinois",69071,2015
"1737803","Irwin village, Illinois",61250,2015
"1706613","Bloomington city, Illinois",62254,2015
"1708446","Broadview village, Illinois",52873,2015
"1717549","Creve Coeur village, Illinois",42350,2015
"1758447","Pekin city, Illinois",48862,2015
"1772156","Spring Valley city, Illinois",43583,2015
"1767925","Scales Mound village, Illinois",43750,2015
"1708472","Broadwell village, Illinois",42500,2015
"1723269","Elkhart village, Illinois",57813,2015
"1729145","Gifford village, Illinois",59000,2015
"1707471","Bourbonnais village, Illinois",63624,2015
"1704303","Beach Park village, Illinois",68811,2015
"1732018","Gurnee village, Illinois",86849,2015
"1728248","Gages Lake CDP, Illinois",86370,2015
"1758265","Payson village, Illinois",45170,2015
"1726194","Fisher village, Illinois",56420,2015
"1741105","Lake Forest city, Illinois",155792,2015
"1753455","North Barrington village, Illinois",151250,2015
"1727455","Fox Lake Hills CDP, Illinois",65000,2015
"1734865","Highwood city, Illinois",50750,2015
"1722151","Easton village, Illinois",41250,2015
"1733513","Havana city, Illinois",34557,2015
"1746383","Manito village, Illinois",58295,2015
"1763043","Red Bud city, Illinois",60511,2015
"1772468","Steeleville village, Illinois",53667,2015
"1701543","Anna city, Illinois",38320,2015
"1744927","Louisville village, Illinois",38563,2015
"1769810","Sibley village, Illinois",39750,2015
"1783505","Worden village, Illinois",53945,2015
"1730926","Granite City city, Illinois",45357,2015
"1702609","Assumption city, Illinois",33843,2015
"1715001","Clinton city, Illinois",44490,2015
"1745278","Lyndon village, Illinois",52083,2015
"1763069","Redmon village, Illinois",50313,2015
"1738349","Jeisyville village, Illinois",41250,2015
"1757472","Pana city, Illinois",32399,2015
"1702557","Ashmore village, Illinois",51902,2015
"1707263","Bonnie village, Illinois",42404,2015
"1751726","Nason city, Illinois",28472,2015
"1730835","Grandview village, Illinois",39063,2015
"1764486","Riverton village, Illinois",55602,2015
"1771474","Spaulding village, Illinois",83333,2015
"1781854","Williamsville village, Illinois",84342,2015
"1752155","New Bedford village, Illinois",51250,2015
"1755379","Ohio village, Illinois",55625,2015
"1727624","Frankfort village, Illinois",111152,2015
"1744225","Lockport city, Illinois",78522,2015
"1759052","Peotone village, Illinois",78506,2015
"1743133","Liberty village, Illinois",41964,2015
"1743445","Lima village, Illinois",44625,2015
"1735814","Homer village, Illinois",50474,2015
"1741346","Lake of the Woods CDP, Illinois",37460,2015
"1745174","Ludlow village, Illinois",39583,2015
"1723256","Elk Grove Village village, Illinois",68527,2015
"1729730","Glendale Heights village, Illinois",59947,2015
"1727858","Freeman Spur village, Illinois",49375,2015
"1736815","Hurst city, Illinois",30000,2015
"1778656","Walshville village, Illinois",41250,2015
"1745616","McCullom Lake village, Illinois",48750,2015
"1746786","Marengo city, Illinois",57955,2015
"1720318","Donnellson village, Illinois",32917,2015
"1774561","Taylor Springs village, Illinois",40208,2015
"1764044","Ridott village, Illinois",39792,2015
"1723737","El Paso city, Illinois",46893,2015
"1728300","Galena city, Illinois",48537,2015
"1753195","Nora village, Illinois",51875,2015
"1723971","Emden village, Illinois",52143,2015
"1781165","Whiteash CDP, Illinois",43438,2015
"1747592","Maunie village, Illinois",38750,2015
"1753403","Norris City village, Illinois",37000,2015
"1774470","Tampico village, Illinois",36061,2015
"1717406","Crescent City village, Illinois",47500,2015
"1747280","Martinton village, Illinois",54688,2015
"1760209","Pittsburg village, Illinois",35625,2015
"1766794","St. Elmo city, Illinois",32708,2015
"1706171","Bishop Hill village, Illinois",47344,2015
"1708576","Brookfield village, Illinois",74875,2015
"1710487","Calumet City city, Illinois",38557,2015
"1734514","Hickory Hills city, Illinois",58709,2015
"1748242","Melrose Park village, Illinois",45459,2015
"1757394","Palos Hills city, Illinois",55666,2015
"1763706","Richton Park village, Illinois",53132,2015
"1748554","Merrionette Park village, Illinois",46016,2015
"1753000","Niles village, Illinois",51660,2015
"1754820","Oak Lawn village, Illinois",56185,2015
"1759572","Phoenix village, Illinois",31117,2015
"1753585","North City village, Illinois",55052,2015
"1780333","West Frankfort city, Illinois",33784,2015
"1778526","Walnut village, Illinois",50714,2015
"1764018","Ridgway village, Illinois",36458,2015
"1724543","Eureka city, Illinois",55337,2015
"1739038","Kappa village, Illinois",51964,2015
"1720370","Dorchester village, Illinois",47656,2015
"1734423","Hettick village, Illinois",58281,2015
"1751024","Mount Olive city, Illinois",48843,2015
"1772403","Staunton city, Illinois",41523,2015
"1710448","Calhoun village, Illinois",35625,2015
"1734007","Henderson village, Illinois",48542,2015
"1713165","Chesterfield village, Illinois",56250,2015
"1768406","Scottville village, Illinois",60313,2015
"1718563","Danville city, Illinois",34756,2015
"1769914","Sigel town, Illinois",52500,2015
"1715170","Coal City village, Illinois",64659,2015
"1717458","Crest Hill city, Illinois",50629,2015
"1719837","Diamond village, Illinois",64833,2015
"1727644","Frankfort Square CDP, Illinois",89763,2015
"1751622","Naperville city, Illinois",109468,2015
"1765442","Romeoville village, Illinois",70471,2015
"1783245","Woodridge village, Illinois",77182,2015
"1746110","Magnolia village, Illinois",45750,2015
"1722164","East Peoria city, Illinois",50877,2015
"1735307","Hinsdale village, Illinois",162722,2015
"1778929","Warrenville city, Illinois",75517,2015
"1765897","Rosiclare city, Illinois",19955,2015
"1710292","Cabery village, Illinois",38393,2015
"1724452","Essex village, Illinois",62500,2015
"1730991","Grant Park village, Illinois",60536,2015
"1715495","Colfax village, Illinois",56500,2015
"1772260","Stanford village, Illinois",56875,2015
"1751479","Murrayville village, Illinois",36875,2015
"1736126","Hopedale village, Illinois",50333,2015
"1747111","Marquette Heights city, Illinois",66875,2015
"1711358","Carpentersville village, Illinois",58008,2015
"1753442","North Aurora village, Illinois",78948,2015
"1727533","Fox River Grove village, Illinois",96102,2015
"1733851","Hebron village, Illinois",49500,2015
"1738479","Johnsburg village, Illinois",98879,2015
"1776706","Union village, Illinois",64688,2015
"1733357","Harvel village, Illinois",40556,2015
"1776615","Ullin village, Illinois",20781,2015
"1773943","Sun River Terrace village, Illinois",23906,2015
"1712931","Chenoa city, Illinois",51958,2015
"1720643","Downs village, Illinois",66563,2015
"1731732","Gridley village, Illinois",63125,2015
"1775822","Towanda village, Illinois",52813,2015
"1783336","Woodson village, Illinois",53438,2015
"1750010","Monmouth city, Illinois",36067,2015
"1750790","Mound Station village, Illinois",67813,2015
"1733279","Hartford village, Illinois",41667,2015
"1776199","Troy city, Illinois",69137,2015
"1716366","Cordova village, Illinois",65815,2015
"1749867","Moline city, Illinois",49528,2015
"1766040","Round Lake Beach village, Illinois",61159,2015
"1766066","Round Lake Park village, Illinois",42355,2015
"1777694","Vernon Hills village, Illinois",92201,2015
"1771240","South Roxana village, Illinois",41000,2015
"1754703","Oak Grove village, Illinois",26944,2015
"1763420","Reynolds village, Illinois",52813,2015
"1771448","Sparta city, Illinois",37264,2015
"1721605","East Cape Girardeau village, Illinois",35167,2015
"1708992","Brownstown village, Illinois",45625,2015
"1762627","Ramsey village, Illinois",39438,2015
"1709317","Buckley village, Illinois",41563,2015
"1714468","Cissna Park village, Illinois",37411,2015
"1710630","Cambria village, Illinois",34167,2015
"1750244","Monticello city, Illinois",71859,2015
"1738869","Kane village, Illinois",33750,2015
"1764811","Rockbridge village, Illinois",37059,2015
"1756978","Otterville town, Illinois",23438,2015
"1721358","Dwight village, Illinois",60049,2015
"1744576","Long Point village, Illinois",51094,2015
"1761015","Pontiac city, Illinois",47805,2015
"1748645","Metropolis city, Illinois",31875,2015
"1718225","Cutler village, Illinois",42125,2015
"1708953","Browning village, Illinois",50000,2015
"1711176","Carbon Hill village, Illinois",47708,2015
"1747397","Maryville village, Illinois",80500,2015
"1752415","New Douglas village, Illinois",56563,2015
"1701426","Andalusia village, Illinois",65637,2015
"1717077","Coyne Center CDP, Illinois",66048,2015
"1715807","Colp village, Illinois",32143,2015
"1765104","Rock Island Arsenal CDP, Illinois",57321,2015
"1750543","Morrisonville village, Illinois",53672,2015
"1750829","Mount Auburn village, Illinois",52941,2015
"1762822","Rapids City village, Illinois",83177,2015
"1700737","Alhambra village, Illinois",52679,2015
"1710695","Camden village, Illinois",38409,2015
"1747254","Martinsville city, Illinois",38565,2015
"1779241","Watson village, Illinois",43438,2015
"1729431","Gladstone village, Illinois",33750,2015
"1762848","Raritan village, Illinois",55000,2015
"1752103","Newark village, Illinois",76500,2015
"1767548","Sandwich city, Illinois",56261,2015
"1705612","Bethany village, Illinois",40481,2015
"1715599","Collinsville city, Illinois",50015,2015
"1777395","Varna village, Illinois",46000,2015
"1760937","Polo city, Illinois",42361,2015
"1762588","Raleigh village, Illinois",41500,2015
"1762523","Radom village, Illinois",40625,2015
"1705404","Berkeley village, Illinois",63516,2015
"1706704","Blue Island city, Illinois",37670,2015
"1765962","Rossville village, Illinois",49348,2015
"1775172","Thomson village, Illinois",56250,2015
"1723022","Eldred village, Illinois",37321,2015
"1754144","North Riverside village, Illinois",59821,2015
"1764304","River Forest village, Illinois",99250,2015
"1765338","Rolling Meadows city, Illinois",62299,2015
"1770122","Skokie village, Illinois",66999,2015
"1773157","Streamwood village, Illinois",74854,2015
"1782530","Winnetka village, Illinois",211773,2015
"1730133","Golconda city, Illinois",24926,2015
"1710591","Camargo village, Illinois",41750,2015
"1704715","Belknap village, Illinois",NA,2015
"1777863","Vienna city, Illinois",33438,2015
"1706470","Blandinsville village, Illinois",41429,2015
"1768198","Sciota village, Illinois",70625,2015
"1745031","Loves Park city, Illinois",50917,2015
"1761977","Prophetstown city, Illinois",43250,2015
"1742080","La Prairie village, Illinois",45500,2015
"1768081","Schiller Park village, Illinois",49111,2015
"1766768","St. David village, Illinois",41932,2015
"1766800","Ste. Marie village, Illinois",47500,2015
"1783765","Yale village, Illinois",48250,2015
"1773703","Sumner city, Illinois",33125,2015
"1718719","Davis Junction village, Illinois",67438,2015
"1754586","Oakdale village, Illinois",51667,2015
"1763719","Richview village, Illinois",38438,2015
"1777408","Venedy village, Illinois",56250,2015
"1701010","Alsip village, Illinois",53517,2015
"1750920","Mount Clare village, Illinois",38750,2015
"1769563","Shipman town, Illinois",63125,2015
"1782075","Wilmette village, Illinois",132110,2015
"1757225","Palatine village, Illinois",71573,2015
"1765819","Rosemont village, Illinois",48110,2015
"1770850","South Holland village, Illinois",66010,2015
"1712970","Cherry village, Illinois",52206,2015
"1719499","De Pue village, Illinois",38250,2015
"1749516","Mineral village, Illinois",36250,2015
"1733383","Harvey city, Illinois",22014,2015
"1738830","Justice village, Illinois",50172,2015
"1739519","Kenilworth village, Illinois",203333,2015
"1743744","Lincolnwood village, Illinois",94329,2015
"1746058","Maeystown village, Illinois",50417,2015
"1779150","Waterloo city, Illinois",73765,2015
"1783687","Wyoming city, Illinois",39850,2015
"1741456","Lake Summerset CDP, Illinois",62593,2015
"1765611","Roscoe village, Illinois",74093,2015
"1703207","Avon village, Illinois",44500,2015
"1725531","Farmington city, Illinois",52674,2015
"1740559","Lacon city, Illinois",48359,2015
"1700295","Adeline village, Illinois",50417,2015
"1772702","Stillman Valley village, Illinois",58056,2015
"1728261","Galatia village, Illinois",33661,2015
"1736347","Hoyleton village, Illinois",60694,2015
"1740182","Kirkwood village, Illinois",57857,2015
"1755106","Oblong village, Illinois",37131,2015
"1711007","Canton city, Illinois",37643,2015
"1721098","Dunfermline village, Illinois",43750,2015
"1737647","Ipava village, Illinois",47143,2015
"1765754","Rose Hill village, Illinois",28750,2015
"1766404","Russellville village, Illinois",40625,2015
"1727065","Forreston village, Illinois",50114,2015
"1751271","Muddy village, Illinois",38125,2015
"1702531","Ashley city, Illinois",37159,2015
"1712164","Centralia city, Illinois",34455,2015
"1737777","Irvington village, Illinois",57143,2015
"1710936","Candlewick Lake CDP, Illinois",52451,2015
"1754404","Norwood village, Illinois",51250,2015
"1742912","Leonore village, Illinois",44583,2015
"1740117","Kinmundy city, Illinois",35385,2015
"1742496","Lebanon city, Illinois",64712,2015
"1753871","Northlake city, Illinois",53170,2015
"1708186","Bridgeport city, Illinois",39444,2015
"1710240","Byron city, Illinois",49345,2015
"1705573","Berwyn city, Illinois",57355,2015
"1729171","Gilberts village, Illinois",110524,2015
"1718706","Davis village, Illinois",56765,2015
"1710877","Camp Point village, Illinois",42240,2015
"1715846","Columbus village, Illinois",38750,2015
"1711462","Carrollton city, Illinois",42025,2015
"1725960","Fidelity village, Illinois",22188,2015
"1726012","Fieldon village, Illinois",46625,2015
"1738414","Jerseyville city, Illinois",50232,2015
"1727026","Forrest village, Illinois",52813,2015
"1777317","Vandalia city, Illinois",42194,2015
"1715664","Colona city, Illinois",59071,2015
"1728846","Geneseo city, Illinois",58382,2015
"1729639","Glen Carbon village, Illinois",70225,2015
"1734670","Highland city, Illinois",53642,2015
"1766859","St. Jacob village, Illinois",80750,2015
"1763056","Reddick village, Illinois",62250,2015
"1703454","Baldwin village, Illinois",47500,2015
"1765221","Rockwood village, Illinois",44107,2015
"1774873","Thebes village, Illinois",21875,2015
"1737621","Iola village, Illinois",31250,2015
"1766599","Sailor Springs village, Illinois",31750,2015
"1767132","St. Peter village, Illinois",37813,2015
"1781815","Williamson village, Illinois",35000,2015
"1710916","Campus village, Illinois",42750,2015
"1768822","Shabbona village, Illinois",51944,2015
"1723776","Elsah village, Illinois",46563,2015
"1773170","Streator city, Illinois",39935,2015
"1759884","Pinckneyville city, Illinois",38631,2015
"1714117","Chillicothe city, Illinois",47429,2015
"1759000","Peoria city, Illinois",45552,2015
"1725141","Fairview Heights city, Illinois",59948,2015
"1752116","New Athens village, Illinois",56389,2015
"1700555","Albers village, Illinois",73906,2015
"1703181","Aviston village, Illinois",81632,2015
"1704533","Beckemeyer village, Illinois",41250,2015
"1764421","Riverside village, Illinois",97727,2015
"1770629","South Chicago Heights village, Illinois",32286,2015
"1772676","Stickney village, Illinois",51491,2015
"1773638","Summit village, Illinois",42070,2015
"1707913","Breese city, Illinois",62210,2015
"1744082","Little York village, Illinois",43750,2015
"1740065","Kingston village, Illinois",67344,2015
"1769758","Shorewood village, Illinois",93955,2015
"1714442","Cisco village, Illinois",61094,2015
"1732499","Hammond village, Illinois",49545,2015
"1709148","Brussels village, Illinois",41250,2015
"1732850","Hardin village, Illinois",50694,2015
"1718030","Cullom village, Illinois",40000,2015
"1708706","Brookport city, Illinois",34485,2015
"1774444","Tamaroa village, Illinois",36761,2015
"1744056","Littleton village, Illinois",50156,2015
"1766339","Rushville city, Illinois",40278,2015
"1712294","Chadwick village, Illinois",50350,2015
"1783739","Xenia village, Illinois",40625,2015
"1706964","Bluford village, Illinois",44583,2015
"1720123","Dix village, Illinois",16471,2015
"1764148","Rio village, Illinois",57614,2015
"1777811","Victoria village, Illinois",44000,2015
"1779124","Wataga village, Illinois",46250,2015
"1724062","Emington village, Illinois",39167,2015
"1771175","South Pekin village, Illinois",45875,2015
"1712385","Champaign city, Illinois",42094,2015
"1726662","Foosland village, Illinois",38750,2015
"1719226","Delavan city, Illinois",47500,2015
"1731563","Green Valley village, Illinois",50278,2015
"1754092","North Pekin village, Illinois",51964,2015
"1709681","Bureau Junction village, Illinois",45714,2015
"1738778","Junction village, Illinois",41875,2015
"1769082","Shawneetown city, Illinois",29318,2015
"1733318","Hartsburg village, Illinois",47083,2015
"1742249","Latham village, Illinois",47917,2015
"1700646","Aledo city, Illinois",46216,2015
"1754560","Oakbrook Terrace city, Illinois",68167,2015
"1777993","Villa Park village, Illinois",70176,2015
"1709304","Buckingham village, Illinois",54583,2015
"1711826","Cave-In-Rock village, Illinois",26250,2015
"1721683","East Dubuque city, Illinois",40078,2015
"1723165","Elizabeth village, Illinois",38375,2015
"1702752","Atlanta city, Illinois",51375,2015
"1743536","Lincoln city, Illinois",42683,2015
"1722957","El Dara village, Illinois",68583,2015
"1720526","Dover village, Illinois",35000,2015
"1746240","Malden village, Illinois",34286,2015
"1775549","Tiskilwa village, Illinois",46500,2015
"1723191","Elizabethtown village, Illinois",23906,2015
"1736190","Hopkins Park village, Illinois",19417,2015
"1750777","Mounds city, Illinois",20227,2015
"1762211","Pulaski village, Illinois",19750,2015
"1772780","Stockton village, Illinois",37500,2015
"1751882","Nebo village, Illinois",30192,2015
"1740416","Knoxville city, Illinois",48487,2015
"1767795","Saunemin village, Illinois",43125,2015
"1716691","Country Club Hills city, Illinois",55148,2015
"1736841","Hutsonville village, Illinois",48875,2015
"1771422","Sparland village, Illinois",46607,2015
"1737712","Iroquois village, Illinois",44375,2015
"1738674","Joppa village, Illinois",31406,2015
"1779267","Wauconda village, Illinois",74646,2015
"1772949","Stonington village, Illinois",58125,2015
"1711124","Capron village, Illinois",52700,2015
"1700997","Alsey village, Illinois",31250,2015
"1705261","Benson village, Illinois",46806,2015
"1756341","Orangeville village, Illinois",43333,2015
"1782543","Winslow village, Illinois",40750,2015
"1715989","Compton village, Illinois",52143,2015
"1720162","Dixon city, Illinois",47924,2015
"1720045","Divernon village, Illinois",54313,2015
"1739233","Keenes village, Illinois",36250,2015
"1750933","Mount Erie village, Illinois",39375,2015
"1742769","Leland Grove city, Illinois",97656,2015
"1761548","Prairie City village, Illinois",36563,2015
"1740676","La Fayette village, Illinois",34167,2015
"1701673","Apple River village, Illinois",33750,2015
"1732707","Hanover village, Illinois",40938,2015
"1726116","Findlay village, Illinois",40179,2015
"1726480","Florence village, Illinois",19844,2015
"1752311","New Canton town, Illinois",38750,2015
"1702102","Arlington village, Illinois",51250,2015
"1741794","La Moille village, Illinois",50875,2015
"1746422","Manlius village, Illinois",29737,2015
"1751999","Neponset village, Illinois",51319,2015
"1738427","Jewett village, Illinois",33750,2015
"1755756","Old Shawneetown village, Illinois",19375,2015
"1756003","Omaha village, Illinois",35000,2015
"1714767","Clayton village, Illinois",25750,2015
"1715261","Coatsburg village, Illinois",47500,2015
"1753390","Norris village, Illinois",36250,2015
"1711397","Carrier Mills village, Illinois",30286,2015
"1703610","Bannockburn village, Illinois",103611,2015
"1709447","Buffalo Grove village, Illinois",100098,2015
"1730900","Grandwood Park CDP, Illinois",97125,2015
"1740988","Lake Catherine CDP, Illinois",66563,2015
"1733630","Hawthorn Woods village, Illinois",152781,2015
"1743250","Libertyville village, Illinois",115709,2015
"1775081","Third Lake village, Illinois",109375,2015
"1748671","Mettawa village, Illinois",131719,2015
"1753559","North Chicago city, Illinois",41250,2015
"1778227","Volo village, Illinois",90131,2015
"1779293","Waukegan city, Illinois",45845,2015
"1784220","Zion city, Illinois",46313,2015
"1730978","Grantfork village, Illinois",70625,2015
"1744160","Livingston village, Illinois",42583,2015
"1752701","New Milford village, Illinois",55000,2015
"1742184","LaSalle city, Illinois",41706,2015
"1728807","Gays village, Illinois",44375,2015
"1711644","Caseyville village, Illinois",36798,2015
"1725414","Farmer City city, Illinois",50854,2015
"1779449","Waynesville village, Illinois",60375,2015
"1779683","Weldon village, Illinois",41750,2015
"1728638","Gardner village, Illinois",63636,2015
"1750491","Morris city, Illinois",56750,2015
"1709531","Bull Valley village, Illinois",112708,2015
"1709759","Burlington village, Illinois",62000,2015
"1735411","Hoffman Estates village, Illinois",84583,2015
"1743406","Lily Lake village, Illinois",102250,2015
"1772221","Standard village, Illinois",39250,2015
"1779033","Washington city, Illinois",71964,2015
"1712801","Chebanse village, Illinois",64637,2015
"1704897","Bellflower village, Illinois",52604,2015
"1716210","Cooksville village, Illinois",43000,2015
"1748606","Metamora village, Illinois",52203,2015
"1724920","Fairmont CDP, Illinois",46500,2015
"1764928","Rock Falls city, Illinois",35361,2015
"1736542","Humboldt village, Illinois",46818,2015
"1769342","Sherman village, Illinois",88313,2015
"1760287","Plainfield village, Illinois",111521,2015
"1700685","Algonquin village, Illinois",97839,2015
"1759988","Pingree Grove village, Illinois",76258,2015
"1772923","Stone Park village, Illinois",36097,2015
"1775185","Thornton village, Illinois",45650,2015
"1783518","Worth village, Illinois",55702,2015
"1701881","Arcola city, Illinois",49303,2015
"1708875","Broughton village, Illinois",23750,2015
"1760833","Plymouth village, Illinois",38173,2015
"1721280","Durand village, Illinois",45078,2015
"1745726","Machesney Park village, Illinois",54655,2015
"1760339","Plainville village, Illinois",45208,2015
"1754885","Oak Park village, Illinois",80196,2015
"1734098","Hennepin village, Illinois",61042,2015
"1737608","Inverness village, Illinois",161838,2015
"1747007","Markham city, Illinois",34433,2015
"1764616","Robbins village, Illinois",23614,2015
"1780047","Westchester village, Illinois",71479,2015
"1704351","Beardstown city, Illinois",38224,2015
"1712450","Chandlerville village, Illinois",39792,2015
"1719200","De Land village, Illinois",34659,2015
"1704117","Batchtown village, Illinois",66875,2015
"1784155","Zeigler city, Illinois",34036,2015
"1730770","Grand Tower city, Illinois",31250,2015
"1738856","Kampsville village, Illinois",34375,2015
"1750868","Mount Carmel city, Illinois",40616,2015
"1765078","Rock Island city, Illinois",41243,2015
"1769979","Silvis city, Illinois",43976,2015
"1739259","Keensburg village, Illinois",43906,2015
"1740884","Lake Barrington village, Illinois",90938,2015
"1744524","Long Grove village, Illinois",188182,2015
"1764538","Riverwoods village, Illinois",174145,2015
"1766027","Round Lake village, Illinois",72659,2015
"1766053","Round Lake Heights village, Illinois",60403,2015
"1777460","Venetian Village CDP, Illinois",64663,2015
"1778370","Wadsworth village, Illinois",87303,2015
"1769368","Sherrard village, Illinois",55833,2015
"1751128","Mount Pulaski city, Illinois",56250,2015
"1738739","Joy village, Illinois",51250,2015
"1753793","North Henderson village, Illinois",40938,2015
"1703948","Barry city, Illinois",35000,2015
"1769186","Shelbyville city, Illinois",38359,2015
"1711618","Casey city, Illinois",41179,2015
"1775601","Toledo village, Illinois",36450,2015
"1778851","Warren village, Illinois",47266,2015
"1748853","Middletown village, Illinois",43750,2015
"1711332","Carol Stream village, Illinois",73229,2015
"1727689","Franklin Grove village, Illinois",53214,2015
"1757303","Palmer village, Illinois",46875,2015
"1711033","Cantrall village, Illinois",NA,2015
"1724816","Fairfield city, Illinois",34596,2015
"1704598","Beecher City village, Illinois",35938,2015
"1731992","Gulf Port village, Illinois",51250,2015
"1708524","Brocton village, Illinois",43000,2015
"1732200","Hainesville village, Illinois",85909,2015
"1719031","Deer Grove village, Illinois",45000,2015
"1704585","Beecher village, Illinois",62768,2015
"1761860","Preston Heights CDP, Illinois",47330,2015
"1724179","Enfield village, Illinois",28571,2015
"1735047","Hillsboro city, Illinois",48860,2015
"1718940","Deer Creek village, Illinois",62500,2015
"1746981","Mark village, Illinois",43558,2015
"1703675","Bardolph village, Illinois",31250,2015
"1770590","South Beloit city, Illinois",64525,2015
"1732395","Hamburg village, Illinois",30417,2015
"1766924","St. Johns village, Illinois",50156,2015
"1729125","Gibson City city, Illinois",41450,2015
"1701242","Alvan village, Illinois",42125,2015
"1755470","Okawville village, Illinois",61724,2015
"1709642","Burbank city, Illinois",53105,2015
"1760599","Pleasant Plains village, Illinois",62917,2015
"1774860","Thayer village, Illinois",51429,2015
"1701140","Altona village, Illinois",47500,2015
"1734982","Hillcrest village, Illinois",61364,2015
"1758343","Pearl village, Illinois",21750,2015
"1760222","Pittsfield city, Illinois",38958,2015
"1749854","Mokena village, Illinois",100100,2015
"1749945","Monee village, Illinois",71959,2015
"1752584","New Lenox village, Illinois",99393,2015
"1772520","Steger village, Illinois",43118,2015
"1750881","Mount Carroll city, Illinois",39870,2015
"1719798","De Witt village, Illinois",42321,2015
"1746604","Maple Park village, Illinois",62261,2015
"1770720","South Elgin village, Illinois",89694,2015
"1731667","Greenwood village, Illinois",58125,2015
"1735515","Holiday Hills village, Illinois",60625,2015
"1745824","McLeansboro city, Illinois",35476,2015
"1718251","Cypress village, Illinois",37143,2015
"1752285","New Burnside village, Illinois",40179,2015
"1715378","Colchester city, Illinois",35647,2015
"1745889","Macomb city, Illinois",31392,2015
"1765884","Rosewood Heights CDP, Illinois",52854,2015
"1782218","Wilsonville village, Illinois",28810,2015
"1753143","Noble village, Illinois",40341,2015
"1732408","Hamel village, Illinois",69844,2015
"1759709","Pierron village, Illinois",32917,2015
"1761067","Pontoon Beach village, Illinois",45304,2015
"1780281","Westfield village, Illinois",43333,2015
"1701049","Altamont city, Illinois",39485,2015
"1743900","Lisbon village, Illinois",56250,2015
"1750218","Montgomery village, Illinois",79085,2015
"1701270","Amboy city, Illinois",41591,2015
"1703012","Aurora city, Illinois",63090,2015
"1782309","Windsor village, Illinois",54583,2015
"1704247","Baylis village, Illinois",25417,2015
"1719681","Detroit village, Illinois",52500,2015
"1755132","Oconee village, Illinois",42000,2015
"1717523","Crete village, Illinois",68068,2015
"1717939","Crystal Lawns CDP, Illinois",75224,2015
"1712203","Centreville city, Illinois",16553,2015
"1728898","Genoa city, Illinois",53608,2015
"1766989","St. Libory village, Illinois",63750,2015
"1779085","Washington Park village, Illinois",26136,2015
"1716470","Cortland town, Illinois",75507,2015
"1780853","West Salem village, Illinois",43897,2015
"1721254","Dupo village, Illinois",44351,2015
"1727806","Freeburg village, Illinois",76786,2015
"1722645","Edinburg village, Illinois",52188,2015
"1746864","Marine village, Illinois",54545,2015
"1711150","Carbon Cliff village, Illinois",35045,2015
"1737179","Ina village, Illinois",34583,2015
"1778708","Waltonville village, Illinois",40000,2015
"1783206","Woodlawn village, Illinois",51250,2015
"1702583","Ashton village, Illinois",47625,2015
"1761925","Princeville village, Illinois",51618,2015
"1718823","Decatur city, Illinois",40679,2015
"1756471","Oreana village, Illinois",50543,2015
"1732668","Hanna City village, Illinois",60169,2015
"1751648","Naplate village, Illinois",44063,2015
"1702921","Auburn city, Illinois",63448,2015
"1718745","Dawson village, Illinois",56719,2015
"1748021","Mechanicsburg village, Illinois",47969,2015
"1756926","Ottawa city, Illinois",46477,2015
"1704052","Basco village, Illinois",34844,2015
"1706184","Bismarck village, Illinois",62250,2015
"1729236","Gillespie city, Illinois",40521,2015
"1753039","Nilwood town, Illinois",45625,2015
"1757329","Palmyra village, Illinois",35625,2015
"1733435","Harwood Heights village, Illinois",48174,2015
"1714026","Chicago Heights city, Illinois",41947,2015
"1714065","Chicago Ridge village, Illinois",45458,2015
"1723724","Elmwood Park village, Illinois",56196,2015
"1735879","Homewood village, Illinois",68384,2015
"1765845","Roseville village, Illinois",42406,2015
"1726350","Flat Rock village, Illinois",43250,2015
"1773027","Stoy village, Illinois",44116,2015
"1781074","Wheeler village, Illinois",39583,2015
"1742171","La Rose village, Illinois",32031,2015
"1753481","Northbrook village, Illinois",118480,2015
"1756627","Orland Hills village, Illinois",72500,2015
"1768705","Sesser city, Illinois",39516,2015
"1725895","Ferris village, Illinois",37679,2015
"1705092","Belvidere city, Illinois",49978,2015
"1761145","Poplar Grove village, Illinois",57404,2015
"1719616","De Soto village, Illinois",38688,2015
"1746214","Makanda village, Illinois",70833,2015
"1742587","Lee village, Illinois",48750,2015
"1773287","Sublette village, Illinois",43750,2015
"1709434","Buffalo village, Illinois",39000,2015
"1712684","Chatham village, Illinois",73895,2015
"1741404","Lake Petersburg CDP, Illinois",76513,2015
"1742002","Langleyville CDP, Illinois",78088,2015
"1742067","LaPlace CDP, Illinois",NA,2015
"1744836","Lost Nation CDP, Illinois",67500,2015
"1749698","Mitchell CDP, Illinois",47793,2015
"1751310","Mulkeytown CDP, Illinois",NA,2015
"1754924","Oak Run CDP, Illinois",64722,2015
"1755847","Olive Branch CDP, Illinois",35577,2015
"1755886","Olivet CDP, Illinois",53571,2015
"1756198","Opdyke CDP, Illinois",46354,2015
"1757160","Paderborn CDP, Illinois",NA,2015
"1758577","Penfield CDP, Illinois",61042,2015
"1761821","Prestbury CDP, Illinois",108750,2015
"1763355","Rentchler CDP, Illinois",NA,2015
"1768809","Seymour CDP, Illinois",26776,2015
"1774970","The Galena Territory CDP, Illinois",92721,2015
"1702342","Arrowsmith village, Illinois",46250,2015
"1766638","St. Anne village, Illinois",43981,2015
"1711215","Carlock village, Illinois",52188,2015
"1718537","Danvers village, Illinois",64868,2015
"1775159","Thompsonville village, Illinois",35795,2015
"1747553","Mattoon city, Illinois",37607,2015
"1709330","Buckner village, Illinois",25139,2015
"1724673","Ewing village, Illinois",38542,2015
"1777148","Valier village, Illinois",38000,2015
"1730588","Gorham village, Illinois",33750,2015
"1742756","Leland village, Illinois",53750,2015
"1754222","North Utica village, Illinois",55833,2015
"1755353","Oglesby city, Illinois",52611,2015
"1759234","Peru city, Illinois",46126,2015
"1708225","Bridgeview village, Illinois",50615,2015
"1729938","Glenview village, Illinois",93240,2015
"1712710","Chatsworth town, Illinois",27000,2015
"1700815","Allendale village, Illinois",47813,2015
"1731524","Greenup village, Illinois",30699,2015
"1761366","Potomac village, Illinois",43625,2015
"1767769","Sauk Village village, Illinois",41970,2015
"1728326","Galesburg city, Illinois",32962,2015
"1708264","Brighton village, Illinois",61250,2015
"1739129","Kaskaskia village, Illinois",NA,2015
"1762757","Ransom village, Illinois",53333,2015
"1775757","Topeka village, Illinois",51250,2015
"1706899","Bluffs village, Illinois",43313,2015
"1700113","Abingdon city, Illinois",36169,2015
"1711774","Catlin village, Illinois",63864,2015
"1774301","Table Grove village, Illinois",48571,2015
"1782491","Winnebago village, Illinois",70417,2015
"1717471","Creston village, Illinois",50781,2015
"1764174","Ripley village, Illinois",36250,2015
"1700230","Addieville village, Illinois",69375,2015
"1720149","Dixmoor village, Illinois",38061,2015
"1755002","Oakwood village, Illinois",50048,2015
"1770161","Sleepy Hollow village, Illinois",94250,2015
"1768120","Schram City village, Illinois",39063,2015
"1775848","Tower Hill village, Illinois",44028,2015
"1782686","Winthrop Harbor village, Illinois",77837,2015
"1777941","Villa Grove city, Illinois",42500,2015
"1765156","Rockton village, Illinois",72925,2015
"1722073","East Moline city, Illinois",43459,2015
"1775263","Tilden village, Illinois",36513,2015
"1764278","Riverdale village, Illinois",32301,2015
"1771370","South Wilmington village, Illinois",62917,2015
"1721267","Du Quoin city, Illinois",29708,2015
"1733877","Hecker village, Illinois",51250,2015
"1701946","Arenzville village, Illinois",59500,2015
"1704975","Bellwood village, Illinois",48978,2015
"1711163","Carbondale city, Illinois",17764,2015
"1778604","Walnut Hill village, Illinois",28750,2015
"1755249","O'Fallon city, Illinois",76722,2015
"1728170","Fults village, Illinois",111250,2015
"1718628","Darien city, Illinois",80048,2015
"1741742","Lake Zurich village, Illinois",108669,2015
"1744381","Lomax village, Illinois",30795,2015
"1759104","Percy village, Illinois",35139,2015
"1756601","Orion village, Illinois",59539,2015
"1773261","Stronghurst village, Illinois",44583,2015
"1739077","Karnak village, Illinois",35938,2015
"1766703","St. Charles city, Illinois",86150,2015
"1741326","Lakemoor village, Illinois",78186,2015
"1755041","Oakwood Hills village, Illinois",81161,2015
"1782855","Wonder Lake village, Illinois",72150,2015
"1715209","Coalton village, Illinois",33542,2015
"1725440","Farmersville village, Illinois",52188,2015
"1737738","Irving village, Illinois",45167,2015
"1778383","Waggoner village, Illinois",30000,2015
"1755899","Olmsted village, Illinois",32273,2015
"1729093","German Valley village, Illinois",60313,2015
"1742834","Lena village, Illinois",55982,2015
"1704273","Bay View Gardens village, Illinois",41042,2015
"1739753","Keyesport village, Illinois",31477,2015
"1782270","Winchester city, Illinois",41250,2015
"1774847","Thawville village, Illinois",50625,2015
"1731368","Greenfield city, Illinois",35417,2015
"1735203","Hillview village, Illinois",46563,2015
"1730653","Grafton city, Illinois",48750,2015
"1726311","Flanagan village, Illinois",49297,2015
"1773131","Strawn village, Illinois",52500,2015
"1739857","Kilbourne village, Illinois",29375,2015
"1708303","Brimfield village, Illinois",62067,2015
"1721176","Dunlap village, Illinois",105313,2015
"1765403","Rome CDP, Illinois",56250,2015
"1754625","Oakford village, Illinois",44375,2015
"1760872","Pocahontas village, Illinois",39053,2015
"1770525","Sorento village, Illinois",25375,2015
"1758239","Paxton city, Illinois",49072,2015
"1760079","Piper City village, Illinois",43750,2015
"1714936","Clifton village, Illinois",57500,2015
"1741214","Lake Ka-Ho village, Illinois",35417,2015
"1704845","Belleville city, Illinois",43318,2015
"1767821","Savanna city, Illinois",33203,2015
"1707640","Braceville village, Illinois",56023,2015
"1706756","Blue Mound village, Illinois",51875,2015
"1760352","Plano city, Illinois",53338,2015
"1784038","Yorkville city, Illinois",89850,2015
"1733227","Harristown village, Illinois",64000,2015
"1745941","Macon city, Illinois",45486,2015
"1778916","Warrensburg village, Illinois",58500,2015
"1701205","Alto Pass village, Illinois",29931,2015
"1726454","Flora city, Illinois",38774,2015
"1701491","Andover village, Illinois",55536,2015
"1701569","Annawan town, Illinois",46458,2015
"1718992","Deerfield village, Illinois",137423,2015
"1705599","Bethalto village, Illinois",57759,2015
"1721553","East Alton village, Illinois",38235,2015
"1740910","Lake Bluff village, Illinois",145500,2015
"1741586","Lake Villa village, Illinois",85234,2015
"1743666","Lincolnshire village, Illinois",102260,2015
"1743770","Lindenhurst village, Illinois",85625,2015
"1754781","Oakland city, Illinois",44519,2015
"1756536","Orient city, Illinois",36250,2015
"1766209","Royalton village, Illinois",34250,2015
"1703103","Ava city, Illinois",43438,2015
"1723373","Elkville village, Illinois",37125,2015
"1718485","Dana village, Illinois",31875,2015
"1738921","Kangley village, Illinois",52500,2015
"1700919","Alma village, Illinois",31250,2015
"1773495","Sullivan city, Illinois",38351,2015
"1708667","Brooklyn village, Illinois",12917,2015
"1715235","Coal Valley village, Illinois",68854,2015
"1781087","Wheeling village, Illinois",56110,2015
"1730094","Godfrey village, Illinois",65145,2015
"1732564","Hampton village, Illinois",68850,2015
"1749009","Milan village, Illinois",39795,2015
"1742971","Le Roy city, Illinois",59564,2015
"1714572","Clarendon Hills village, Illinois",105720,2015
"1729756","Glen Ellyn village, Illinois",97039,2015
"1737907","Itasca village, Illinois",76496,2015
"1753234","Normal town, Illinois",52102,2015
"1727663","Franklin village, Illinois",59583,2015
"1709356","Buda village, Illinois",42750,2015
"1740598","Ladd village, Illinois",57303,2015
"1768471","Seatonville village, Illinois",51094,2015
"1769147","Sheffield village, Illinois",38125,2015
"1744719","Loraine village, Illinois",38977,2015
"1719161","DeKalb city, Illinois",37954,2015
"1740156","Kirkland village, Illinois",60000,2015
"1716405","Cornell village, Illinois",41563,2015
"1765481","Roodhouse city, Illinois",31840,2015
"1755171","Odell village, Illinois",54489,2015
"1711293","Carmi city, Illinois",36759,2015
"1717783","Crossville village, Illinois",33500,2015
"1731165","Grayville city, Illinois",34145,2015
"1759520","Phillipstown village, Illinois",NA,2015
"1728144","Fulton city, Illinois",52933,2015
"1766131","Roxana village, Illinois",45076,2015
"1777473","Venice city, Illinois",20505,2015
"1783271","Wood River city, Illinois",41349,2015
"1761223","Port Byron village, Illinois",74792,2015
"1704936","Bellmont village, Illinois",31875,2015
"1783102","Woodland village, Illinois",41923,2015
"1717185","Crainville village, Illinois",53906,2015
"1717289","Creal Springs city, Illinois",37964,2015
"1734358","Herrin city, Illinois",40046,2015
"1735073","Hillsdale village, Illinois",46000,2015
"1746916","Marion city, Illinois",42839,2015
"1722567","Edgewood village, Illinois",39185,2015
"1722736","Effingham city, Illinois",43760,2015
"1747449","Mason town, Illinois",40313,2015
"1750283","Montrose village, Illinois",36477,2015
"1756237","Oquawka village, Illinois",38932,2015
"1744264","Loda village, Illinois",42813,2015
"1757576","Papineau village, Illinois",81875,2015
"1738544","Johnston City city, Illinois",31149,2015
"1759312","Petersburg city, Illinois",36071,2015
"1702882","Atwood village, Illinois",51042,2015
"1712268","Cerro Gordo village, Illinois",58537,2015
"1705300","Benton city, Illinois",36770,2015
"1729483","Glasford village, Illinois",50515,2015
"1749386","Millstadt village, Illinois",66492,2015
"1752142","New Baden village, Illinois",64702,2015
"1769524","Shiloh village, Illinois",80383,2015
"1702674","Athens city, Illinois",55000,2015
"1780073","West City village, Illinois",33462,2015
"1731589","Greenville city, Illinois",45320,2015
"1702479","Ashkum village, Illinois",63000,2015
"1738791","Junction City village, Illinois",38750,2015
"1767236","Salem city, Illinois",37972,2015
"1710370","Cahokia village, Illinois",28168,2015
"1779007","Washburn village, Illinois",46917,2015
"1721826","East Galesburg village, Illinois",50938,2015
"1766196","Royal Lakes village, Illinois",36875,2015
"1772234","Standard City village, Illinois",32375,2015
"1755912","Olney city, Illinois",36627,2015
"1736061","Hoopeston city, Illinois",41362,2015
"1737348","Indianola village, Illinois",50938,2015
"1751336","Muncie village, Illinois",40833,2015
"1744173","Loami village, Illinois",43125,2015
"1762367","Quincy city, Illinois",40850,2015
"1777044","Ursa village, Illinois",42778,2015
"1708420","Broadlands village, Illinois",60000,2015
"1758174","Pawnee village, Illinois",60345,2015
"1738323","Jeffersonville village, Illinois",35000,2015
"1738531","Johnsonville village, Illinois",31071,2015
"1779436","Wayne City village, Illinois",45707,2015
"1764135","Ringwood village, Illinois",94167,2015
"1776160","Trout Valley village, Illinois",148750,2015
"1715352","Coffeen city, Illinois",35833,2015
"1753169","Nokomis city, Illinois",39506,2015
"1757498","Panama village, Illinois",40000,2015
"1779826","Wenonah village, Illinois",77813,2015
"1716119","Congerville village, Illinois",70114,2015
"1730445","Goodfield village, Illinois",99286,2015
"1732967","Harmon village, Illinois",36250,2015
"1758226","Paw Paw village, Illinois",44659,2015
"1714845","Clear Lake village, Illinois",46250,2015
"1745369","Lynnville village, Illinois",38750,2015
"1705248","Bensenville village, Illinois",61520,2015
"1759273","Pesotum village, Illinois",60250,2015
"1762783","Rantoul village, Illinois",38769,2015
"1769875","Sidney village, Illinois",54375,2015
"1765806","Roselle village, Illinois",77650,2015
"1782400","Winfield village, Illinois",91409,2015
"1734384","Herscher village, Illinois",69650,2015
"1704572","Bedford Park village, Illinois",54219,2015
"1714351","Cicero town, Illinois",41866,2015
"1726710","Ford Heights village, Illinois",21050,2015
"1727702","Franklin Park village, Illinois",55926,2015
"1729652","Glencoe village, Illinois",180208,2015
"1768328","Scott AFB CDP, Illinois",45114,2015
"1770252","Smithton village, Illinois",84702,2015
"1774119","Swansea village, Illinois",68078,2015
"1726753","Forest City village, Illinois",43750,2015
"1747475","Mason City city, Illinois",35735,2015
"1720292","Dolton village, Illinois",45346,2015
"1726571","Flossmoor village, Illinois",94074,2015
"1730029","Glenwood village, Illinois",54544,2015
"1757277","Palestine village, Illinois",35855,2015
"1725063","Fairview village, Illinois",55096,2015
"1746825","Marietta village, Illinois",43792,2015
"1717055","Cowden village, Illinois",27000,2015
"1734332","Herrick village, Illinois",30000,2015
"1751232","Moweaqua village, Illinois",50234,2015
"1707770","Braidwood city, Illinois",58313,2015
"1737465","Ingalls Park CDP, Illinois",57788,2015
"1746357","Manhattan village, Illinois",81445,2015
"1757732","Park Forest village, Illinois",44040,2015
"1783817","Yates City village, Illinois",52188,2015
"1748138","Medora village, Illinois",43438,2015
"1714533","Claremont village, Illinois",44583,2015
"1726233","Fithian village, Illinois",49844,2015
"1776511","Twin Grove CDP, Illinois",102554,2015
"1780879","West Union CDP, Illinois",46146,2015
"1780957","West York CDP, Illinois",40481,2015
"1781295","White Heath CDP, Illinois",41250,2015
"1730510","Goofy Ridge CDP, Illinois",15000,2015
"1780255","Westervelt CDP, Illinois",31389,2015
"1779228","Watseka city, Illinois",36511,2015
"1779735","Wellington village, Illinois",44167,2015
"1772884","Stonefort village, Illinois",37083,2015
"1705144","Bement village, Illinois",56146,2015
"1746487","Mansfield village, Illinois",45000,2015
"1746279","Malta village, Illinois",56667,2015
"1774223","Sycamore city, Illinois",64080,2015
"1781256","White Hall city, Illinois",35833,2015
"1782088","Wilmington village, Illinois",35625,2015
"1748073","Media village, Illinois",58333,2015
"1781867","Willisville village, Illinois",26250,2015
"1769797","Shumway village, Illinois",40417,2015
"1718420","Dallas City city, Illinois",44545,2015
"1701972","Argenta village, Illinois",64875,2015
"1747072","Maroa city, Illinois",48958,2015
"1723503","Ellis Grove village, Illinois",40588,2015
"1781938","Willowbrook CDP, Illinois",64650,2015
"1735671","Hollowayville village, Illinois",70500,2015
"1712008","Cedarville village, Illinois",45893,2015
"1764837","Rock City village, Illinois",51750,2015
"1749568","Minonk city, Illinois",50776,2015
"1757524","Panola village, Illinois",69167,2015
"1751180","Mount Vernon city, Illinois",36218,2015
"1772624","Steward village, Illinois",55938,2015
"1738375","Jerome village, Illinois",44647,2015
"1712528","Chapin village, Illinois",45833,2015
"1711514","Carterville city, Illinois",49129,2015
"1718498","Danforth village, Illinois",51250,2015
"1720331","Donovan village, Illinois",40313,2015
"1729275","Gilman city, Illinois",43413,2015
"1724166","Energy village, Illinois",46625,2015
"1771526","Spillertown village, Illinois",35250,2015
"1714273","Chrisman city, Illinois",43500,2015
"1748632","Metcalf village, Illinois",26875,2015
"1777551","Vermilion village, Illinois",30833,2015
"1774574","Taylorville city, Illinois",42480,2015
"1707224","Bone Gap village, Illinois",41563,2015
"1708979","Browns village, Illinois",37375,2015
"1705274","Bentley town, Illinois",31250,2015
"1700243","Addison village, Illinois",54928,2015
"1727884","Freeport city, Illinois",36302,2015
"1729080","Germantown Hills village, Illinois",103472,2015
"1772650","Stewardson village, Illinois",48456,2015
"1773040","Strasburg village, Illinois",51563,2015
"1741716","Lakewood Shores CDP, Illinois",55529,2015
"1749607","Minooka village, Illinois",80810,2015
"1756640","Orland Park village, Illinois",81453,2015
"1764902","Rockdale village, Illinois",54083,2015
"1774275","Symerton village, Illinois",56250,2015
"1775484","Tinley Park village, Illinois",74215,2015
"1782101","Wilmington city, Illinois",56007,2015
"1745694","McHenry city, Illinois",62625,2015
"1772052","Spring Grove village, Illinois",105595,2015
"1720591","Downers Grove village, Illinois",83513,2015
"1754534","Oak Brook village, Illinois",132778,2015
"1745564","McCook village, Illinois",43750,2015
"1751089","Mount Prospect village, Illinois",69520,2015
"1754638","Oak Forest city, Illinois",69866,2015
"1755938","Olympia Fields village, Illinois",91895,2015
"1757381","Palos Heights city, Illinois",78727,2015
"1770564","South Barrington village, Illinois",173650,2015
"1780242","Western Springs village, Illinois",141607,2015
"1782049","Willow Springs village, Illinois",77770,2015
"1735281","Hindsboro village, Illinois",52000,2015
"1765000","Rockford city, Illinois",38716,2015
"1707692","Bradford village, Illinois",44211,2015
"1777265","Valmeyer village, Illinois",74554,2015
"1758408","Pecatonica village, Illinois",52500,2015
"1707211","Bondville village, Illinois",47500,2015
"1755275","Ogden village, Illinois",67679,2015
"1759533","Philo village, Illinois",73828,2015
"1766950","St. Joseph village, Illinois",68365,2015
"1775107","Thomasboro village, Illinois",46912,2015
"1721579","East Brooklyn village, Illinois",45938,2015
"1728963","Georgetown city, Illinois",39750,2015
"1769836","Sidell village, Illinois",42639,2015
"1780931","Westville village, Illinois",41831,2015
"1711202","Carlinville city, Illinois",40250,2016
"1721410","Eagarville village, Illinois",48750,2016
"1757043","Owaneco village, Illinois",42500,2016
"1734137","Henning village, Illinois",55500,2016
"1700880","Allerton village, Illinois",58125,2016
"1757693","Parkersburg village, Illinois",48000,2016
"1704689","Belgium village, Illinois",34375,2016
"1762744","Rankin village, Illinois",44688,2016
"1775783","Toulon city, Illinois",44783,2016
"1722398","Eddyville village, Illinois",17500,2016
"1710110","Bushnell city, Illinois",37548,2016
"1737439","Industry village, Illinois",57083,2016
"1713074","Cherry Valley village, Illinois",58750,2016
"1765104","Rock Island Arsenal CDP, Illinois",56071,2016
"1750543","Morrisonville village, Illinois",54706,2016
"1750829","Mount Auburn village, Illinois",53676,2016
"1762822","Rapids City village, Illinois",79271,2016
"1700737","Alhambra village, Illinois",55250,2016
"1710695","Camden village, Illinois",38194,2016
"1747254","Martinsville city, Illinois",39044,2016
"1767860","Savoy village, Illinois",61646,2016
"1746331","Manchester village, Illinois",40000,2016
"1743939","Lisle village, Illinois",79819,2016
"1761899","Princeton city, Illinois",41566,2016
"1773391","Sugar Grove village, Illinois",104754,2016
"1704793","Belle Prairie City town, Illinois",60179,2016
"1724764","Fairbury city, Illinois",40083,2016
"1740091","Kingston Mines village, Illinois",43750,2016
"1769212","Sheldon village, Illinois",36538,2016
"1737998","Ivesdale village, Illinois",49531,2016
"1783622","Wyanet village, Illinois",44773,2016
"1714923","Cleveland village, Illinois",48438,2016
"1782985","Wood Dale city, Illinois",63650,2016
"1778175","Virgil village, Illinois",93056,2016
"1745785","Mackinaw village, Illinois",56111,2016
"1750621","Morton village, Illinois",73263,2016
"1703883","Barrington Hills village, Illinois",131324,2016
"1780125","West Dundee village, Illinois",80087,2016
"1733331","Harvard city, Illinois",46742,2016
"1736750","Huntley village, Illinois",76998,2016
"1741183","Lake in the Hills village, Illinois",85895,2016
"1760144","Pistakee Highlands CDP, Illinois",65912,2016
"1763641","Richmond village, Illinois",43681,2016
"1748359","Menominee village, Illinois",66250,2016
"1752545","New Holland village, Illinois",61250,2016
"1739298","Keithsburg city, Illinois",35481,2016
"1775419","Time village, Illinois",18750,2016
"1777187","Valley City village, Illinois",NA,2016
"1707133","Bolingbrook village, Illinois",80285,2016
"1723945","Elwood village, Illinois",64881,2016
"1730120","Godley village, Illinois",57109,2016
"1747540","Matteson village, Illinois",80639,2016
"1776935","University Park village, Illinois",46721,2016
"1738570","Joliet city, Illinois",61834,2016
"1781802","Williamsfield village, Illinois",48125,2016
"1752116","New Athens village, Illinois",53233,2016
"1700555","Albers village, Illinois",65417,2016
"1703181","Aviston village, Illinois",83628,2016
"1704533","Beckemeyer village, Illinois",53403,2016
"1764421","Riverside village, Illinois",100696,2016
"1770629","South Chicago Heights village, Illinois",35721,2016
"1772676","Stickney village, Illinois",60910,2016
"1773638","Summit village, Illinois",47421,2016
"1707913","Breese city, Illinois",67005,2016
"1780281","Westfield village, Illinois",48667,2016
"1701049","Altamont city, Illinois",36744,2016
"1779241","Watson village, Illinois",43854,2016
"1729431","Gladstone village, Illinois",31406,2016
"1762848","Raritan village, Illinois",44063,2016
"1752103","Newark village, Illinois",73000,2016
"1767548","Sandwich city, Illinois",58636,2016
"1705612","Bethany village, Illinois",41296,2016
"1715599","Collinsville city, Illinois",52675,2016
"1777395","Varna village, Illinois",49375,2016
"1760937","Polo city, Illinois",41389,2016
"1762588","Raleigh village, Illinois",38750,2016
"1762523","Radom village, Illinois",40938,2016
"1705404","Berkeley village, Illinois",69938,2016
"1706704","Blue Island city, Illinois",41305,2016
"1765962","Rossville village, Illinois",50769,2016
"1775172","Thomson village, Illinois",61974,2016
"1723022","Eldred village, Illinois",30682,2016
"1710877","Camp Point village, Illinois",44688,2016
"1715846","Columbus village, Illinois",NA,2016
"1711462","Carrollton city, Illinois",44133,2016
"1725960","Fidelity village, Illinois",30000,2016
"1726012","Fieldon village, Illinois",46250,2016
"1738414","Jerseyville city, Illinois",43699,2016
"1727026","Forrest village, Illinois",55893,2016
"1777317","Vandalia city, Illinois",44455,2016
"1715664","Colona city, Illinois",61875,2016
"1728846","Geneseo city, Illinois",60531,2016
"1729639","Glen Carbon village, Illinois",81658,2016
"1734670","Highland city, Illinois",55941,2016
"1766859","St. Jacob village, Illinois",75104,2016
"1763056","Reddick village, Illinois",62000,2016
"1703454","Baldwin village, Illinois",38125,2016
"1765221","Rockwood village, Illinois",55625,2016
"1774873","Thebes village, Illinois",28125,2016
"1737621","Iola village, Illinois",35250,2016
"1766599","Sailor Springs village, Illinois",31563,2016
"1767132","St. Peter village, Illinois",42014,2016
"1781815","Williamson village, Illinois",43125,2016
"1710916","Campus village, Illinois",43295,2016
"1768822","Shabbona village, Illinois",54722,2016
"1723776","Elsah village, Illinois",46250,2016
"1773170","Streator city, Illinois",40688,2016
"1759884","Pinckneyville city, Illinois",35189,2016
"1714117","Chillicothe city, Illinois",48325,2016
"1759000","Peoria city, Illinois",46547,2016
"1725141","Fairview Heights city, Illinois",62165,2016
"1743900","Lisbon village, Illinois",58542,2016
"1750218","Montgomery village, Illinois",80900,2016
"1701270","Amboy city, Illinois",43155,2016
"1778708","Waltonville village, Illinois",39861,2016
"1783206","Woodlawn village, Illinois",50938,2016
"1702583","Ashton village, Illinois",47337,2016
"1761925","Princeville village, Illinois",52414,2016
"1718823","Decatur city, Illinois",40777,2016
"1756471","Oreana village, Illinois",47344,2016
"1732668","Hanna City village, Illinois",57721,2016
"1751648","Naplate village, Illinois",48125,2016
"1702921","Auburn city, Illinois",62386,2016
"1718745","Dawson village, Illinois",55417,2016
"1748021","Mechanicsburg village, Illinois",54306,2016
"1756926","Ottawa city, Illinois",45541,2016
"1704052","Basco village, Illinois",38750,2016
"1706184","Bismarck village, Illinois",62500,2016
"1729236","Gillespie city, Illinois",47125,2016
"1753039","Nilwood town, Illinois",44107,2016
"1757329","Palmyra village, Illinois",34609,2016
"1733435","Harwood Heights village, Illinois",51365,2016
"1714026","Chicago Heights city, Illinois",40611,2016
"1714065","Chicago Ridge village, Illinois",43103,2016
"1723724","Elmwood Park village, Illinois",53947,2016
"1735879","Homewood village, Illinois",71653,2016
"1765845","Roseville village, Illinois",43102,2016
"1726350","Flat Rock village, Illinois",40313,2016
"1773027","Stoy village, Illinois",68750,2016
"1781074","Wheeler village, Illinois",34286,2016
"1742171","La Rose village, Illinois",30938,2016
"1753481","Northbrook village, Illinois",115243,2016
"1756627","Orland Hills village, Illinois",76311,2016
"1768705","Sesser city, Illinois",39125,2016
"1725895","Ferris village, Illinois",39750,2016
"1705092","Belvidere city, Illinois",47586,2016
"1761145","Poplar Grove village, Illinois",76222,2016
"1719616","De Soto village, Illinois",41453,2016
"1746214","Makanda village, Illinois",62188,2016
"1742587","Lee village, Illinois",51964,2016
"1773287","Sublette village, Illinois",45781,2016
"1709434","Buffalo village, Illinois",38750,2016
"1712684","Chatham village, Illinois",80808,2016
"1741404","Lake Petersburg CDP, Illinois",61250,2016
"1742002","Langleyville CDP, Illinois",69583,2016
"1742067","LaPlace CDP, Illinois",63472,2016
"1744836","Lost Nation CDP, Illinois",76786,2016
"1749698","Mitchell CDP, Illinois",46765,2016
"1751310","Mulkeytown CDP, Illinois",NA,2016
"1754924","Oak Run CDP, Illinois",64625,2016
"1755847","Olive Branch CDP, Illinois",33125,2016
"1755886","Olivet CDP, Illinois",35139,2016
"1756198","Opdyke CDP, Illinois",70179,2016
"1757160","Paderborn CDP, Illinois",NA,2016
"1758577","Penfield CDP, Illinois",45833,2016
"1761821","Prestbury CDP, Illinois",92411,2016
"1763355","Rentchler CDP, Illinois",NA,2016
"1768809","Seymour CDP, Illinois",31958,2016
"1774970","The Galena Territory CDP, Illinois",83304,2016
"1776511","Twin Grove CDP, Illinois",104792,2016
"1780879","West Union CDP, Illinois",45156,2016
"1780957","West York CDP, Illinois",44118,2016
"1781295","White Heath CDP, Illinois",NA,2016
"1730510","Goofy Ridge CDP, Illinois",19500,2016
"1780255","Westervelt CDP, Illinois",33190,2016
"1779228","Watseka city, Illinois",37645,2016
"1779735","Wellington village, Illinois",53125,2016
"1772884","Stonefort village, Illinois",37500,2016
"1705144","Bement village, Illinois",44450,2016
"1746487","Mansfield village, Illinois",46184,2016
"1746279","Malta village, Illinois",60391,2016
"1774223","Sycamore city, Illinois",67132,2016
"1781256","White Hall city, Illinois",37188,2016
"1782088","Wilmington village, Illinois",45208,2016
"1748073","Media village, Illinois",51875,2016
"1781867","Willisville village, Illinois",26750,2016
"1769797","Shumway village, Illinois",40781,2016
"1718420","Dallas City city, Illinois",46406,2016
"1701972","Argenta village, Illinois",61500,2016
"1747072","Maroa city, Illinois",50673,2016
"1723503","Ellis Grove village, Illinois",38750,2016
"1781938","Willowbrook CDP, Illinois",63250,2016
"1735671","Hollowayville village, Illinois",71875,2016
"1712008","Cedarville village, Illinois",45000,2016
"1764837","Rock City village, Illinois",52969,2016
"1749568","Minonk city, Illinois",53365,2016
"1757524","Panola village, Illinois",93125,2016
"1751180","Mount Vernon city, Illinois",34876,2016
"1772624","Steward village, Illinois",63333,2016
"1738375","Jerome village, Illinois",49048,2016
"1712528","Chapin village, Illinois",45179,2016
"1711514","Carterville city, Illinois",48421,2016
"1718498","Danforth village, Illinois",51000,2016
"1720331","Donovan village, Illinois",39688,2016
"1729275","Gilman city, Illinois",43350,2016
"1724166","Energy village, Illinois",45938,2016
"1771526","Spillertown village, Illinois",37292,2016
"1714273","Chrisman city, Illinois",44583,2016
"1748632","Metcalf village, Illinois",36042,2016
"1777551","Vermilion village, Illinois",45179,2016
"1774574","Taylorville city, Illinois",42782,2016
"1707224","Bone Gap village, Illinois",41250,2016
"1708979","Browns village, Illinois",45625,2016
"1705274","Bentley town, Illinois",31250,2016
"1700243","Addison village, Illinois",56203,2016
"1723620","Elmhurst city, Illinois",100671,2016
"1707744","Bradley village, Illinois",59468,2016
"1768003","Schaumburg village, Illinois",75658,2016
"1781919","Willowbrook village, Illinois",67047,2016
"1738934","Kankakee city, Illinois",33931,2016
"1749893","Momence city, Illinois",62578,2016
"1776771","Union Hill village, Illinois",72083,2016
"1723555","Ellsworth village, Illinois",68750,2016
"1716054","Concord village, Illinois",45893,2016
"1770889","South Jacksonville village, Illinois",51807,2016
"1731017","Granville village, Illinois",51538,2016
"1756887","Oswego village, Illinois",97537,2016
"1727091","Forsyth village, Illinois",76579,2016
"1744498","Long Creek village, Illinois",80859,2016
"1751206","Mount Zion village, Illinois",66125,2016
"1720305","Dongola village, Illinois",34375,2016
"1738635","Jonesboro city, Illinois",47083,2016
"1749178","Mill Creek village, Illinois",90875,2016
"1714715","Clay City village, Illinois",40603,2016
"1706028","Bingham village, Illinois",29792,2016
"1700971","Alpha village, Illinois",46786,2016
"1702726","Atkinson town, Illinois",46875,2016
"1710643","Cambridge village, Illinois",57604,2016
"1783063","Woodhull village, Illinois",56042,2016
"1703844","Barrington village, Illinois",119688,2016
"1746136","Mahomet village, Illinois",86612,2016
"1766534","Sadorus village, Illinois",60500,2016
"1709980","Burr Ridge village, Illinois",126771,2016
"1763862","Ridge Farm village, Illinois",40694,2016
"1775276","Tilton village, Illinois",42460,2016
"1739909","Kincaid village, Illinois",37107,2016
"1700568","Albion city, Illinois",39471,2016
"1704806","Belle Rive village, Illinois",41458,2016
"1751947","Nelson village, Illinois",36250,2016
"1780008","West Brooklyn village, Illinois",37917,2016
"1737127","Illiopolis village, Illinois",54091,2016
"1770759","Southern View village, Illinois",46333,2016
"1772000","Springfield city, Illinois",50191,2016
"1778149","Virden city, Illinois",47625,2016
"1741859","Lanark city, Illinois",48571,2016
"1749191","Milledgeville village, Illinois",46369,2016
"1739532","Kenney village, Illinois",51635,2016
"1777707","Verona village, Illinois",58125,2016
"1712567","Charleston city, Illinois",27004,2016
"1714286","Christopher city, Illinois",34444,2016
"1748333","Mendota city, Illinois",44625,2016
"1768640","Seneca village, Illinois",63372,2016
"1774743","Teutopolis village, Illinois",71750,2016
"1709889","Burnt Prairie village, Illinois",41250,2016
"1752220","New Boston city, Illinois",41250,2016
"1768458","Seaton village, Illinois",50625,2016
"1731771","Griggsville city, Illinois",43393,2016
"1752805","New Salem village, Illinois",29375,2016
"1782322","Windsor city, Illinois",37500,2016
"1712476","Channahon village, Illinois",89957,2016
"1700516","Albany village, Illinois",46635,2016
"1716873","Countryside city, Illinois",53750,2016
"1711527","Carthage city, Illinois",45536,2016
"1740832","La Harpe city, Illinois",37176,2016
"1751791","Nauvoo city, Illinois",50259,2016
"1761080","Pontoosuc village, Illinois",42813,2016
"1768991","Shannon village, Illinois",41310,2016
"1778773","Wapella village, Illinois",45625,2016
"1747787","Mazon village, Illinois",61944,2016
"1736477","Huey village, Illinois",30469,2016
"1751661","Naples town, Illinois",44583,2016
"1704507","Beaverville village, Illinois",35938,2016
"1752623","Newman city, Illinois",41250,2016
"1745642","Macedonia village, Illinois",39167,2016
"1730458","Good Hope village, Illinois",56406,2016
"1702479","Ashkum village, Illinois",55833,2016
"1738791","Junction City village, Illinois",37059,2016
"1767236","Salem city, Illinois",40295,2016
"1710370","Cahokia village, Illinois",28439,2016
"1779007","Washburn village, Illinois",51607,2016
"1721826","East Galesburg village, Illinois",46786,2016
"1766196","Royal Lakes village, Illinois",36250,2016
"1772234","Standard City village, Illinois",35833,2016
"1755912","Olney city, Illinois",36743,2016
"1736061","Hoopeston city, Illinois",37820,2016
"1737348","Indianola village, Illinois",56250,2016
"1751336","Muncie village, Illinois",38750,2016
"1744173","Loami village, Illinois",50577,2016
"1762367","Quincy city, Illinois",42078,2016
"1777044","Ursa village, Illinois",47778,2016
"1708420","Broadlands village, Illinois",53125,2016
"1758174","Pawnee village, Illinois",65817,2016
"1738323","Jeffersonville village, Illinois",37500,2016
"1738531","Johnsonville village, Illinois",28750,2016
"1779436","Wayne City village, Illinois",45571,2016
"1717055","Cowden village, Illinois",32083,2016
"1734332","Herrick village, Illinois",26071,2016
"1751232","Moweaqua village, Illinois",51442,2016
"1707770","Braidwood city, Illinois",61074,2016
"1737465","Ingalls Park CDP, Illinois",44183,2016
"1746357","Manhattan village, Illinois",86536,2016
"1757732","Park Forest village, Illinois",44713,2016
"1783817","Yates City village, Illinois",51071,2016
"1748138","Medora village, Illinois",41875,2016
"1714533","Claremont village, Illinois",46071,2016
"1726233","Fithian village, Illinois",50294,2016
"1771643","Springerton village, Illinois",46250,2016
"1770005","Simpson village, Illinois",35313,2016
"1703571","Banner village, Illinois",56875,2016
"1709161","Bryant village, Illinois",43750,2016
"1743055","Lewistown city, Illinois",44259,2016
"1744121","Liverpool village, Illinois",45375,2016
"1742405","Lawrenceville city, Illinois",36292,2016
"1736150","Hopewell village, Illinois",73750,2016
"1704078","Batavia city, Illinois",89932,2016
"1728872","Geneva city, Illinois",100284,2016
"1711592","Cary village, Illinois",98715,2016
"1779397","Wayne village, Illinois",145875,2016
"1727442","Fox Lake village, Illinois",53846,2016
"1761678","Prairie Grove village, Illinois",108929,2016
"1710149","Butler village, Illinois",28750,2016
"1743965","Litchfield city, Illinois",38629,2016
"1723698","Elmwood city, Illinois",57270,2016
"1731576","Greenview village, Illinois",54688,2016
"1755717","Old Ripley village, Illinois",28750,2016
"1724699","Exeter village, Illinois",62813,2016
"1718472","Damiansville village, Illinois",64750,2016
"1739441","Kempton village, Illinois",64375,2016
"1710084","Bush village, Illinois",35625,2016
"1749048","Milford village, Illinois",37500,2016
"1756081","Onarga village, Illinois",42404,2016
"1757654","Park City city, Illinois",41796,2016
"1775874","Tower Lakes village, Illinois",172946,2016
"1769277","Sheridan village, Illinois",54318,2016
"1776225","Troy Grove village, Illinois",54250,2016
"1725375","Farina village, Illinois",37976,2016
"1737933","Iuka village, Illinois",45313,2016
"1758057","Patoka village, Illinois",45357,2016
"1700867","Allenville village, Illinois",51458,2016
"1700958","Alorton village, Illinois",20100,2016
"1725713","Fayetteville village, Illinois",54500,2016
"1744446","London Mills village, Illinois",37500,2016
"1746695","Maquon village, Illinois",42917,2016
"1766677","St. Augustine village, Illinois",42917,2016
"1705209","Benld city, Illinois",39783,2016
"1721852","East Gillespie village, Illinois",61071,2016
"1749802","Modesto village, Illinois",50625,2016
"1767873","Sawyerville village, Illinois",39792,2016
"1781191","White City village, Illinois",50625,2016
"1724985","Fairmount village, Illinois",41250,2016
"1747163","Marshall city, Illinois",42938,2016
"1719915","Dieterich village, Illinois",46500,2016
"1705898","Biggsville village, Illinois",52500,2016
"1716613","Coulterville village, Illinois",35000,2016
"1721540","Earlville city, Illinois",43917,2016
"1761639","Prairie du Rocher village, Illinois",41563,2016
"1732616","Hanaford village, Illinois",34250,2016
"1710773","Campbell Hill village, Illinois",50227,2016
"1718446","Dalton City village, Illinois",58864,2016
"1764759","Rochester village, Illinois",89750,2016
"1714455","Cisne village, Illinois",32292,2016
"1711982","Cedar Point village, Illinois",62813,2016
"1744823","Lostant village, Illinois",61250,2016
"1712151","Central City village, Illinois",36500,2016
"1767444","Sandoval village, Illinois",35547,2016
"1770031","Sims village, Illinois",42143,2016
"1756159","Oneida city, Illinois",62946,2016
"1729392","Girard city, Illinois",41198,2016
"1750920","Mount Clare village, Illinois",39167,2016
"1769563","Shipman town, Illinois",61875,2016
"1782075","Wilmette village, Illinois",138651,2016
"1757225","Palatine village, Illinois",75066,2016
"1765819","Rosemont village, Illinois",46875,2016
"1737179","Ina village, Illinois",40221,2016
"1770850","South Holland village, Illinois",63006,2016
"1712970","Cherry village, Illinois",61250,2016
"1719499","De Pue village, Illinois",38250,2016
"1751349","Mundelein village, Illinois",79426,2016
"1749516","Mineral village, Illinois",36250,2016
"1733383","Harvey city, Illinois",21909,2016
"1738830","Justice village, Illinois",50088,2016
"1739519","Kenilworth village, Illinois",211023,2016
"1743744","Lincolnwood village, Illinois",96222,2016
"1746058","Maeystown village, Illinois",37250,2016
"1779150","Waterloo city, Illinois",70534,2016
"1783687","Wyoming city, Illinois",37619,2016
"1741456","Lake Summerset CDP, Illinois",64167,2016
"1765611","Roscoe village, Illinois",76463,2016
"1703207","Avon village, Illinois",48750,2016
"1725531","Farmington city, Illinois",49784,2016
"1740559","Lacon city, Illinois",48786,2016
"1700295","Adeline village, Illinois",50417,2016
"1772702","Stillman Valley village, Illinois",61125,2016
"1728261","Galatia village, Illinois",28309,2016
"1736347","Hoyleton village, Illinois",52159,2016
"1740182","Kirkwood village, Illinois",53750,2016
"1755106","Oblong village, Illinois",37330,2016
"1711007","Canton city, Illinois",39248,2016
"1721098","Dunfermline village, Illinois",43889,2016
"1737647","Ipava village, Illinois",44821,2016
"1765754","Rose Hill village, Illinois",29464,2016
"1766404","Russellville village, Illinois",34063,2016
"1727065","Forreston village, Illinois",41799,2016
"1751271","Muddy village, Illinois",34375,2016
"1702531","Ashley city, Illinois",38984,2016
"1712164","Centralia city, Illinois",32613,2016
"1737777","Irvington village, Illinois",62273,2016
"1710936","Candlewick Lake CDP, Illinois",57357,2016
"1754404","Norwood village, Illinois",56250,2016
"1742912","Leonore village, Illinois",50625,2016
"1740117","Kinmundy city, Illinois",37721,2016
"1742496","Lebanon city, Illinois",60273,2016
"1753871","Northlake city, Illinois",54808,2016
"1708186","Bridgeport city, Illinois",42292,2016
"1710240","Byron city, Illinois",50265,2016
"1705573","Berwyn city, Illinois",59574,2016
"1729171","Gilberts village, Illinois",123399,2016
"1718706","Davis village, Illinois",55096,2016
"1772780","Stockton village, Illinois",37679,2016
"1751882","Nebo village, Illinois",23750,2016
"1740416","Knoxville city, Illinois",49330,2016
"1767795","Saunemin village, Illinois",39688,2016
"1716691","Country Club Hills city, Illinois",56317,2016
"1736841","Hutsonville village, Illinois",50313,2016
"1771422","Sparland village, Illinois",43864,2016
"1737712","Iroquois village, Illinois",49375,2016
"1738674","Joppa village, Illinois",31000,2016
"1779267","Wauconda village, Illinois",76886,2016
"1772949","Stonington village, Illinois",55313,2016
"1711124","Capron village, Illinois",51641,2016
"1700997","Alsey village, Illinois",24792,2016
"1752467","New Grand Chain village, Illinois",39792,2016
"1734449","Heyworth village, Illinois",74674,2016
"1723529","Ellisville village, Illinois",36458,2016
"1780762","West Point village, Illinois",44500,2016
"1705443","Berlin village, Illinois",46250,2016
"1752168","New Berlin village, Illinois",62647,2016
"1749308","Millington village, Illinois",60625,2016
"1709577","Bunker Hill city, Illinois",45522,2016
"1762016","Prospect Heights city, Illinois",63150,2016
"1709551","Buncombe village, Illinois",46250,2016
"1774665","Tennessee village, Illinois",45417,2016
"1748307","Mendon village, Illinois",53971,2016
"1734358","Herrin city, Illinois",41653,2016
"1735073","Hillsdale village, Illinois",56250,2016
"1746916","Marion city, Illinois",43146,2016
"1722567","Edgewood village, Illinois",40714,2016
"1722736","Effingham city, Illinois",44536,2016
"1747449","Mason town, Illinois",37734,2016
"1750283","Montrose village, Illinois",37500,2016
"1756237","Oquawka village, Illinois",39278,2016
"1744264","Loda village, Illinois",37500,2016
"1757576","Papineau village, Illinois",49167,2016
"1738544","Johnston City city, Illinois",26453,2016
"1759312","Petersburg city, Illinois",38056,2016
"1702882","Atwood village, Illinois",50855,2016
"1712268","Cerro Gordo village, Illinois",59022,2016
"1705300","Benton city, Illinois",37148,2016
"1729483","Glasford village, Illinois",52083,2016
"1749386","Millstadt village, Illinois",66537,2016
"1752142","New Baden village, Illinois",65335,2016
"1769524","Shiloh village, Illinois",81146,2016
"1702674","Athens city, Illinois",52222,2016
"1780073","West City village, Illinois",30875,2016
"1731589","Greenville city, Illinois",49109,2016
"1760287","Plainfield village, Illinois",116896,2016
"1711332","Carol Stream village, Illinois",73104,2016
"1727689","Franklin Grove village, Illinois",52692,2016
"1757303","Palmer village, Illinois",56875,2016
"1711033","Cantrall village, Illinois",64167,2016
"1724816","Fairfield city, Illinois",37857,2016
"1704598","Beecher City village, Illinois",40227,2016
"1731992","Gulf Port village, Illinois",53750,2016
"1708524","Brocton village, Illinois",46250,2016
"1732200","Hainesville village, Illinois",80682,2016
"1719031","Deer Grove village, Illinois",80250,2016
"1704585","Beecher village, Illinois",61670,2016
"1761860","Preston Heights CDP, Illinois",43000,2016
"1724179","Enfield village, Illinois",27333,2016
"1735047","Hillsboro city, Illinois",42841,2016
"1718940","Deer Creek village, Illinois",65083,2016
"1746981","Mark village, Illinois",48977,2016
"1703675","Bardolph village, Illinois",28333,2016
"1770590","South Beloit city, Illinois",62785,2016
"1732395","Hamburg village, Illinois",33125,2016
"1766924","St. Johns village, Illinois",42708,2016
"1729125","Gibson City city, Illinois",42281,2016
"1701242","Alvan village, Illinois",45313,2016
"1755470","Okawville village, Illinois",64022,2016
"1709642","Burbank city, Illinois",54735,2016
"1760599","Pleasant Plains village, Illinois",60469,2016
"1774860","Thayer village, Illinois",52188,2016
"1701140","Altona village, Illinois",50625,2016
"1734982","Hillcrest village, Illinois",58000,2016
"1758343","Pearl village, Illinois",NA,2016
"1760222","Pittsfield city, Illinois",38293,2016
"1749854","Mokena village, Illinois",98662,2016
"1749945","Monee village, Illinois",69381,2016
"1752584","New Lenox village, Illinois",102273,2016
"1772520","Steger village, Illinois",42492,2016
"1750881","Mount Carroll city, Illinois",39864,2016
"1719798","De Witt village, Illinois",41667,2016
"1746604","Maple Park village, Illinois",64239,2016
"1770720","South Elgin village, Illinois",87738,2016
"1731667","Greenwood village, Illinois",59706,2016
"1735515","Holiday Hills village, Illinois",68917,2016
"1745824","McLeansboro city, Illinois",36719,2016
"1718251","Cypress village, Illinois",37143,2016
"1752285","New Burnside village, Illinois",33500,2016
"1715378","Colchester city, Illinois",35000,2016
"1745889","Macomb city, Illinois",35459,2016
"1765884","Rosewood Heights CDP, Illinois",52628,2016
"1782218","Wilsonville village, Illinois",28558,2016
"1753143","Noble village, Illinois",45000,2016
"1732408","Hamel village, Illinois",72000,2016
"1759709","Pierron village, Illinois",31806,2016
"1761067","Pontoon Beach village, Illinois",55494,2016
"1766131","Roxana village, Illinois",45486,2016
"1777473","Venice city, Illinois",21701,2016
"1783271","Wood River city, Illinois",41143,2016
"1761223","Port Byron village, Illinois",69940,2016
"1704936","Bellmont village, Illinois",44375,2016
"1783102","Woodland village, Illinois",44250,2016
"1717185","Crainville village, Illinois",59097,2016
"1717289","Creal Springs city, Illinois",27031,2016
"1714572","Clarendon Hills village, Illinois",111981,2016
"1729756","Glen Ellyn village, Illinois",101967,2016
"1737907","Itasca village, Illinois",82269,2016
"1753234","Normal town, Illinois",54496,2016
"1727663","Franklin village, Illinois",56042,2016
"1709356","Buda village, Illinois",41691,2016
"1740598","Ladd village, Illinois",61346,2016
"1768471","Seatonville village, Illinois",47344,2016
"1769147","Sheffield village, Illinois",41250,2016
"1744719","Loraine village, Illinois",42188,2016
"1719161","DeKalb city, Illinois",38647,2016
"1740156","Kirkland village, Illinois",55729,2016
"1716405","Cornell village, Illinois",43333,2016
"1765481","Roodhouse city, Illinois",30533,2016
"1755171","Odell village, Illinois",57946,2016
"1711293","Carmi city, Illinois",37213,2016
"1717783","Crossville village, Illinois",31500,2016
"1731165","Grayville city, Illinois",36607,2016
"1759520","Phillipstown village, Illinois",NA,2016
"1728144","Fulton city, Illinois",48221,2016
"1764135","Ringwood village, Illinois",102250,2016
"1776160","Trout Valley village, Illinois",137083,2016
"1715352","Coffeen city, Illinois",31731,2016
"1753169","Nokomis city, Illinois",40292,2016
"1757498","Panama village, Illinois",41250,2016
"1779826","Wenonah village, Illinois",79000,2016
"1716119","Congerville village, Illinois",70750,2016
"1730445","Goodfield village, Illinois",98750,2016
"1732967","Harmon village, Illinois",34583,2016
"1758226","Paw Paw village, Illinois",46250,2016
"1714845","Clear Lake village, Illinois",45833,2016
"1745369","Lynnville village, Illinois",43333,2016
"1705248","Bensenville village, Illinois",62286,2016
"1759273","Pesotum village, Illinois",69500,2016
"1762783","Rantoul village, Illinois",41031,2016
"1769875","Sidney village, Illinois",60688,2016
"1765806","Roselle village, Illinois",79040,2016
"1782400","Winfield village, Illinois",96849,2016
"1734384","Herscher village, Illinois",66838,2016
"1704572","Bedford Park village, Illinois",63594,2016
"1714351","Cicero town, Illinois",42345,2016
"1726710","Ford Heights village, Illinois",23220,2016
"1727702","Franklin Park village, Illinois",57288,2016
"1729652","Glencoe village, Illinois",185320,2016
"1768328","Scott AFB CDP, Illinois",48472,2016
"1770252","Smithton village, Illinois",73250,2016
"1774119","Swansea village, Illinois",70615,2016
"1726753","Forest City village, Illinois",37500,2016
"1747475","Mason City city, Illinois",34549,2016
"1720292","Dolton village, Illinois",44511,2016
"1726571","Flossmoor village, Illinois",87179,2016
"1730029","Glenwood village, Illinois",56713,2016
"1757277","Palestine village, Illinois",33750,2016
"1725063","Fairview village, Illinois",54886,2016
"1746825","Marietta village, Illinois",37500,2016
"1777642","Vermont village, Illinois",45455,2016
"1734553","Hidalgo village, Illinois",53750,2016
"1752844","Newton city, Illinois",40658,2016
"1782010","Willow Hill village, Illinois",31944,2016
"1766833","St. Francisville city, Illinois",31765,2016
"1734163","Henry city, Illinois",48977,2016
"1732707","Hanover village, Illinois",40395,2016
"1726116","Findlay village, Illinois",40521,2016
"1726480","Florence village, Illinois",21042,2016
"1752311","New Canton town, Illinois",37292,2016
"1702102","Arlington village, Illinois",61875,2016
"1741794","La Moille village, Illinois",54167,2016
"1746422","Manlius village, Illinois",44000,2016
"1751999","Neponset village, Illinois",51923,2016
"1738427","Jewett village, Illinois",33750,2016
"1755756","Old Shawneetown village, Illinois",17188,2016
"1756003","Omaha village, Illinois",36750,2016
"1714767","Clayton village, Illinois",28750,2016
"1715261","Coatsburg village, Illinois",45750,2016
"1753390","Norris village, Illinois",31250,2016
"1711397","Carrier Mills village, Illinois",30217,2016
"1703610","Bannockburn village, Illinois",136250,2016
"1709447","Buffalo Grove village, Illinois",101376,2016
"1730900","Grandwood Park CDP, Illinois",101150,2016
"1740988","Lake Catherine CDP, Illinois",67891,2016
"1733630","Hawthorn Woods village, Illinois",156413,2016
"1743250","Libertyville village, Illinois",119125,2016
"1775081","Third Lake village, Illinois",111136,2016
"1748671","Mettawa village, Illinois",161250,2016
"1753559","North Chicago city, Illinois",42145,2016
"1778227","Volo village, Illinois",90293,2016
"1779293","Waukegan city, Illinois",46802,2016
"1784220","Zion city, Illinois",46735,2016
"1730978","Grantfork village, Illinois",71719,2016
"1744160","Livingston village, Illinois",42019,2016
"1752701","New Milford village, Illinois",42222,2016
"1742184","LaSalle city, Illinois",42653,2016
"1728807","Gays village, Illinois",40714,2016
"1711644","Caseyville village, Illinois",46029,2016
"1725414","Farmer City city, Illinois",54464,2016
"1779449","Waynesville village, Illinois",56500,2016
"1779683","Weldon village, Illinois",41591,2016
"1728638","Gardner village, Illinois",66705,2016
"1750491","Morris city, Illinois",56152,2016
"1709531","Bull Valley village, Illinois",122708,2016
"1709759","Burlington village, Illinois",76750,2016
"1735411","Hoffman Estates village, Illinois",88733,2016
"1743406","Lily Lake village, Illinois",108594,2016
"1772221","Standard village, Illinois",41029,2016
"1779033","Washington city, Illinois",71702,2016
"1700685","Algonquin village, Illinois",100027,2016
"1759988","Pingree Grove village, Illinois",76780,2016
"1766703","St. Charles city, Illinois",89971,2016
"1741326","Lakemoor village, Illinois",75718,2016
"1755041","Oakwood Hills village, Illinois",84432,2016
"1782855","Wonder Lake village, Illinois",71719,2016
"1715209","Coalton village, Illinois",33036,2016
"1725440","Farmersville village, Illinois",50917,2016
"1737738","Irving village, Illinois",32857,2016
"1778383","Waggoner village, Illinois",21875,2016
"1707471","Bourbonnais village, Illinois",67236,2016
"1704303","Beach Park village, Illinois",68838,2016
"1732018","Gurnee village, Illinois",88553,2016
"1728248","Gages Lake CDP, Illinois",94144,2016
"1758265","Payson village, Illinois",48182,2016
"1726194","Fisher village, Illinois",59620,2016
"1741105","Lake Forest city, Illinois",162117,2016
"1753455","North Barrington village, Illinois",156063,2016
"1727455","Fox Lake Hills CDP, Illinois",64537,2016
"1734865","Highwood city, Illinois",54189,2016
"1722151","Easton village, Illinois",41154,2016
"1733513","Havana city, Illinois",35268,2016
"1746383","Manito village, Illinois",61719,2016
"1763043","Red Bud city, Illinois",56735,2016
"1772468","Steeleville village, Illinois",50476,2016
"1701543","Anna city, Illinois",40655,2016
"1744927","Louisville village, Illinois",43000,2016
"1769810","Sibley village, Illinois",41071,2016
"1783505","Worden village, Illinois",54048,2016
"1730926","Granite City city, Illinois",46679,2016
"1733279","Hartford village, Illinois",47800,2016
"1776199","Troy city, Illinois",72054,2016
"1716366","Cordova village, Illinois",64167,2016
"1749867","Moline city, Illinois",51519,2016
"1766040","Round Lake Beach village, Illinois",63636,2016
"1766066","Round Lake Park village, Illinois",44185,2016
"1777694","Vernon Hills village, Illinois",95217,2016
"1771240","South Roxana village, Illinois",40896,2016
"1754703","Oak Grove village, Illinois",29464,2016
"1763420","Reynolds village, Illinois",56875,2016
"1771448","Sparta city, Illinois",40365,2016
"1721605","East Cape Girardeau village, Illinois",30125,2016
"1708992","Brownstown village, Illinois",47500,2016
"1762627","Ramsey village, Illinois",39659,2016
"1709317","Buckley village, Illinois",41458,2016
"1714468","Cissna Park village, Illinois",37143,2016
"1710630","Cambria village, Illinois",37500,2016
"1750244","Monticello city, Illinois",76632,2016
"1738869","Kane village, Illinois",29615,2016
"1764811","Rockbridge village, Illinois",37500,2016
"1756978","Otterville town, Illinois",24000,2016
"1721358","Dwight village, Illinois",60391,2016
"1744576","Long Point village, Illinois",50875,2016
"1761015","Pontiac city, Illinois",46319,2016
"1748645","Metropolis city, Illinois",31966,2016
"1718225","Cutler village, Illinois",40833,2016
"1708953","Browning village, Illinois",56250,2016
"1711176","Carbon Hill village, Illinois",52250,2016
"1747397","Maryville village, Illinois",82392,2016
"1752415","New Douglas village, Illinois",48750,2016
"1701426","Andalusia village, Illinois",58214,2016
"1717077","Coyne Center CDP, Illinois",68929,2016
"1715807","Colp village, Illinois",34375,2016
"1712801","Chebanse village, Illinois",65962,2016
"1704897","Bellflower village, Illinois",50500,2016
"1716210","Cooksville village, Illinois",46250,2016
"1748606","Metamora village, Illinois",58250,2016
"1724920","Fairmont CDP, Illinois",46481,2016
"1764928","Rock Falls city, Illinois",40543,2016
"1736542","Humboldt village, Illinois",46591,2016
"1769342","Sherman village, Illinois",94695,2016
"1745726","Machesney Park village, Illinois",56563,2016
"1760339","Plainville village, Illinois",41250,2016
"1754885","Oak Park village, Illinois",82826,2016
"1734098","Hennepin village, Illinois",59792,2016
"1737608","Inverness village, Illinois",172949,2016
"1747007","Markham city, Illinois",34414,2016
"1764616","Robbins village, Illinois",30490,2016
"1780047","Westchester village, Illinois",72470,2016
"1704351","Beardstown city, Illinois",38221,2016
"1712450","Chandlerville village, Illinois",40446,2016
"1719200","De Land village, Illinois",37083,2016
"1704117","Batchtown village, Illinois",61250,2016
"1784155","Zeigler city, Illinois",36667,2016
"1730770","Grand Tower city, Illinois",28542,2016
"1738856","Kampsville village, Illinois",33750,2016
"1750868","Mount Carmel city, Illinois",40474,2016
"1765078","Rock Island city, Illinois",43052,2016
"1769979","Silvis city, Illinois",45703,2016
"1739259","Keensburg village, Illinois",44063,2016
"1740884","Lake Barrington village, Illinois",94427,2016
"1744524","Long Grove village, Illinois",184208,2016
"1764538","Riverwoods village, Illinois",187857,2016
"1766027","Round Lake village, Illinois",76605,2016
"1766053","Round Lake Heights village, Illinois",60500,2016
"1777460","Venetian Village CDP, Illinois",76193,2016
"1778370","Wadsworth village, Illinois",93456,2016
"1769368","Sherrard village, Illinois",55568,2016
"1751128","Mount Pulaski city, Illinois",59792,2016
"1738739","Joy village, Illinois",46250,2016
"1753793","North Henderson village, Illinois",46250,2016
"1703948","Barry city, Illinois",37784,2016
"1769186","Shelbyville city, Illinois",34659,2016
"1711618","Casey city, Illinois",39375,2016
"1775601","Toledo village, Illinois",38438,2016
"1778851","Warren village, Illinois",53229,2016
"1748853","Middletown village, Illinois",37500,2016
"1703012","Aurora city, Illinois",63967,2016
"1782309","Windsor village, Illinois",49286,2016
"1704247","Baylis village, Illinois",26875,2016
"1719681","Detroit village, Illinois",56000,2016
"1755132","Oconee village, Illinois",48571,2016
"1717523","Crete village, Illinois",68398,2016
"1717939","Crystal Lawns CDP, Illinois",76796,2016
"1712203","Centreville city, Illinois",16715,2016
"1728898","Genoa city, Illinois",51061,2016
"1766989","St. Libory village, Illinois",68750,2016
"1779085","Washington Park village, Illinois",23787,2016
"1777148","Valier village, Illinois",40278,2016
"1730588","Gorham village, Illinois",33750,2016
"1742756","Leland village, Illinois",58068,2016
"1754222","North Utica village, Illinois",56635,2016
"1755353","Oglesby city, Illinois",51823,2016
"1716470","Cortland town, Illinois",75272,2016
"1780853","West Salem village, Illinois",43026,2016
"1721254","Dupo village, Illinois",45851,2016
"1727806","Freeburg village, Illinois",72393,2016
"1722645","Edinburg village, Illinois",52788,2016
"1746864","Marine village, Illinois",53750,2016
"1711150","Carbon Cliff village, Illinois",33977,2016
"1715235","Coal Valley village, Illinois",65714,2016
"1781087","Wheeling village, Illinois",60368,2016
"1730094","Godfrey village, Illinois",62845,2016
"1732564","Hampton village, Illinois",75323,2016
"1749009","Milan village, Illinois",42781,2016
"1742971","Le Roy city, Illinois",66000,2016
"1759234","Peru city, Illinois",46295,2016
"1708225","Bridgeview village, Illinois",52810,2016
"1729938","Glenview village, Illinois",102009,2016
"1712710","Chatsworth town, Illinois",26944,2016
"1700815","Allendale village, Illinois",46607,2016
"1731524","Greenup village, Illinois",32069,2016
"1761366","Potomac village, Illinois",47692,2016
"1767769","Sauk Village village, Illinois",42532,2016
"1728326","Galesburg city, Illinois",33601,2016
"1708264","Brighton village, Illinois",64267,2016
"1739129","Kaskaskia village, Illinois",NA,2016
"1762757","Ransom village, Illinois",51806,2016
"1775757","Topeka village, Illinois",42188,2016
"1706899","Bluffs village, Illinois",41250,2016
"1700113","Abingdon city, Illinois",40140,2016
"1711774","Catlin village, Illinois",57083,2016
"1774301","Table Grove village, Illinois",49135,2016
"1782491","Winnebago village, Illinois",73719,2016
"1717471","Creston village, Illinois",49554,2016
"1764174","Ripley village, Illinois",30625,2016
"1700230","Addieville village, Illinois",75625,2016
"1720149","Dixmoor village, Illinois",43882,2016
"1755002","Oakwood village, Illinois",49519,2016
"1770161","Sleepy Hollow village, Illinois",100913,2016
"1768120","Schram City village, Illinois",40769,2016
"1775848","Tower Hill village, Illinois",43409,2016
"1782686","Winthrop Harbor village, Illinois",80568,2016
"1777941","Villa Grove city, Illinois",47333,2016
"1765156","Rockton village, Illinois",74276,2016
"1722073","East Moline city, Illinois",42194,2016
"1775263","Tilden village, Illinois",38409,2016
"1764278","Riverdale village, Illinois",31438,2016
"1771370","South Wilmington village, Illinois",60938,2016
"1721267","Du Quoin city, Illinois",33686,2016
"1733877","Hecker village, Illinois",55313,2016
"1701946","Arenzville village, Illinois",60833,2016
"1704975","Bellwood village, Illinois",51173,2016
"1711163","Carbondale city, Illinois",19515,2016
"1778604","Walnut Hill village, Illinois",37083,2016
"1755249","O'Fallon city, Illinois",80329,2016
"1728170","Fults village, Illinois",86250,2016
"1718628","Darien city, Illinois",82255,2016
"1741742","Lake Zurich village, Illinois",110786,2016
"1744381","Lomax village, Illinois",31339,2016
"1759104","Percy village, Illinois",34907,2016
"1756601","Orion village, Illinois",59844,2016
"1773261","Stronghurst village, Illinois",41071,2016
"1739077","Karnak village, Illinois",34063,2016
"1727884","Freeport city, Illinois",35552,2016
"1729080","Germantown Hills village, Illinois",98462,2016
"1772650","Stewardson village, Illinois",48516,2016
"1773040","Strasburg village, Illinois",48906,2016
"1741716","Lakewood Shores CDP, Illinois",56280,2016
"1749607","Minooka village, Illinois",80313,2016
"1756640","Orland Park village, Illinois",85580,2016
"1764902","Rockdale village, Illinois",57273,2016
"1755899","Olmsted village, Illinois",30833,2016
"1729093","German Valley village, Illinois",50455,2016
"1742834","Lena village, Illinois",53615,2016
"1704273","Bay View Gardens village, Illinois",40455,2016
"1739753","Keyesport village, Illinois",26875,2016
"1782270","Winchester city, Illinois",44063,2016
"1774847","Thawville village, Illinois",53542,2016
"1731368","Greenfield city, Illinois",42898,2016
"1735203","Hillview village, Illinois",48750,2016
"1730653","Grafton city, Illinois",51083,2016
"1726311","Flanagan village, Illinois",49250,2016
"1773131","Strawn village, Illinois",57500,2016
"1739857","Kilbourne village, Illinois",31786,2016
"1708303","Brimfield village, Illinois",64605,2016
"1721176","Dunlap village, Illinois",101667,2016
"1765403","Rome CDP, Illinois",58785,2016
"1754625","Oakford village, Illinois",50208,2016
"1760872","Pocahontas village, Illinois",40208,2016
"1770525","Sorento village, Illinois",25865,2016
"1758239","Paxton city, Illinois",46429,2016
"1760079","Piper City village, Illinois",45556,2016
"1714936","Clifton village, Illinois",62708,2016
"1741214","Lake Ka-Ho village, Illinois",34375,2016
"1704845","Belleville city, Illinois",42348,2016
"1767821","Savanna city, Illinois",32432,2016
"1707640","Braceville village, Illinois",56696,2016
"1706756","Blue Mound village, Illinois",52019,2016
"1760352","Plano city, Illinois",52520,2016
"1784038","Yorkville city, Illinois",85045,2016
"1733227","Harristown village, Illinois",62059,2016
"1745941","Macon city, Illinois",56154,2016
"1778916","Warrensburg village, Illinois",63194,2016
"1701205","Alto Pass village, Illinois",35938,2016
"1726454","Flora city, Illinois",38705,2016
"1701491","Andover village, Illinois",59688,2016
"1701569","Annawan town, Illinois",48929,2016
"1718992","Deerfield village, Illinois",143729,2016
"1705599","Bethalto village, Illinois",59643,2016
"1721553","East Alton village, Illinois",44722,2016
"1740910","Lake Bluff village, Illinois",150962,2016
"1741586","Lake Villa village, Illinois",91220,2016
"1743666","Lincolnshire village, Illinois",102364,2016
"1743770","Lindenhurst village, Illinois",87031,2016
"1754781","Oakland city, Illinois",41500,2016
"1756536","Orient city, Illinois",33125,2016
"1766209","Royalton village, Illinois",34250,2016
"1703103","Ava city, Illinois",42361,2016
"1723373","Elkville village, Illinois",36964,2016
"1718485","Dana village, Illinois",31250,2016
"1738921","Kangley village, Illinois",50000,2016
"1700919","Alma village, Illinois",30781,2016
"1773495","Sullivan city, Illinois",40303,2016
"1708667","Brooklyn village, Illinois",16964,2016
"1745993","Madison city, Illinois",24352,2016
"1746955","Marissa village, Illinois",38167,2016
"1713139","Chester city, Illinois",38750,2016
"1735268","Hinckley village, Illinois",59659,2016
"1707419","Boulder Hill CDP, Illinois",63125,2016
"1752961","Niantic village, Illinois",54167,2016
"1724608","Evansville village, Illinois",46875,2016
"1766287","Ruma village, Illinois",50313,2016
"1774275","Symerton village, Illinois",67708,2016
"1775484","Tinley Park village, Illinois",76022,2016
"1782101","Wilmington city, Illinois",52052,2016
"1745694","McHenry city, Illinois",64882,2016
"1772052","Spring Grove village, Illinois",111000,2016
"1720591","Downers Grove village, Illinois",85171,2016
"1754534","Oak Brook village, Illinois",144286,2016
"1745564","McCook village, Illinois",50417,2016
"1751089","Mount Prospect village, Illinois",69517,2016
"1754638","Oak Forest city, Illinois",75563,2016
"1755938","Olympia Fields village, Illinois",96377,2016
"1757381","Palos Heights city, Illinois",80077,2016
"1770564","South Barrington village, Illinois",184141,2016
"1780242","Western Springs village, Illinois",147361,2016
"1782049","Willow Springs village, Illinois",81926,2016
"1735281","Hindsboro village, Illinois",50000,2016
"1765000","Rockford city, Illinois",40143,2016
"1707692","Bradford village, Illinois",50000,2016
"1777265","Valmeyer village, Illinois",74050,2016
"1758408","Pecatonica village, Illinois",58864,2016
"1707211","Bondville village, Illinois",42500,2016
"1755275","Ogden village, Illinois",62000,2016
"1759533","Philo village, Illinois",76351,2016
"1766950","St. Joseph village, Illinois",78661,2016
"1775107","Thomasboro village, Illinois",50670,2016
"1721579","East Brooklyn village, Illinois",45893,2016
"1728963","Georgetown city, Illinois",37982,2016
"1769836","Sidell village, Illinois",37500,2016
"1780931","Westville village, Illinois",41761,2016
"1740143","Kinsman village, Illinois",37500,2016
"1717887","Crystal Lake city, Illinois",80760,2016
"1741651","Lakewood village, Illinois",133750,2016
"1726077","Fillmore village, Illinois",38750,2016
"1762965","Raymond village, Illinois",48125,2016
"1717991","Cuba city, Illinois",34482,2016
"1770226","Smithfield village, Illinois",37250,2016
"1742457","Leaf River village, Illinois",35938,2016
"1751700","Nashville city, Illinois",46934,2016
"1718342","Dakota village, Illinois",36563,2016
"1764590","Roanoke village, Illinois",53792,2016
"1768510","Secor village, Illinois",51250,2016
"1759156","Perry village, Illinois",29375,2016
"1742795","Lemont village, Illinois",89524,2016
"1736568","Hume village, Illinois",36500,2016
"1738986","Kansas village, Illinois",31538,2016
"1757628","Paris city, Illinois",38459,2016
"1709538","Bulpitt village, Illinois",41500,2016
"1775809","Tovey village, Illinois",39405,2016
"1702986","Augusta village, Illinois",41250,2016
"1710422","Caledonia village, Illinois",65625,2016
"1779163","Waterman village, Illinois",63571,2016
"1778942","Warsaw city, Illinois",48750,2016
"1775360","Timberlane village, Illinois",120875,2016
"1742938","Lerna village, Illinois",46042,2016
"1730757","Grand Ridge village, Illinois",70000,2016
"1766443","Rutland village, Illinois",42500,2016
"1770460","Somonauk village, Illinois",61750,2016
"1775718","Tonica village, Illinois",52614,2016
"1739324","Kell village, Illinois",48750,2016
"1760534","Pleasant Hill village, Illinois",40469,2016
"1755418","Ohlman village, Illinois",45556,2016
"1758369","Pearl City village, Illinois",60667,2016
"1759026","Peoria Heights village, Illinois",46726,2016
"1771604","Spring Bay village, Illinois",53500,2016
"1715469","Coleta village, Illinois",45208,2016
"1724374","Erie village, Illinois",65926,2016
"1744602","Longview village, Illinois",36250,2016
"1775614","Tolono village, Illinois",63438,2016
"1777005","Urbana city, Illinois",33081,2016
"1702258","Aroma Park village, Illinois",61000,2016
"1706587","Bloomingdale village, Illinois",76757,2016
"1744407","Lombard village, Illinois",73201,2016
"1780645","Westmont village, Illinois",55684,2016
"1781048","Wheaton city, Illinois",91241,2016
"1746500","Manteno village, Illinois",65625,2016
"1701361","Anchor village, Illinois",47917,2016
"1736438","Hudson village, Illinois",83889,2016
"1755210","Odin village, Illinois",45938,2016
"1702414","Arthur village, Illinois",60360,2016
"1745044","Lovington village, Illinois",53333,2016
"1722255","East St. Louis city, Illinois",19946,2016
"1767756","Sauget village, Illinois",46458,2016
"1728612","Garden Prairie CDP, Illinois",NA,2016
"1730159","Golden village, Illinois",44375,2016
"1766157","Royal village, Illinois",59107,2016
"1707237","Bonfield village, Illinois",71250,2016
"1714000","Chicago city, Illinois",50434,2016
"1764343","River Grove village, Illinois",48670,2016
"1732746","Hanover Park village, Illinois",69922,2016
"1757875","Park Ridge city, Illinois",92474,2016
"1761314","Posen village, Illinois",41546,2016
"1702505","Ashland village, Illinois",59432,2016
"1728742","Garrett village, Illinois",35938,2016
"1776407","Tuscola city, Illinois",51982,2016
"1718303","Dahlgren village, Illinois",35179,2016
"1730575","Goreville village, Illinois",47969,2016
"1751986","Neoga city, Illinois",35089,2016
"1753585","North City village, Illinois",51875,2016
"1780333","West Frankfort city, Illinois",30211,2016
"1778526","Walnut village, Illinois",56750,2016
"1764018","Ridgway village, Illinois",39850,2016
"1724543","Eureka city, Illinois",55150,2016
"1739038","Kappa village, Illinois",53438,2016
"1720370","Dorchester village, Illinois",50938,2016
"1734423","Hettick village, Illinois",53750,2016
"1751024","Mount Olive city, Illinois",51563,2016
"1774457","Tamms village, Illinois",28750,2016
"1736074","Hooppole village, Illinois",36750,2016
"1739727","Kewanee city, Illinois",37234,2016
"1701595","Antioch village, Illinois",81406,2016
"1702154","Arlington Heights village, Illinois",79979,2016
"1712489","Channel Lake CDP, Illinois",63707,2016
"1719083","Deer Park village, Illinois",160461,2016
"1744550","Long Lake CDP, Illinois",58343,2016
"1770213","Smithboro village, Illinois",52917,2016
"1710906","Campton Hills village, Illinois",119044,2016
"1760391","Plattville village, Illinois",90313,2016
"1767372","Sammons Point village, Illinois",57188,2016
"1743510","Limestone village, Illinois",74917,2016
"1738895","Kaneville village, Illinois",66429,2016
"1715833","Columbia city, Illinois",73442,2016
"1721618","East Carondelet village, Illinois",42500,2016
"1724933","Fairmont City village, Illinois",35057,2016
"1747423","Mascoutah city, Illinois",70957,2016
"1704156","Bath village, Illinois",27308,2016
"1767613","San Jose village, Illinois",52750,2016
"1704039","Bartonville village, Illinois",46322,2016
"1704871","Bellevue village, Illinois",52770,2016
"1746643","Mapleton village, Illinois",65208,2016
"1751284","Mulberry Grove village, Illinois",37500,2016
"1729496","Glasgow village, Illinois",56250,2016
"1704000","Bartelso village, Illinois",86042,2016
"1735398","Hoffman village, Illinois",45000,2016
"1775991","Trenton city, Illinois",61087,2016
"1723425","Elliott village, Illinois",50250,2016
"1748268","Melvin village, Illinois",40750,2016
"1726896","Forest Lake CDP, Illinois",85769,2016
"1715300","Cobden village, Illinois",36786,2016
"1710383","Cairo city, Illinois",21676,2016
"1728430","Galva city, Illinois",40644,2016
"1701114","Alton city, Illinois",37108,2016
"1731121","Grayslake village, Illinois",82881,2016
"1734722","Highland Park city, Illinois",130355,2016
"1737218","Indian Creek village, Illinois",137639,2016
"1739883","Kildeer village, Illinois",166790,2016
"1722697","Edwardsville city, Illinois",68454,2016
"1755639","Old Mill Creek village, Illinois",100104,2016
"1775965","Tremont village, Illinois",53622,2016
"1751154","Mount Sterling city, Illinois",46838,2016
"1719642","Des Plaines city, Illinois",64582,2016
"1726987","Forest View village, Illinois",57981,2016
"1733695","Hazel Crest village, Illinois",50661,2016
"1777720","Versailles village, Illinois",51667,2016
"1764707","Robinson city, Illinois",43153,2016
"1745811","McLean village, Illinois",65982,2016
"1767912","Saybrook village, Illinois",53750,2016
"1738115","Jacksonville city, Illinois",41645,2016
"1704013","Bartlett village, Illinois",100458,2016
"1723074","Elgin city, Illinois",60375,2016
"1743094","Lexington city, Illinois",71375,2016
"1780060","West Chicago city, Illinois",71520,2016
"1737803","Irwin village, Illinois",61250,2016
"1706613","Bloomington city, Illinois",63115,2016
"1702609","Assumption city, Illinois",36217,2016
"1715001","Clinton city, Illinois",44143,2016
"1745278","Lyndon village, Illinois",52222,2016
"1763069","Redmon village, Illinois",49583,2016
"1775653","Toluca city, Illinois",47337,2016
"1779813","Wenona city, Illinois",50469,2016
"1756484","Oregon city, Illinois",39963,2016
"1764746","Rochelle city, Illinois",44205,2016
"1723009","Eldorado city, Illinois",32917,2016
"1720890","Du Bois village, Illinois",35625,2016
"1709798","Burnham village, Illinois",44048,2016
"1717497","Crestwood village, Illinois",53572,2016
"1730328","Golf village, Illinois",168750,2016
"1735866","Hometown city, Illinois",42383,2016
"1757407","Palos Park village, Illinois",77304,2016
"1700672","Alexis village, Illinois",55395,2016
"1778201","Virginia city, Illinois",45938,2016
"1745434","Lyons village, Illinois",45825,2016
"1737257","Indian Head Park village, Illinois",82219,2016
"1740767","La Grange village, Illinois",105417,2016
"1745421","Lynwood village, Illinois",50171,2016
"1748892","Midlothian village, Illinois",63186,2016
"1750647","Morton Grove village, Illinois",75797,2016
"1749347","Mill Shoals village, Illinois",41250,2016
"1707510","Bowen village, Illinois",39000,2016
"1723841","Elvaston village, Illinois",30417,2016
"1732434","Hamilton city, Illinois",50308,2016
"1720565","Dowell village, Illinois",26250,2016
"1751453","Murphysboro city, Illinois",34563,2016
"1777525","Vergennes village, Illinois",31875,2016
"1780736","West Peoria city, Illinois",44978,2016
"1774379","Tallula village, Illinois",53594,2016
"1742860","Lenzburg village, Illinois",37143,2016
"1773547","Summerfield village, Illinois",53438,2016
"1711228","Carlyle city, Illinois",56290,2016
"1729041","Germantown village, Illinois",62292,2016
"1764655","Roberts village, Illinois",31023,2016
"1777681","Vernon village, Illinois",19500,2016
"1735835","Homer Glen village, Illinois",92054,2016
"1731446","Green Oaks village, Illinois",162396,2016
"1750998","Mount Morris village, Illinois",42115,2016
"1733136","Harrisburg city, Illinois",35836,2016
"1752714","New Minden village, Illinois",47500,2016
"1778721","Wamac city, Illinois",32308,2016
"1710513","Calumet Park village, Illinois",46351,2016
"1721904","East Hazel Crest village, Illinois",50543,2016
"1724582","Evanston city, Illinois",71317,2016
"1724634","Evergreen Park village, Illinois",65554,2016
"1726935","Forest Park village, Illinois",51552,2016
"1735086","Hillside village, Illinois",50779,2016
"1735385","Hodgkins village, Illinois",47050,2016
"1742028","Lansing village, Illinois",50107,2016
"1740793","La Grange Park village, Illinois",85671,2016
"1747774","Maywood village, Illinois",44126,2016
"1753377","Norridge village, Illinois",59946,2016
"1753663","Northfield village, Illinois",125636,2016
"1754144","North Riverside village, Illinois",59324,2016
"1764304","River Forest village, Illinois",103622,2016
"1765338","Rolling Meadows city, Illinois",65546,2016
"1770122","Skokie village, Illinois",68015,2016
"1773157","Streamwood village, Illinois",76639,2016
"1782530","Winnetka village, Illinois",207857,2016
"1730133","Golconda city, Illinois",25134,2016
"1710591","Camargo village, Illinois",41250,2016
"1748424","Meredosia village, Illinois",38750,2016
"1779358","Waverly city, Illinois",44758,2016
"1745850","McNabb village, Illinois",73500,2016
"1702206","Armington village, Illinois",40500,2016
"1749555","Minier village, Illinois",50583,2016
"1721696","East Dundee village, Illinois",61523,2016
"1722931","Elburn village, Illinois",96896,2016
"1732525","Hampshire village, Illinois",95268,2016
"1724348","Equality village, Illinois",37250,2016
"1752506","New Haven village, Illinois",36534,2016
"1737894","Island Lake village, Illinois",72992,2016
"1747527","Matherville village, Illinois",53654,2016
"1778123","Viola village, Illinois",56544,2016
"1736516","Hull village, Illinois",41971,2016
"1739922","Kinderhook village, Illinois",51818,2016
"1749477","Milton village, Illinois",41250,2016
"1730250","Golden Gate village, Illinois",NA,2016
"1718459","Dalzell village, Illinois",55781,2016
"1747150","Marseilles city, Illinois",38616,2016
"1750530","Morrison city, Illinois",43068,2016
"1772546","Sterling city, Illinois",39885,2016
"1745525","McClure village, Illinois",35750,2016
"1718147","Curran village, Illinois",37917,2016
"1700178","Adair CDP, Illinois",NA,2016
"1772403","Staunton city, Illinois",42531,2016
"1710448","Calhoun village, Illinois",35000,2016
"1734007","Henderson village, Illinois",48333,2016
"1713165","Chesterfield village, Illinois",68088,2016
"1768406","Scottville village, Illinois",50417,2016
"1718563","Danville city, Illinois",35446,2016
"1769914","Sigel town, Illinois",61250,2016
"1715170","Coal City village, Illinois",62601,2016
"1717458","Crest Hill city, Illinois",50334,2016
"1719837","Diamond village, Illinois",57338,2016
"1727644","Frankfort Square CDP, Illinois",94127,2016
"1751622","Naperville city, Illinois",110676,2016
"1765442","Romeoville village, Illinois",71344,2016
"1701647","Apple Canyon Lake CDP, Illinois",73036,2016
"1707315","Boody CDP, Illinois",77031,2016
"1728950","Georgetown CDP, Illinois",57632,2016
"1701556","Annapolis CDP, Illinois",NA,2016
"1718771","Dayton CDP, Illinois",75000,2016
"1702635","Astoria town, Illinois",29917,2016
"1704403","Beason CDP, Illinois",33250,2016
"1712879","Chemung CDP, Illinois",NA,2016
"1713230","Chestnut CDP, Illinois",70313,2016
"1715950","Como CDP, Illinois",52656,2016
"1716431","Cornland CDP, Illinois",63913,2016
"1729340","Gilson CDP, Illinois",NA,2016
"1717094","Crab Orchard CDP, Illinois",42788,2016
"1718641","Darmstadt CDP, Illinois",NA,2016
"1726467","Floraville CDP, Illinois",NA,2016
"1730705","Grand Detour CDP, Illinois",98854,2016
"1733162","Harrison CDP, Illinois",32414,2016
"1734272","Heritage Lake CDP, Illinois",98019,2016
"1735541","Holiday Shores CDP, Illinois",83307,2016
"1740364","Knollwood CDP, Illinois",84417,2016
"1740962","Lake Camelot CDP, Illinois",104358,2016
"1741157","Lake Holiday CDP, Illinois",91220,2016
"1705976","Big Rock village, Illinois",78438,2016
"1749100","Millbrook village, Illinois",72500,2016
"1750062","Monroe Center village, Illinois",71964,2016
"1761216","Port Barrington village, Illinois",124196,2016
"1783349","Woodstock city, Illinois",55951,2016
"1782725","Witt city, Illinois",48000,2016
"1750751","Mound City city, Illinois",34500,2016
"1750777","Mounds city, Illinois",19732,2016
"1762211","Pulaski village, Illinois",21000,2016
"1705261","Benson village, Illinois",58594,2016
"1756341","Orangeville village, Illinois",44097,2016
"1782543","Winslow village, Illinois",46458,2016
"1715989","Compton village, Illinois",53281,2016
"1720162","Dixon city, Illinois",51000,2016
"1720045","Divernon village, Illinois",57386,2016
"1783245","Woodridge village, Illinois",76858,2016
"1746110","Magnolia village, Illinois",49583,2016
"1722164","East Peoria city, Illinois",50751,2016
"1735307","Hinsdale village, Illinois",173558,2016
"1778929","Warrenville city, Illinois",80686,2016
"1765897","Rosiclare city, Illinois",24118,2016
"1710292","Cabery village, Illinois",43958,2016
"1724452","Essex village, Illinois",66250,2016
"1730991","Grant Park village, Illinois",52171,2016
"1715495","Colfax village, Illinois",54250,2016
"1772260","Stanford village, Illinois",52083,2016
"1751479","Murrayville village, Illinois",38125,2016
"1736126","Hopedale village, Illinois",49485,2016
"1747111","Marquette Heights city, Illinois",63587,2016
"1711358","Carpentersville village, Illinois",58856,2016
"1753442","North Aurora village, Illinois",81826,2016
"1727533","Fox River Grove village, Illinois",92500,2016
"1733851","Hebron village, Illinois",50577,2016
"1738479","Johnsburg village, Illinois",105700,2016
"1776706","Union village, Illinois",62396,2016
"1733357","Harvel village, Illinois",40972,2016
"1776615","Ullin village, Illinois",17039,2016
"1773943","Sun River Terrace village, Illinois",24286,2016
"1712931","Chenoa city, Illinois",54167,2016
"1720643","Downs village, Illinois",73854,2016
"1731732","Gridley village, Illinois",65417,2016
"1775822","Towanda village, Illinois",50446,2016
"1783336","Woodson village, Illinois",47031,2016
"1750010","Monmouth city, Illinois",36846,2016
"1750790","Mound Station village, Illinois",63750,2016
"1766768","St. David village, Illinois",43438,2016
"1766800","Ste. Marie village, Illinois",50625,2016
"1783765","Yale village, Illinois",47500,2016
"1773703","Sumner city, Illinois",32895,2016
"1718719","Davis Junction village, Illinois",70625,2016
"1754586","Oakdale village, Illinois",46875,2016
"1763719","Richview village, Illinois",39250,2016
"1777408","Venedy village, Illinois",62292,2016
"1701010","Alsip village, Illinois",53628,2016
"1708446","Broadview village, Illinois",50332,2016
"1717549","Creve Coeur village, Illinois",46765,2016
"1758447","Pekin city, Illinois",50664,2016
"1772156","Spring Valley city, Illinois",43636,2016
"1767925","Scales Mound village, Illinois",50500,2016
"1708472","Broadwell village, Illinois",42083,2016
"1723269","Elkhart village, Illinois",61250,2016
"1729145","Gifford village, Illinois",60536,2016
"1738349","Jeisyville village, Illinois",46250,2016
"1757472","Pana city, Illinois",36210,2016
"1702557","Ashmore village, Illinois",51591,2016
"1707263","Bonnie village, Illinois",41818,2016
"1751726","Nason city, Illinois",30417,2016
"1730835","Grandview village, Illinois",44922,2016
"1764486","Riverton village, Illinois",57542,2016
"1771474","Spaulding village, Illinois",86250,2016
"1781854","Williamsville village, Illinois",85000,2016
"1752155","New Bedford village, Illinois",51250,2016
"1755379","Ohio village, Illinois",51250,2016
"1727624","Frankfort village, Illinois",113250,2016
"1744225","Lockport city, Illinois",79148,2016
"1759052","Peotone village, Illinois",79286,2016
"1743133","Liberty village, Illinois",52609,2016
"1743445","Lima village, Illinois",46500,2016
"1735814","Homer village, Illinois",51574,2016
"1741346","Lake of the Woods CDP, Illinois",46449,2016
"1745174","Ludlow village, Illinois",40556,2016
"1723256","Elk Grove Village village, Illinois",71082,2016
"1729730","Glendale Heights village, Illinois",58237,2016
"1727858","Freeman Spur village, Illinois",48000,2016
"1736815","Hurst city, Illinois",28792,2016
"1778656","Walshville village, Illinois",27083,2016
"1745616","McCullom Lake village, Illinois",49318,2016
"1746786","Marengo city, Illinois",62796,2016
"1720318","Donnellson village, Illinois",35125,2016
"1774561","Taylor Springs village, Illinois",42679,2016
"1764044","Ridott village, Illinois",37500,2016
"1723737","El Paso city, Illinois",51875,2016
"1728300","Galena city, Illinois",50033,2016
"1753195","Nora village, Illinois",53125,2016
"1723971","Emden village, Illinois",46250,2016
"1781165","Whiteash CDP, Illinois",41875,2016
"1747592","Maunie village, Illinois",40625,2016
"1753403","Norris City village, Illinois",39762,2016
"1774470","Tampico village, Illinois",38393,2016
"1717406","Crescent City village, Illinois",46250,2016
"1747280","Martinton village, Illinois",52500,2016
"1760209","Pittsburg village, Illinois",31964,2016
"1766794","St. Elmo city, Illinois",33125,2016
"1706171","Bishop Hill village, Illinois",45972,2016
"1708576","Brookfield village, Illinois",75336,2016
"1710487","Calumet City city, Illinois",40845,2016
"1734514","Hickory Hills city, Illinois",61708,2016
"1748242","Melrose Park village, Illinois",45931,2016
"1757394","Palos Hills city, Illinois",57744,2016
"1763706","Richton Park village, Illinois",53693,2016
"1748554","Merrionette Park village, Illinois",48295,2016
"1753000","Niles village, Illinois",54027,2016
"1754820","Oak Lawn village, Illinois",58707,2016
"1759572","Phoenix village, Illinois",33594,2016
"1768081","Schiller Park village, Illinois",52990,2016
"1772923","Stone Park village, Illinois",40717,2016
"1775185","Thornton village, Illinois",52944,2016
"1783518","Worth village, Illinois",53800,2016
"1701881","Arcola city, Illinois",49688,2016
"1708875","Broughton village, Illinois",22813,2016
"1760833","Plymouth village, Illinois",34792,2016
"1721280","Durand village, Illinois",45938,2016
"1704715","Belknap village, Illinois",19500,2016
"1777863","Vienna city, Illinois",27177,2016
"1706470","Blandinsville village, Illinois",44792,2016
"1768198","Sciota village, Illinois",68125,2016
"1745031","Loves Park city, Illinois",50284,2016
"1761977","Prophetstown city, Illinois",43214,2016
"1742080","La Prairie village, Illinois",47857,2016
"1744082","Little York village, Illinois",40625,2016
"1740065","Kingston village, Illinois",71250,2016
"1769758","Shorewood village, Illinois",93642,2016
"1714442","Cisco village, Illinois",60781,2016
"1732499","Hammond village, Illinois",43125,2016
"1709148","Brussels village, Illinois",41250,2016
"1732850","Hardin village, Illinois",48036,2016
"1718030","Cullom village, Illinois",39000,2016
"1708706","Brookport city, Illinois",34375,2016
"1774444","Tamaroa village, Illinois",36435,2016
"1744056","Littleton village, Illinois",49583,2016
"1766339","Rushville city, Illinois",41602,2016
"1712294","Chadwick village, Illinois",49063,2016
"1783739","Xenia village, Illinois",44750,2016
"1706964","Bluford village, Illinois",44904,2016
"1720123","Dix village, Illinois",25750,2016
"1777811","Victoria village, Illinois",43250,2016
"1779124","Wataga village, Illinois",50197,2016
"1724062","Emington village, Illinois",32500,2016
"1771175","South Pekin village, Illinois",49107,2016
"1712385","Champaign city, Illinois",45198,2016
"1726662","Foosland village, Illinois",44375,2016
"1719226","Delavan city, Illinois",54318,2016
"1731563","Green Valley village, Illinois",51176,2016
"1754092","North Pekin village, Illinois",50721,2016
"1709681","Bureau Junction village, Illinois",46607,2016
"1738778","Junction village, Illinois",57500,2016
"1769082","Shawneetown city, Illinois",31806,2016
"1733318","Hartsburg village, Illinois",46250,2016
"1742249","Latham village, Illinois",44583,2016
"1700646","Aledo city, Illinois",44557,2016
"1754560","Oakbrook Terrace city, Illinois",71364,2016
"1777993","Villa Park village, Illinois",71724,2016
"1709304","Buckingham village, Illinois",57500,2016
"1711826","Cave-In-Rock village, Illinois",43750,2016
"1721683","East Dubuque city, Illinois",41065,2016
"1723165","Elizabeth village, Illinois",38125,2016
"1702752","Atlanta city, Illinois",53000,2016
"1743536","Lincoln city, Illinois",45351,2016
"1722957","El Dara village, Illinois",44643,2016
"1720526","Dover village, Illinois",NA,2016
"1746240","Malden village, Illinois",37250,2016
"1775549","Tiskilwa village, Illinois",46786,2016
"1723191","Elizabethtown village, Illinois",25417,2016
"1736190","Hopkins Park village, Illinois",18750,2016
"1702342","Arrowsmith village, Illinois",51429,2016
"1766638","St. Anne village, Illinois",45000,2016
"1711215","Carlock village, Illinois",60000,2016
"1718537","Danvers village, Illinois",74219,2016
"1775159","Thompsonville village, Illinois",36944,2016
"1747553","Mattoon city, Illinois",36182,2016
"1709330","Buckner village, Illinois",30278,2016
"1724673","Ewing village, Illinois",45750,2016
"1764148","Rio village, Illinois",50000,2016
"1739233","Keenes village, Illinois",28958,2016
"1750933","Mount Erie village, Illinois",NA,2016
"1742769","Leland Grove city, Illinois",95417,2016
"1761548","Prairie City village, Illinois",33333,2016
"1740676","La Fayette village, Illinois",33500,2016
"1701673","Apple River village, Illinois",38333,2016
"1773157","Streamwood village, Illinois",80152,2017
"1782530","Winnetka village, Illinois",216875,2017
"1730133","Golconda city, Illinois",26290,2017
"1710591","Camargo village, Illinois",48333,2017
"1704715","Belknap village, Illinois",24375,2017
"1777863","Vienna city, Illinois",28500,2017
"1706470","Blandinsville village, Illinois",42788,2017
"1768198","Sciota village, Illinois",47500,2017
"1745031","Loves Park city, Illinois",52212,2017
"1761977","Prophetstown city, Illinois",45114,2017
"1742080","La Prairie village, Illinois",49688,2017
"1744082","Little York village, Illinois",43750,2017
"1740065","Kingston village, Illinois",71103,2017
"1769758","Shorewood village, Illinois",98444,2017
"1714442","Cisco village, Illinois",56667,2017
"1732499","Hammond village, Illinois",41607,2017
"1709148","Brussels village, Illinois",52500,2017
"1732850","Hardin village, Illinois",37250,2017
"1718030","Cullom village, Illinois",36250,2017
"1708706","Brookport city, Illinois",35288,2017
"1774444","Tamaroa village, Illinois",38125,2017
"1744056","Littleton village, Illinois",52083,2017
"1766339","Rushville city, Illinois",36893,2017
"1712294","Chadwick village, Illinois",43438,2017
"1783739","Xenia village, Illinois",48333,2017
"1706964","Bluford village, Illinois",43875,2017
"1720123","Dix village, Illinois",29792,2017
"1764148","Rio village, Illinois",51250,2017
"1777811","Victoria village, Illinois",43438,2017
"1779124","Wataga village, Illinois",45000,2017
"1724062","Emington village, Illinois",35833,2017
"1771175","South Pekin village, Illinois",47219,2017
"1712385","Champaign city, Illinois",44638,2017
"1726662","Foosland village, Illinois",53750,2017
"1719226","Delavan city, Illinois",52059,2017
"1731563","Green Valley village, Illinois",53229,2017
"1754092","North Pekin village, Illinois",56250,2017
"1709681","Bureau Junction village, Illinois",45417,2017
"1738778","Junction village, Illinois",41750,2017
"1769082","Shawneetown city, Illinois",36136,2017
"1733318","Hartsburg village, Illinois",53000,2017
"1742249","Latham village, Illinois",45000,2017
"1700646","Aledo city, Illinois",46319,2017
"1754560","Oakbrook Terrace city, Illinois",74500,2017
"1777993","Villa Park village, Illinois",72098,2017
"1709304","Buckingham village, Illinois",54688,2017
"1711826","Cave-In-Rock village, Illinois",44000,2017
"1721683","East Dubuque city, Illinois",44861,2017
"1723165","Elizabeth village, Illinois",39896,2017
"1702752","Atlanta city, Illinois",50690,2017
"1743536","Lincoln city, Illinois",52245,2017
"1722957","El Dara village, Illinois",NA,2017
"1720526","Dover village, Illinois",38125,2017
"1746240","Malden village, Illinois",41500,2017
"1775549","Tiskilwa village, Illinois",47105,2017
"1723191","Elizabethtown village, Illinois",20000,2017
"1736190","Hopkins Park village, Illinois",16625,2017
"1702342","Arrowsmith village, Illinois",53750,2017
"1766638","St. Anne village, Illinois",49583,2017
"1711215","Carlock village, Illinois",62917,2017
"1718537","Danvers village, Illinois",72813,2017
"1773261","Stronghurst village, Illinois",42292,2017
"1705976","Big Rock village, Illinois",84464,2017
"1735835","Homer Glen village, Illinois",97254,2017
"1742184","LaSalle city, Illinois",43868,2017
"1749100","Millbrook village, Illinois",73125,2017
"1750062","Monroe Center village, Illinois",71477,2017
"1752701","New Milford village, Illinois",46250,2017
"1761216","Port Barrington village, Illinois",125385,2017
"1775159","Thompsonville village, Illinois",33333,2017
"1747553","Mattoon city, Illinois",38373,2017
"1709330","Buckner village, Illinois",32083,2017
"1724673","Ewing village, Illinois",50313,2017
"1777148","Valier village, Illinois",44583,2017
"1730588","Gorham village, Illinois",37917,2017
"1742756","Leland village, Illinois",61346,2017
"1754222","North Utica village, Illinois",60089,2017
"1755353","Oglesby city, Illinois",51250,2017
"1759234","Peru city, Illinois",46284,2017
"1714923","Cleveland village, Illinois",48750,2017
"1782985","Wood Dale city, Illinois",69250,2017
"1778175","Virgil village, Illinois",90000,2017
"1745785","Mackinaw village, Illinois",62024,2017
"1750621","Morton village, Illinois",76888,2017
"1703883","Barrington Hills village, Illinois",148893,2017
"1780125","West Dundee village, Illinois",84182,2017
"1733331","Harvard city, Illinois",52585,2017
"1736750","Huntley village, Illinois",75587,2017
"1741183","Lake in the Hills village, Illinois",87683,2017
"1760144","Pistakee Highlands CDP, Illinois",62656,2017
"1763641","Richmond village, Illinois",46898,2017
"1748359","Menominee village, Illinois",68542,2017
"1752545","New Holland village, Illinois",53750,2017
"1739298","Keithsburg city, Illinois",35268,2017
"1775419","Time village, Illinois",18750,2017
"1777187","Valley City village, Illinois",NA,2017
"1707133","Bolingbrook village, Illinois",83419,2017
"1723945","Elwood village, Illinois",72708,2017
"1730120","Godley village, Illinois",55750,2017
"1747540","Matteson village, Illinois",85202,2017
"1776935","University Park village, Illinois",48397,2017
"1738570","Joliet city, Illinois",63359,2017
"1742795","Lemont village, Illinois",91056,2017
"1736568","Hume village, Illinois",41458,2017
"1738986","Kansas village, Illinois",33365,2017
"1757628","Paris city, Illinois",38833,2017
"1709538","Bulpitt village, Illinois",38438,2017
"1775809","Tovey village, Illinois",46250,2017
"1702986","Augusta village, Illinois",42000,2017
"1710422","Caledonia village, Illinois",75625,2017
"1779163","Waterman village, Illinois",66719,2017
"1778942","Warsaw city, Illinois",52026,2017
"1775360","Timberlane village, Illinois",125865,2017
"1742938","Lerna village, Illinois",46250,2017
"1730757","Grand Ridge village, Illinois",67188,2017
"1766443","Rutland village, Illinois",39286,2017
"1770460","Somonauk village, Illinois",59375,2017
"1775718","Tonica village, Illinois",51172,2017
"1739324","Kell village, Illinois",63438,2017
"1755210","Odin village, Illinois",42000,2017
"1702414","Arthur village, Illinois",58977,2017
"1749698","Mitchell CDP, Illinois",50489,2017
"1751310","Mulkeytown CDP, Illinois",NA,2017
"1754924","Oak Run CDP, Illinois",73750,2017
"1755847","Olive Branch CDP, Illinois",38036,2017
"1755886","Olivet CDP, Illinois",NA,2017
"1756198","Opdyke CDP, Illinois",58750,2017
"1757160","Paderborn CDP, Illinois",NA,2017
"1758577","Penfield CDP, Illinois",46029,2017
"1761821","Prestbury CDP, Illinois",71797,2017
"1718147","Curran village, Illinois",42083,2017
"1745525","McClure village, Illinois",26719,2017
"1710906","Campton Hills village, Illinois",131658,2017
"1738895","Kaneville village, Illinois",66667,2017
"1743510","Limestone village, Illinois",78088,2017
"1760391","Plattville village, Illinois",84375,2017
"1767372","Sammons Point village, Illinois",66875,2017
"1701242","Alvan village, Illinois",51786,2017
"1729125","Gibson City city, Illinois",41218,2017
"1741214","Lake Ka-Ho village, Illinois",35625,2017
"1700178","Adair CDP, Illinois",75893,2017
"1701556","Annapolis CDP, Illinois",NA,2017
"1701647","Apple Canyon Lake CDP, Illinois",71827,2017
"1702635","Astoria town, Illinois",29458,2017
"1704403","Beason CDP, Illinois",36359,2017
"1707315","Boody CDP, Illinois",80000,2017
"1712879","Chemung CDP, Illinois",33716,2017
"1713230","Chestnut CDP, Illinois",43750,2017
"1715950","Como CDP, Illinois",58125,2017
"1716431","Cornland CDP, Illinois",64167,2017
"1717094","Crab Orchard CDP, Illinois",39904,2017
"1718641","Darmstadt CDP, Illinois",NA,2017
"1718771","Dayton CDP, Illinois",52222,2017
"1726467","Floraville CDP, Illinois",NA,2017
"1728950","Georgetown CDP, Illinois",54875,2017
"1729340","Gilson CDP, Illinois",NA,2017
"1730510","Goofy Ridge CDP, Illinois",20208,2017
"1730705","Grand Detour CDP, Illinois",100966,2017
"1733162","Harrison CDP, Illinois",25625,2017
"1734272","Heritage Lake CDP, Illinois",98365,2017
"1735541","Holiday Shores CDP, Illinois",84787,2017
"1740364","Knollwood CDP, Illinois",97872,2017
"1740962","Lake Camelot CDP, Illinois",105372,2017
"1741157","Lake Holiday CDP, Illinois",85136,2017
"1741404","Lake Petersburg CDP, Illinois",78550,2017
"1742002","Langleyville CDP, Illinois",70694,2017
"1742067","LaPlace CDP, Illinois",43542,2017
"1744836","Lost Nation CDP, Illinois",87328,2017
"1745044","Lovington village, Illinois",50625,2017
"1722255","East St. Louis city, Illinois",20659,2017
"1767756","Sauget village, Illinois",45625,2017
"1779228","Watseka city, Illinois",36173,2017
"1779735","Wellington village, Illinois",50938,2017
"1772884","Stonefort village, Illinois",38438,2017
"1705144","Bement village, Illinois",48750,2017
"1746487","Mansfield village, Illinois",46771,2017
"1746279","Malta village, Illinois",67188,2017
"1774223","Sycamore city, Illinois",70541,2017
"1781256","White Hall city, Illinois",36607,2017
"1782088","Wilmington village, Illinois",47750,2017
"1748073","Media village, Illinois",52250,2017
"1781867","Willisville village, Illinois",36250,2017
"1769797","Shumway village, Illinois",43750,2017
"1718420","Dallas City city, Illinois",47614,2017
"1701972","Argenta village, Illinois",58409,2017
"1747072","Maroa city, Illinois",53654,2017
"1723503","Ellis Grove village, Illinois",41250,2017
"1781938","Willowbrook CDP, Illinois",66683,2017
"1735671","Hollowayville village, Illinois",66250,2017
"1712008","Cedarville village, Illinois",52857,2017
"1764837","Rock City village, Illinois",54167,2017
"1763355","Rentchler CDP, Illinois",NA,2017
"1768809","Seymour CDP, Illinois",32177,2017
"1774970","The Galena Territory CDP, Illinois",86161,2017
"1776511","Twin Grove CDP, Illinois",110585,2017
"1780255","Westervelt CDP, Illinois",33148,2017
"1780879","West Union CDP, Illinois",44821,2017
"1780957","West York CDP, Illinois",NA,2017
"1781295","White Heath CDP, Illinois",54306,2017
"1767158","St. Rose village, Illinois",60938,2017
"1728612","Garden Prairie CDP, Illinois",48140,2017
"1710936","Candlewick Lake CDP, Illinois",58258,2017
"1781165","Whiteash CDP, Illinois",43333,2017
"1768510","Secor village, Illinois",50000,2017
"1759156","Perry village, Illinois",32222,2017
"1760534","Pleasant Hill village, Illinois",41895,2017
"1755418","Ohlman village, Illinois",45000,2017
"1758369","Pearl City village, Illinois",65313,2017
"1759026","Peoria Heights village, Illinois",45932,2017
"1771604","Spring Bay village, Illinois",50938,2017
"1715469","Coleta village, Illinois",44500,2017
"1724374","Erie village, Illinois",68000,2017
"1744602","Longview village, Illinois",36875,2017
"1775614","Tolono village, Illinois",69712,2017
"1777005","Urbana city, Illinois",34273,2017
"1702258","Aroma Park village, Illinois",61250,2017
"1706587","Bloomingdale village, Illinois",78720,2017
"1744407","Lombard village, Illinois",73145,2017
"1780645","Westmont village, Illinois",60437,2017
"1781048","Wheaton city, Illinois",95238,2017
"1746500","Manteno village, Illinois",61535,2017
"1701361","Anchor village, Illinois",55000,2017
"1736438","Hudson village, Illinois",85450,2017
"1748424","Meredosia village, Illinois",38214,2017
"1779358","Waverly city, Illinois",48667,2017
"1745850","McNabb village, Illinois",76042,2017
"1702206","Armington village, Illinois",47500,2017
"1749555","Minier village, Illinois",48787,2017
"1721696","East Dundee village, Illinois",67632,2017
"1722931","Elburn village, Illinois",100341,2017
"1732525","Hampshire village, Illinois",99362,2017
"1724348","Equality village, Illinois",42188,2017
"1752506","New Haven village, Illinois",34886,2017
"1737894","Island Lake village, Illinois",73692,2017
"1747527","Matherville village, Illinois",56932,2017
"1778123","Viola village, Illinois",67895,2017
"1736516","Hull village, Illinois",43750,2017
"1739922","Kinderhook village, Illinois",60625,2017
"1749477","Milton village, Illinois",42500,2017
"1730250","Golden Gate village, Illinois",46389,2017
"1718459","Dalzell village, Illinois",53375,2017
"1747150","Marseilles city, Illinois",44153,2017
"1750530","Morrison city, Illinois",44447,2017
"1772546","Sterling city, Illinois",43171,2017
"1730159","Golden village, Illinois",48393,2017
"1766157","Royal village, Illinois",70938,2017
"1707237","Bonfield village, Illinois",80000,2017
"1714000","Chicago city, Illinois",52497,2017
"1764343","River Grove village, Illinois",46910,2017
"1732746","Hanover Park village, Illinois",70401,2017
"1757875","Park Ridge city, Illinois",98219,2017
"1761314","Posen village, Illinois",42886,2017
"1749568","Minonk city, Illinois",54050,2017
"1757524","Panola village, Illinois",1e+05,2017
"1751180","Mount Vernon city, Illinois",37358,2017
"1772624","Steward village, Illinois",62188,2017
"1738375","Jerome village, Illinois",50833,2017
"1763862","Ridge Farm village, Illinois",41950,2017
"1775276","Tilton village, Illinois",40738,2017
"1739909","Kincaid village, Illinois",43150,2017
"1700568","Albion city, Illinois",41019,2017
"1704806","Belle Rive village, Illinois",42083,2017
"1751947","Nelson village, Illinois",40000,2017
"1780008","West Brooklyn village, Illinois",47000,2017
"1737127","Illiopolis village, Illinois",60000,2017
"1770759","Southern View village, Illinois",47568,2017
"1772000","Springfield city, Illinois",51789,2017
"1778149","Virden city, Illinois",54769,2017
"1741859","Lanark city, Illinois",48542,2017
"1749191","Milledgeville village, Illinois",47143,2017
"1739532","Kenney village, Illinois",52054,2017
"1777707","Verona village, Illinois",49375,2017
"1712567","Charleston city, Illinois",29968,2017
"1714286","Christopher city, Illinois",33356,2017
"1748333","Mendota city, Illinois",52050,2017
"1768640","Seneca village, Illinois",67351,2017
"1774743","Teutopolis village, Illinois",76477,2017
"1709889","Burnt Prairie village, Illinois",47500,2017
"1722151","Easton village, Illinois",50000,2017
"1733513","Havana city, Illinois",37373,2017
"1746383","Manito village, Illinois",61576,2017
"1763043","Red Bud city, Illinois",55446,2017
"1772468","Steeleville village, Illinois",51250,2017
"1701543","Anna city, Illinois",43071,2017
"1744927","Louisville village, Illinois",39522,2017
"1769810","Sibley village, Illinois",48125,2017
"1783505","Worden village, Illinois",55893,2017
"1730926","Granite City city, Illinois",46916,2017
"1733279","Hartford village, Illinois",44342,2017
"1776199","Troy city, Illinois",71346,2017
"1716366","Cordova village, Illinois",62625,2017
"1749867","Moline city, Illinois",52173,2017
"1766040","Round Lake Beach village, Illinois",66268,2017
"1766066","Round Lake Park village, Illinois",46196,2017
"1777694","Vernon Hills village, Illinois",97880,2017
"1771240","South Roxana village, Illinois",41250,2017
"1754703","Oak Grove village, Illinois",30000,2017
"1763420","Reynolds village, Illinois",56563,2017
"1771448","Sparta city, Illinois",43802,2017
"1721605","East Cape Girardeau village, Illinois",28750,2017
"1708992","Brownstown village, Illinois",49583,2017
"1762627","Ramsey village, Illinois",35703,2017
"1709317","Buckley village, Illinois",43333,2017
"1714468","Cissna Park village, Illinois",37500,2017
"1710630","Cambria village, Illinois",46250,2017
"1750244","Monticello city, Illinois",74583,2017
"1738869","Kane village, Illinois",36000,2017
"1764811","Rockbridge village, Illinois",38523,2017
"1756978","Otterville town, Illinois",21250,2017
"1721358","Dwight village, Illinois",55227,2017
"1744576","Long Point village, Illinois",51964,2017
"1761015","Pontiac city, Illinois",46910,2017
"1748645","Metropolis city, Illinois",33452,2017
"1702505","Ashland village, Illinois",65145,2017
"1728742","Garrett village, Illinois",37500,2017
"1776407","Tuscola city, Illinois",50000,2017
"1718303","Dahlgren village, Illinois",36875,2017
"1730575","Goreville village, Illinois",50650,2017
"1751986","Neoga city, Illinois",36797,2017
"1753585","North City village, Illinois",51250,2017
"1780333","West Frankfort city, Illinois",26993,2017
"1778526","Walnut village, Illinois",54423,2017
"1764018","Ridgway village, Illinois",34946,2017
"1724543","Eureka city, Illinois",57335,2017
"1739038","Kappa village, Illinois",62083,2017
"1720370","Dorchester village, Illinois",50000,2017
"1734423","Hettick village, Illinois",48125,2017
"1751024","Mount Olive city, Illinois",51815,2017
"1772403","Staunton city, Illinois",41985,2017
"1710448","Calhoun village, Illinois",34476,2017
"1734007","Henderson village, Illinois",50000,2017
"1713165","Chesterfield village, Illinois",69792,2017
"1768406","Scottville village, Illinois",48750,2017
"1718563","Danville city, Illinois",36410,2017
"1769914","Sigel town, Illinois",60179,2017
"1715170","Coal City village, Illinois",72188,2017
"1717458","Crest Hill city, Illinois",54198,2017
"1719837","Diamond village, Illinois",57298,2017
"1727644","Frankfort Square CDP, Illinois",95037,2017
"1751622","Naperville city, Illinois",114014,2017
"1765442","Romeoville village, Illinois",73033,2017
"1783245","Woodridge village, Illinois",80757,2017
"1704078","Batavia city, Illinois",92094,2017
"1728872","Geneva city, Illinois",105161,2017
"1711592","Cary village, Illinois",98529,2017
"1779397","Wayne village, Illinois",133804,2017
"1727442","Fox Lake village, Illinois",57702,2017
"1761678","Prairie Grove village, Illinois",113618,2017
"1710149","Butler village, Illinois",36563,2017
"1743965","Litchfield city, Illinois",43045,2017
"1723698","Elmwood city, Illinois",60156,2017
"1731576","Greenview village, Illinois",50250,2017
"1755717","Old Ripley village, Illinois",NA,2017
"1724699","Exeter village, Illinois",41250,2017
"1718472","Damiansville village, Illinois",66786,2017
"1739441","Kempton village, Illinois",49250,2017
"1710084","Bush village, Illinois",37708,2017
"1749048","Milford village, Illinois",39609,2017
"1756081","Onarga village, Illinois",44500,2017
"1751349","Mundelein village, Illinois",86336,2017
"1757654","Park City city, Illinois",40431,2017
"1775874","Tower Lakes village, Illinois",149063,2017
"1769277","Sheridan village, Illinois",60144,2017
"1776225","Troy Grove village, Illinois",76250,2017
"1725375","Farina village, Illinois",36544,2017
"1737933","Iuka village, Illinois",43125,2017
"1758057","Patoka village, Illinois",50089,2017
"1700867","Allenville village, Illinois",57750,2017
"1700958","Alorton village, Illinois",19450,2017
"1725713","Fayetteville village, Illinois",51250,2017
"1744446","London Mills village, Illinois",41875,2017
"1746695","Maquon village, Illinois",47083,2017
"1766677","St. Augustine village, Illinois",37250,2017
"1705209","Benld city, Illinois",40580,2017
"1718225","Cutler village, Illinois",41667,2017
"1708953","Browning village, Illinois",66250,2017
"1711176","Carbon Hill village, Illinois",61250,2017
"1747397","Maryville village, Illinois",83141,2017
"1752415","New Douglas village, Illinois",51250,2017
"1701426","Andalusia village, Illinois",68654,2017
"1717077","Coyne Center CDP, Illinois",79318,2017
"1715807","Colp village, Illinois",34250,2017
"1712801","Chebanse village, Illinois",65977,2017
"1704897","Bellflower village, Illinois",54063,2017
"1716210","Cooksville village, Illinois",55250,2017
"1703610","Bannockburn village, Illinois",123750,2017
"1709447","Buffalo Grove village, Illinois",106564,2017
"1730900","Grandwood Park CDP, Illinois",102548,2017
"1740988","Lake Catherine CDP, Illinois",61563,2017
"1733630","Hawthorn Woods village, Illinois",168224,2017
"1743250","Libertyville village, Illinois",126406,2017
"1775081","Third Lake village, Illinois",113438,2017
"1748671","Mettawa village, Illinois",160000,2017
"1753559","North Chicago city, Illinois",41679,2017
"1778227","Volo village, Illinois",93333,2017
"1779293","Waukegan city, Illinois",48551,2017
"1784220","Zion city, Illinois",44885,2017
"1730978","Grantfork village, Illinois",73125,2017
"1744160","Livingston village, Illinois",42206,2017
"1746864","Marine village, Illinois",51094,2017
"1711150","Carbon Cliff village, Illinois",34132,2017
"1715235","Coal Valley village, Illinois",64095,2017
"1781087","Wheeling village, Illinois",62478,2017
"1730094","Godfrey village, Illinois",68530,2017
"1732564","Hampton village, Illinois",72500,2017
"1749009","Milan village, Illinois",43871,2017
"1742971","Le Roy city, Illinois",62031,2017
"1714572","Clarendon Hills village, Illinois",113447,2017
"1729756","Glen Ellyn village, Illinois",105609,2017
"1737907","Itasca village, Illinois",84726,2017
"1753234","Normal town, Illinois",56363,2017
"1727663","Franklin village, Illinois",64219,2017
"1709356","Buda village, Illinois",41176,2017
"1740598","Ladd village, Illinois",65478,2017
"1768471","Seatonville village, Illinois",53281,2017
"1769147","Sheffield village, Illinois",44688,2017
"1744719","Loraine village, Illinois",50357,2017
"1719161","DeKalb city, Illinois",41009,2017
"1740156","Kirkland village, Illinois",59205,2017
"1716405","Cornell village, Illinois",49375,2017
"1765481","Roodhouse city, Illinois",31045,2017
"1755171","Odell village, Illinois",58631,2017
"1710695","Camden village, Illinois",45625,2017
"1747254","Martinsville city, Illinois",44107,2017
"1779241","Watson village, Illinois",47500,2017
"1729431","Gladstone village, Illinois",31979,2017
"1762848","Raritan village, Illinois",58750,2017
"1752103","Newark village, Illinois",73409,2017
"1767548","Sandwich city, Illinois",61656,2017
"1705612","Bethany village, Illinois",41827,2017
"1715599","Collinsville city, Illinois",51968,2017
"1745811","McLean village, Illinois",68542,2017
"1767912","Saybrook village, Illinois",56875,2017
"1738115","Jacksonville city, Illinois",41542,2017
"1704013","Bartlett village, Illinois",99957,2017
"1721852","East Gillespie village, Illinois",60417,2017
"1749802","Modesto village, Illinois",53359,2017
"1767873","Sawyerville village, Illinois",33000,2017
"1781191","White City village, Illinois",48958,2017
"1724985","Fairmount village, Illinois",43929,2017
"1747163","Marshall city, Illinois",45047,2017
"1719915","Dieterich village, Illinois",57667,2017
"1705898","Biggsville village, Illinois",58750,2017
"1716613","Coulterville village, Illinois",35602,2017
"1721540","Earlville city, Illinois",46350,2017
"1761639","Prairie du Rocher village, Illinois",44531,2017
"1732616","Hanaford village, Illinois",32500,2017
"1710773","Campbell Hill village, Illinois",53958,2017
"1718446","Dalton City village, Illinois",58625,2017
"1728807","Gays village, Illinois",44688,2017
"1711644","Caseyville village, Illinois",46250,2017
"1725414","Farmer City city, Illinois",50750,2017
"1779449","Waynesville village, Illinois",60250,2017
"1779683","Weldon village, Illinois",41406,2017
"1728638","Gardner village, Illinois",65000,2017
"1750491","Morris city, Illinois",56181,2017
"1709531","Bull Valley village, Illinois",120313,2017
"1709759","Burlington village, Illinois",76146,2017
"1735411","Hoffman Estates village, Illinois",87608,2017
"1743406","Lily Lake village, Illinois",113000,2017
"1772221","Standard village, Illinois",41544,2017
"1779033","Washington city, Illinois",71930,2017
"1700685","Algonquin village, Illinois",103291,2017
"1759988","Pingree Grove village, Illinois",78433,2017
"1766703","St. Charles city, Illinois",90883,2017
"1741326","Lakemoor village, Illinois",72995,2017
"1755041","Oakwood Hills village, Illinois",91711,2017
"1782855","Wonder Lake village, Illinois",76250,2017
"1715209","Coalton village, Illinois",34808,2017
"1725440","Farmersville village, Illinois",50500,2017
"1737738","Irving village, Illinois",35000,2017
"1778383","Waggoner village, Illinois",24375,2017
"1755899","Olmsted village, Illinois",27292,2017
"1729093","German Valley village, Illinois",46429,2017
"1742834","Lena village, Illinois",53804,2017
"1704273","Bay View Gardens village, Illinois",37083,2017
"1739753","Keyesport village, Illinois",31538,2017
"1782270","Winchester city, Illinois",54583,2017
"1774847","Thawville village, Illinois",40750,2017
"1731368","Greenfield city, Illinois",39750,2017
"1735203","Hillview village, Illinois",41250,2017
"1730653","Grafton city, Illinois",48906,2017
"1726311","Flanagan village, Illinois",48235,2017
"1773131","Strawn village, Illinois",57000,2017
"1739857","Kilbourne village, Illinois",30714,2017
"1708303","Brimfield village, Illinois",65568,2017
"1721176","Dunlap village, Illinois",1e+05,2017
"1765403","Rome CDP, Illinois",56307,2017
"1754625","Oakford village, Illinois",52708,2017
"1760872","Pocahontas village, Illinois",42067,2017
"1770525","Sorento village, Illinois",25625,2017
"1758239","Paxton city, Illinois",49231,2017
"1760079","Piper City village, Illinois",47431,2017
"1714936","Clifton village, Illinois",56420,2017
"1754404","Norwood village, Illinois",55000,2017
"1723074","Elgin city, Illinois",63655,2017
"1743094","Lexington city, Illinois",72396,2017
"1780060","West Chicago city, Illinois",68413,2017
"1737803","Irwin village, Illinois",59375,2017
"1706613","Bloomington city, Illinois",64503,2017
"1702609","Assumption city, Illinois",37137,2017
"1715001","Clinton city, Illinois",45877,2017
"1745278","Lyndon village, Illinois",42019,2017
"1763069","Redmon village, Illinois",51375,2017
"1738349","Jeisyville village, Illinois",56250,2017
"1757472","Pana city, Illinois",41197,2017
"1702557","Ashmore village, Illinois",53421,2017
"1707263","Bonnie village, Illinois",48929,2017
"1751726","Nason city, Illinois",30417,2017
"1730835","Grandview village, Illinois",43300,2017
"1764486","Riverton village, Illinois",60988,2017
"1771474","Spaulding village, Illinois",95875,2017
"1781854","Williamsville village, Illinois",83472,2017
"1752155","New Bedford village, Illinois",51250,2017
"1755379","Ohio village, Illinois",47917,2017
"1727624","Frankfort village, Illinois",118508,2017
"1744225","Lockport city, Illinois",85023,2017
"1759052","Peotone village, Illinois",80776,2017
"1743133","Liberty village, Illinois",52500,2017
"1743445","Lima village, Illinois",51563,2017
"1735814","Homer village, Illinois",55625,2017
"1741346","Lake of the Woods CDP, Illinois",49510,2017
"1745174","Ludlow village, Illinois",44028,2017
"1723256","Elk Grove Village village, Illinois",73214,2017
"1729730","Glendale Heights village, Illinois",62763,2017
"1727858","Freeman Spur village, Illinois",51528,2017
"1736815","Hurst city, Illinois",33235,2017
"1778656","Walshville village, Illinois",39167,2017
"1745616","McCullom Lake village, Illinois",52917,2017
"1746786","Marengo city, Illinois",61250,2017
"1720318","Donnellson village, Illinois",28264,2017
"1774561","Taylor Springs village, Illinois",42422,2017
"1764044","Ridott village, Illinois",39792,2017
"1723737","El Paso city, Illinois",55976,2017
"1728300","Galena city, Illinois",51964,2017
"1753195","Nora village, Illinois",49375,2017
"1723971","Emden village, Illinois",47500,2017
"1744524","Long Grove village, Illinois",187212,2017
"1764538","Riverwoods village, Illinois",203125,2017
"1766027","Round Lake village, Illinois",74011,2017
"1766053","Round Lake Heights village, Illinois",68462,2017
"1777460","Venetian Village CDP, Illinois",80881,2017
"1778370","Wadsworth village, Illinois",98409,2017
"1769368","Sherrard village, Illinois",56667,2017
"1751128","Mount Pulaski city, Illinois",61970,2017
"1738739","Joy village, Illinois",46806,2017
"1753793","North Henderson village, Illinois",46125,2017
"1703948","Barry city, Illinois",41331,2017
"1769186","Shelbyville city, Illinois",36503,2017
"1711618","Casey city, Illinois",37297,2017
"1775601","Toledo village, Illinois",43409,2017
"1778851","Warren village, Illinois",46583,2017
"1748853","Middletown village, Illinois",51875,2017
"1703012","Aurora city, Illinois",66848,2017
"1782309","Windsor village, Illinois",46983,2017
"1704247","Baylis village, Illinois",25500,2017
"1742912","Leonore village, Illinois",52813,2017
"1740117","Kinmundy city, Illinois",40096,2017
"1742496","Lebanon city, Illinois",54621,2017
"1753871","Northlake city, Illinois",51948,2017
"1708186","Bridgeport city, Illinois",43295,2017
"1710240","Byron city, Illinois",53793,2017
"1705573","Berwyn city, Illinois",59801,2017
"1729171","Gilberts village, Illinois",105087,2017
"1718706","Davis village, Illinois",51042,2017
"1772780","Stockton village, Illinois",43125,2017
"1751882","Nebo village, Illinois",19615,2017
"1740416","Knoxville city, Illinois",53333,2017
"1767795","Saunemin village, Illinois",56563,2017
"1716691","Country Club Hills city, Illinois",57572,2017
"1736841","Hutsonville village, Illinois",47679,2017
"1771422","Sparland village, Illinois",45500,2017
"1737712","Iroquois village, Illinois",49688,2017
"1738674","Joppa village, Illinois",28750,2017
"1779267","Wauconda village, Illinois",76561,2017
"1772949","Stonington village, Illinois",60938,2017
"1711124","Capron village, Illinois",54286,2017
"1700997","Alsey village, Illinois",33750,2017
"1752467","New Grand Chain village, Illinois",38750,2017
"1734449","Heyworth village, Illinois",71591,2017
"1723529","Ellisville village, Illinois",38750,2017
"1780762","West Point village, Illinois",45313,2017
"1705443","Berlin village, Illinois",50417,2017
"1752168","New Berlin village, Illinois",66477,2017
"1749308","Millington village, Illinois",66250,2017
"1709577","Bunker Hill city, Illinois",45536,2017
"1762016","Prospect Heights city, Illinois",60929,2017
"1709551","Buncombe village, Illinois",43750,2017
"1774665","Tennessee village, Illinois",45000,2017
"1748307","Mendon village, Illinois",54531,2017
"1767860","Savoy village, Illinois",67177,2017
"1746331","Manchester village, Illinois",40625,2017
"1743939","Lisle village, Illinois",83745,2017
"1761899","Princeton city, Illinois",51671,2017
"1773391","Sugar Grove village, Illinois",106879,2017
"1704793","Belle Prairie City town, Illinois",60938,2017
"1724764","Fairbury city, Illinois",42808,2017
"1740091","Kingston Mines village, Illinois",44063,2017
"1769212","Sheldon village, Illinois",38925,2017
"1737998","Ivesdale village, Illinois",50000,2017
"1783622","Wyanet village, Illinois",45114,2017
"1748606","Metamora village, Illinois",64706,2017
"1724920","Fairmont CDP, Illinois",45313,2017
"1764928","Rock Falls city, Illinois",44848,2017
"1736542","Humboldt village, Illinois",45455,2017
"1769342","Sherman village, Illinois",102153,2017
"1760287","Plainfield village, Illinois",121746,2017
"1711332","Carol Stream village, Illinois",76078,2017
"1727689","Franklin Grove village, Illinois",46875,2017
"1757303","Palmer village, Illinois",59750,2017
"1711033","Cantrall village, Illinois",78750,2017
"1724816","Fairfield city, Illinois",37444,2017
"1704598","Beecher City village, Illinois",36719,2017
"1731992","Gulf Port village, Illinois",53750,2017
"1708524","Brocton village, Illinois",51250,2017
"1732200","Hainesville village, Illinois",85549,2017
"1719681","Detroit village, Illinois",48125,2017
"1755132","Oconee village, Illinois",48125,2017
"1717523","Crete village, Illinois",70904,2017
"1717939","Crystal Lawns CDP, Illinois",80721,2017
"1712203","Centreville city, Illinois",17441,2017
"1728898","Genoa city, Illinois",54436,2017
"1766989","St. Libory village, Illinois",64625,2017
"1779085","Washington Park village, Illinois",25390,2017
"1716470","Cortland town, Illinois",68615,2017
"1780853","West Salem village, Illinois",43250,2017
"1721254","Dupo village, Illinois",45203,2017
"1727806","Freeburg village, Illinois",73590,2017
"1722645","Edinburg village, Illinois",53796,2017
"1707510","Bowen village, Illinois",41250,2017
"1723841","Elvaston village, Illinois",30938,2017
"1732434","Hamilton city, Illinois",49279,2017
"1720565","Dowell village, Illinois",30375,2017
"1751453","Murphysboro city, Illinois",36086,2017
"1777525","Vergennes village, Illinois",39375,2017
"1780736","West Peoria city, Illinois",47397,2017
"1774379","Tallula village, Illinois",53750,2017
"1742860","Lenzburg village, Illinois",42083,2017
"1773547","Summerfield village, Illinois",44333,2017
"1711228","Carlyle city, Illinois",54623,2017
"1729041","Germantown village, Illinois",54750,2017
"1764655","Roberts village, Illinois",30833,2017
"1777681","Vernon village, Illinois",32083,2017
"1752220","New Boston city, Illinois",42500,2017
"1768458","Seaton village, Illinois",54167,2017
"1731771","Griggsville city, Illinois",47656,2017
"1752805","New Salem village, Illinois",25139,2017
"1782322","Windsor city, Illinois",40268,2017
"1712476","Channahon village, Illinois",88516,2017
"1700516","Albany village, Illinois",53063,2017
"1716873","Countryside city, Illinois",52892,2017
"1711527","Carthage city, Illinois",48750,2017
"1740832","La Harpe city, Illinois",40893,2017
"1751791","Nauvoo city, Illinois",51779,2017
"1761080","Pontoosuc village, Illinois",38750,2017
"1768991","Shannon village, Illinois",45000,2017
"1778773","Wapella village, Illinois",55313,2017
"1747787","Mazon village, Illinois",63594,2017
"1736477","Huey village, Illinois",28750,2017
"1751661","Naples town, Illinois",50000,2017
"1704507","Beaverville village, Illinois",40625,2017
"1752623","Newman city, Illinois",40208,2017
"1745642","Macedonia village, Illinois",38125,2017
"1730458","Good Hope village, Illinois",48125,2017
"1712528","Chapin village, Illinois",46042,2017
"1711514","Carterville city, Illinois",58267,2017
"1718498","Danforth village, Illinois",59531,2017
"1720331","Donovan village, Illinois",33438,2017
"1729275","Gilman city, Illinois",50405,2017
"1724166","Energy village, Illinois",46964,2017
"1771526","Spillertown village, Illinois",36000,2017
"1714273","Chrisman city, Illinois",48409,2017
"1748632","Metcalf village, Illinois",38750,2017
"1777551","Vermilion village, Illinois",50313,2017
"1774574","Taylorville city, Illinois",43780,2017
"1707224","Bone Gap village, Illinois",41667,2017
"1708979","Browns village, Illinois",42500,2017
"1719031","Deer Grove village, Illinois",64375,2017
"1704585","Beecher village, Illinois",67150,2017
"1761860","Preston Heights CDP, Illinois",41902,2017
"1724179","Enfield village, Illinois",32250,2017
"1735047","Hillsboro city, Illinois",48682,2017
"1718940","Deer Creek village, Illinois",65417,2017
"1746981","Mark village, Illinois",51250,2017
"1703675","Bardolph village, Illinois",21406,2017
"1770590","South Beloit city, Illinois",63174,2017
"1732395","Hamburg village, Illinois",41250,2017
"1766924","St. Johns village, Illinois",48750,2017
"1704845","Belleville city, Illinois",42406,2017
"1767821","Savanna city, Illinois",32115,2017
"1707640","Braceville village, Illinois",61250,2017
"1706756","Blue Mound village, Illinois",45865,2017
"1760352","Plano city, Illinois",59631,2017
"1784038","Yorkville city, Illinois",95383,2017
"1733227","Harristown village, Illinois",53365,2017
"1745941","Macon city, Illinois",56406,2017
"1778916","Warrensburg village, Illinois",57321,2017
"1701205","Alto Pass village, Illinois",33500,2017
"1726454","Flora city, Illinois",41875,2017
"1701491","Andover village, Illinois",63472,2017
"1701569","Annawan town, Illinois",48359,2017
"1718992","Deerfield village, Illinois",142621,2017
"1705599","Bethalto village, Illinois",62782,2017
"1721553","East Alton village, Illinois",46161,2017
"1740910","Lake Bluff village, Illinois",160417,2017
"1741586","Lake Villa village, Illinois",92951,2017
"1743666","Lincolnshire village, Illinois",116554,2017
"1743770","Lindenhurst village, Illinois",93806,2017
"1754781","Oakland city, Illinois",42292,2017
"1756536","Orient city, Illinois",32188,2017
"1766209","Royalton village, Illinois",35250,2017
"1703103","Ava city, Illinois",42500,2017
"1723373","Elkville village, Illinois",36202,2017
"1718485","Dana village, Illinois",NA,2017
"1738921","Kangley village, Illinois",49306,2017
"1700919","Alma village, Illinois",33214,2017
"1773495","Sullivan city, Illinois",40807,2017
"1708667","Brooklyn village, Illinois",16369,2017
"1745993","Madison city, Illinois",25175,2017
"1746955","Marissa village, Illinois",37500,2017
"1713139","Chester city, Illinois",35000,2017
"1735268","Hinckley village, Illinois",65938,2017
"1707419","Boulder Hill CDP, Illinois",65085,2017
"1752961","Niantic village, Illinois",55515,2017
"1724608","Evansville village, Illinois",46302,2017
"1766287","Ruma village, Illinois",66563,2017
"1774457","Tamms village, Illinois",33750,2017
"1736074","Hooppole village, Illinois",36985,2017
"1739727","Kewanee city, Illinois",38207,2017
"1701595","Antioch village, Illinois",80219,2017
"1702154","Arlington Heights village, Illinois",87790,2017
"1712489","Channel Lake CDP, Illinois",65063,2017
"1719083","Deer Park village, Illinois",163750,2017
"1744550","Long Lake CDP, Illinois",61143,2017
"1770213","Smithboro village, Illinois",56964,2017
"1707913","Breese city, Illinois",67255,2017
"1780281","Westfield village, Illinois",52303,2017
"1701049","Altamont city, Illinois",41220,2017
"1705274","Bentley town, Illinois",NA,2017
"1700243","Addison village, Illinois",58636,2017
"1723620","Elmhurst city, Illinois",104222,2017
"1707744","Bradley village, Illinois",60701,2017
"1768003","Schaumburg village, Illinois",77022,2017
"1781919","Willowbrook village, Illinois",67780,2017
"1738934","Kankakee city, Illinois",35601,2017
"1749893","Momence city, Illinois",62574,2017
"1776771","Union Hill village, Illinois",65625,2017
"1723555","Ellsworth village, Illinois",70500,2017
"1716054","Concord village, Illinois",33750,2017
"1770889","South Jacksonville village, Illinois",52486,2017
"1731017","Granville village, Illinois",58250,2017
"1747592","Maunie village, Illinois",38750,2017
"1753403","Norris City village, Illinois",40000,2017
"1774470","Tampico village, Illinois",37450,2017
"1717406","Crescent City village, Illinois",49250,2017
"1747280","Martinton village, Illinois",51806,2017
"1760209","Pittsburg village, Illinois",32656,2017
"1766794","St. Elmo city, Illinois",35000,2017
"1706171","Bishop Hill village, Illinois",45000,2017
"1708576","Brookfield village, Illinois",78481,2017
"1710487","Calumet City city, Illinois",42403,2017
"1734514","Hickory Hills city, Illinois",63865,2017
"1748242","Melrose Park village, Illinois",47925,2017
"1757394","Palos Hills city, Illinois",57956,2017
"1763706","Richton Park village, Illinois",53179,2017
"1748554","Merrionette Park village, Illinois",49943,2017
"1753000","Niles village, Illinois",58293,2017
"1754820","Oak Lawn village, Illinois",61398,2017
"1759572","Phoenix village, Illinois",38452,2017
"1768081","Schiller Park village, Illinois",55999,2017
"1772923","Stone Park village, Illinois",41512,2017
"1775185","Thornton village, Illinois",56409,2017
"1783518","Worth village, Illinois",53452,2017
"1701881","Arcola city, Illinois",51003,2017
"1708875","Broughton village, Illinois",23750,2017
"1760833","Plymouth village, Illinois",36771,2017
"1721280","Durand village, Illinois",49554,2017
"1745726","Machesney Park village, Illinois",56488,2017
"1760339","Plainville village, Illinois",39167,2017
"1754885","Oak Park village, Illinois",87271,2017
"1734098","Hennepin village, Illinois",62083,2017
"1737608","Inverness village, Illinois",173828,2017
"1747007","Markham city, Illinois",35200,2017
"1764616","Robbins village, Illinois",30285,2017
"1780047","Westchester village, Illinois",76784,2017
"1704351","Beardstown city, Illinois",38382,2017
"1712450","Chandlerville village, Illinois",41500,2017
"1719200","De Land village, Illinois",43750,2017
"1704117","Batchtown village, Illinois",66875,2017
"1784155","Zeigler city, Illinois",42742,2017
"1730770","Grand Tower city, Illinois",32500,2017
"1738856","Kampsville village, Illinois",38250,2017
"1750868","Mount Carmel city, Illinois",44500,2017
"1765078","Rock Island city, Illinois",45244,2017
"1769979","Silvis city, Illinois",47754,2017
"1739259","Keensburg village, Illinois",50625,2017
"1740884","Lake Barrington village, Illinois",101582,2017
"1746110","Magnolia village, Illinois",45313,2017
"1743900","Lisbon village, Illinois",60313,2017
"1750218","Montgomery village, Illinois",84284,2017
"1701270","Amboy city, Illinois",44041,2017
"1737179","Ina village, Illinois",31875,2017
"1778708","Waltonville village, Illinois",36875,2017
"1783206","Woodlawn village, Illinois",53854,2017
"1702583","Ashton village, Illinois",52596,2017
"1761925","Princeville village, Illinois",54934,2017
"1718823","Decatur city, Illinois",41977,2017
"1756471","Oreana village, Illinois",53636,2017
"1732668","Hanna City village, Illinois",55455,2017
"1751648","Naplate village, Illinois",45750,2017
"1702921","Auburn city, Illinois",60427,2017
"1718745","Dawson village, Illinois",51696,2017
"1748021","Mechanicsburg village, Illinois",61250,2017
"1756926","Ottawa city, Illinois",50250,2017
"1704052","Basco village, Illinois",41250,2017
"1706184","Bismarck village, Illinois",63125,2017
"1729236","Gillespie city, Illinois",40236,2017
"1753039","Nilwood town, Illinois",45417,2017
"1757329","Palmyra village, Illinois",33438,2017
"1733435","Harwood Heights village, Illinois",54080,2017
"1714026","Chicago Heights city, Illinois",45843,2017
"1714065","Chicago Ridge village, Illinois",44221,2017
"1723724","Elmwood Park village, Illinois",55772,2017
"1735879","Homewood village, Illinois",72955,2017
"1765845","Roseville village, Illinois",41893,2017
"1726350","Flat Rock village, Illinois",41667,2017
"1773027","Stoy village, Illinois",70938,2017
"1781074","Wheeler village, Illinois",32500,2017
"1742171","La Rose village, Illinois",31250,2017
"1753481","Northbrook village, Illinois",119568,2017
"1756627","Orland Hills village, Illinois",85855,2017
"1768705","Sesser city, Illinois",41442,2017
"1725895","Ferris village, Illinois",41250,2017
"1705092","Belvidere city, Illinois",51021,2017
"1761145","Poplar Grove village, Illinois",81333,2017
"1719616","De Soto village, Illinois",41926,2017
"1746214","Makanda village, Illinois",62083,2017
"1742587","Lee village, Illinois",59063,2017
"1773287","Sublette village, Illinois",50750,2017
"1709434","Buffalo village, Illinois",40357,2017
"1712684","Chatham village, Illinois",81402,2017
"1764759","Rochester village, Illinois",94643,2017
"1714455","Cisne village, Illinois",32222,2017
"1711982","Cedar Point village, Illinois",65179,2017
"1744823","Lostant village, Illinois",61563,2017
"1712151","Central City village, Illinois",40433,2017
"1767444","Sandoval village, Illinois",33684,2017
"1770031","Sims village, Illinois",41912,2017
"1756159","Oneida city, Illinois",66964,2017
"1729392","Girard city, Illinois",43929,2017
"1750920","Mount Clare village, Illinois",38036,2017
"1769563","Shipman town, Illinois",61458,2017
"1782075","Wilmette village, Illinois",148678,2017
"1757225","Palatine village, Illinois",76633,2017
"1765819","Rosemont village, Illinois",53080,2017
"1770850","South Holland village, Illinois",61217,2017
"1712970","Cherry village, Illinois",51071,2017
"1719499","De Pue village, Illinois",40694,2017
"1749516","Mineral village, Illinois",53750,2017
"1722164","East Peoria city, Illinois",51138,2017
"1735307","Hinsdale village, Illinois",171453,2017
"1778929","Warrenville city, Illinois",84194,2017
"1765897","Rosiclare city, Illinois",23523,2017
"1710292","Cabery village, Illinois",44500,2017
"1724452","Essex village, Illinois",70000,2017
"1730991","Grant Park village, Illinois",60789,2017
"1715495","Colfax village, Illinois",56587,2017
"1772260","Stanford village, Illinois",55500,2017
"1751479","Murrayville village, Illinois",43571,2017
"1736126","Hopedale village, Illinois",52656,2017
"1747111","Marquette Heights city, Illinois",61992,2017
"1711358","Carpentersville village, Illinois",61489,2017
"1753442","North Aurora village, Illinois",82354,2017
"1727533","Fox River Grove village, Illinois",101574,2017
"1733851","Hebron village, Illinois",53482,2017
"1738479","Johnsburg village, Illinois",113864,2017
"1776706","Union village, Illinois",63750,2017
"1733357","Harvel village, Illinois",46250,2017
"1776615","Ullin village, Illinois",24048,2017
"1773943","Sun River Terrace village, Illinois",43500,2017
"1712931","Chenoa city, Illinois",52305,2017
"1720643","Downs village, Illinois",77625,2017
"1731732","Gridley village, Illinois",59821,2017
"1775822","Towanda village, Illinois",53125,2017
"1783336","Woodson village, Illinois",51563,2017
"1750010","Monmouth city, Illinois",39173,2017
"1750790","Mound Station village, Illinois",73000,2017
"1766768","St. David village, Illinois",43594,2017
"1766800","Ste. Marie village, Illinois",44375,2017
"1783765","Yale village, Illinois",39688,2017
"1773703","Sumner city, Illinois",33204,2017
"1718719","Davis Junction village, Illinois",70795,2017
"1754586","Oakdale village, Illinois",60000,2017
"1763719","Richview village, Illinois",37981,2017
"1777408","Venedy village, Illinois",85833,2017
"1701010","Alsip village, Illinois",52432,2017
"1708446","Broadview village, Illinois",53100,2017
"1751154","Mount Sterling city, Illinois",47102,2017
"1719642","Des Plaines city, Illinois",67415,2017
"1726987","Forest View village, Illinois",61094,2017
"1733695","Hazel Crest village, Illinois",54196,2017
"1777720","Versailles village, Illinois",47708,2017
"1764707","Robinson city, Illinois",43589,2017
"1715833","Columbia city, Illinois",83850,2017
"1721618","East Carondelet village, Illinois",43438,2017
"1724933","Fairmont City village, Illinois",35179,2017
"1747423","Mascoutah city, Illinois",75323,2017
"1704156","Bath village, Illinois",27813,2017
"1767613","San Jose village, Illinois",53125,2017
"1704039","Bartonville village, Illinois",50141,2017
"1704871","Bellevue village, Illinois",47350,2017
"1746643","Mapleton village, Illinois",58438,2017
"1751284","Mulberry Grove village, Illinois",29917,2017
"1729496","Glasgow village, Illinois",55000,2017
"1704000","Bartelso village, Illinois",90909,2017
"1735398","Hoffman village, Illinois",38750,2017
"1775991","Trenton city, Illinois",59509,2017
"1723425","Elliott village, Illinois",53125,2017
"1748268","Melvin village, Illinois",41250,2017
"1733383","Harvey city, Illinois",24343,2017
"1738830","Justice village, Illinois",48355,2017
"1739519","Kenilworth village, Illinois",203750,2017
"1743744","Lincolnwood village, Illinois",93226,2017
"1746058","Maeystown village, Illinois",51786,2017
"1779150","Waterloo city, Illinois",65445,2017
"1783687","Wyoming city, Illinois",42500,2017
"1741456","Lake Summerset CDP, Illinois",70670,2017
"1765611","Roscoe village, Illinois",79253,2017
"1703207","Avon village, Illinois",48523,2017
"1725531","Farmington city, Illinois",53295,2017
"1740559","Lacon city, Illinois",47863,2017
"1700295","Adeline village, Illinois",43750,2017
"1772702","Stillman Valley village, Illinois",61750,2017
"1728261","Galatia village, Illinois",28571,2017
"1736347","Hoyleton village, Illinois",57031,2017
"1740182","Kirkwood village, Illinois",54375,2017
"1755106","Oblong village, Illinois",38256,2017
"1711007","Canton city, Illinois",41027,2017
"1721098","Dunfermline village, Illinois",45694,2017
"1737647","Ipava village, Illinois",43125,2017
"1765754","Rose Hill village, Illinois",42500,2017
"1766404","Russellville village, Illinois",33750,2017
"1727065","Forreston village, Illinois",42326,2017
"1751271","Muddy village, Illinois",33750,2017
"1702531","Ashley city, Illinois",40250,2017
"1726896","Forest Lake CDP, Illinois",125197,2017
"1715300","Cobden village, Illinois",39844,2017
"1710383","Cairo city, Illinois",24549,2017
"1728430","Galva city, Illinois",38558,2017
"1701114","Alton city, Illinois",37495,2017
"1731121","Grayslake village, Illinois",86861,2017
"1734722","Highland Park city, Illinois",137450,2017
"1737218","Indian Creek village, Illinois",126000,2017
"1739883","Kildeer village, Illinois",174632,2017
"1722697","Edwardsville city, Illinois",72832,2017
"1755639","Old Mill Creek village, Illinois",85000,2017
"1775965","Tremont village, Illinois",56938,2017
"1717549","Creve Coeur village, Illinois",47779,2017
"1758447","Pekin city, Illinois",51759,2017
"1772156","Spring Valley city, Illinois",45482,2017
"1767925","Scales Mound village, Illinois",51771,2017
"1708472","Broadwell village, Illinois",55000,2017
"1723269","Elkhart village, Illinois",65694,2017
"1729145","Gifford village, Illinois",64432,2017
"1707471","Bourbonnais village, Illinois",67052,2017
"1704303","Beach Park village, Illinois",75165,2017
"1732018","Gurnee village, Illinois",90548,2017
"1728248","Gages Lake CDP, Illinois",95135,2017
"1758265","Payson village, Illinois",52083,2017
"1726194","Fisher village, Illinois",54886,2017
"1741105","Lake Forest city, Illinois",169122,2017
"1753455","North Barrington village, Illinois",167625,2017
"1727455","Fox Lake Hills CDP, Illinois",69679,2017
"1734865","Highwood city, Illinois",55427,2017
"1717991","Cuba city, Illinois",36458,2017
"1770226","Smithfield village, Illinois",40625,2017
"1742457","Leaf River village, Illinois",39688,2017
"1751700","Nashville city, Illinois",51094,2017
"1718342","Dakota village, Illinois",48750,2017
"1764590","Roanoke village, Illinois",52617,2017
"1744264","Loda village, Illinois",38750,2017
"1757576","Papineau village, Illinois",49107,2017
"1738544","Johnston City city, Illinois",32826,2017
"1759312","Petersburg city, Illinois",45625,2017
"1702882","Atwood village, Illinois",45000,2017
"1712268","Cerro Gordo village, Illinois",53958,2017
"1705300","Benton city, Illinois",38232,2017
"1729483","Glasford village, Illinois",52292,2017
"1749386","Millstadt village, Illinois",65875,2017
"1752142","New Baden village, Illinois",74207,2017
"1769524","Shiloh village, Illinois",77963,2017
"1702674","Athens city, Illinois",61964,2017
"1780073","West City village, Illinois",29896,2017
"1731589","Greenville city, Illinois",50522,2017
"1702479","Ashkum village, Illinois",60625,2017
"1738791","Junction City village, Illinois",40500,2017
"1767236","Salem city, Illinois",41122,2017
"1710370","Cahokia village, Illinois",30200,2017
"1779007","Washburn village, Illinois",53125,2017
"1721826","East Galesburg village, Illinois",56250,2017
"1766196","Royal Lakes village, Illinois",35625,2017
"1772234","Standard City village, Illinois",70625,2017
"1755912","Olney city, Illinois",37278,2017
"1736061","Hoopeston city, Illinois",41313,2017
"1737348","Indianola village, Illinois",61458,2017
"1751336","Muncie village, Illinois",37143,2017
"1744173","Loami village, Illinois",52083,2017
"1762367","Quincy city, Illinois",42854,2017
"1777044","Ursa village, Illinois",48750,2017
"1708420","Broadlands village, Illinois",60417,2017
"1758174","Pawnee village, Illinois",63889,2017
"1738323","Jeffersonville village, Illinois",36607,2017
"1738531","Johnsonville village, Illinois",29219,2017
"1779436","Wayne City village, Illinois",46200,2017
"1717055","Cowden village, Illinois",32308,2017
"1734332","Herrick village, Illinois",28750,2017
"1751232","Moweaqua village, Illinois",56389,2017
"1707770","Braidwood city, Illinois",62734,2017
"1737465","Ingalls Park CDP, Illinois",46767,2017
"1746357","Manhattan village, Illinois",93676,2017
"1757732","Park Forest village, Illinois",50343,2017
"1783817","Yates City village, Illinois",53203,2017
"1748138","Medora village, Illinois",44632,2017
"1714533","Claremont village, Illinois",46875,2017
"1726233","Fithian village, Illinois",52500,2017
"1771643","Springerton village, Illinois",46071,2017
"1711293","Carmi city, Illinois",40048,2017
"1717783","Crossville village, Illinois",35417,2017
"1731165","Grayville city, Illinois",41161,2017
"1759520","Phillipstown village, Illinois",NA,2017
"1728144","Fulton city, Illinois",46818,2017
"1764135","Ringwood village, Illinois",108750,2017
"1776160","Trout Valley village, Illinois",135000,2017
"1715352","Coffeen city, Illinois",33750,2017
"1753169","Nokomis city, Illinois",46172,2017
"1757498","Panama village, Illinois",42500,2017
"1779826","Wenonah village, Illinois",81429,2017
"1716119","Congerville village, Illinois",72083,2017
"1730445","Goodfield village, Illinois",104643,2017
"1732967","Harmon village, Illinois",33750,2017
"1758226","Paw Paw village, Illinois",44375,2017
"1714845","Clear Lake village, Illinois",58750,2017
"1745369","Lynnville village, Illinois",42500,2017
"1705248","Bensenville village, Illinois",61677,2017
"1759273","Pesotum village, Illinois",70000,2017
"1762783","Rantoul village, Illinois",43605,2017
"1769875","Sidney village, Illinois",67578,2017
"1765806","Roselle village, Illinois",81346,2017
"1782400","Winfield village, Illinois",102750,2017
"1734384","Herscher village, Illinois",69219,2017
"1704572","Bedford Park village, Illinois",65000,2017
"1714351","Cicero town, Illinois",44110,2017
"1726710","Ford Heights village, Illinois",24113,2017
"1727702","Franklin Park village, Illinois",60091,2017
"1729652","Glencoe village, Illinois",203235,2017
"1768328","Scott AFB CDP, Illinois",45217,2017
"1770252","Smithton village, Illinois",72063,2017
"1774119","Swansea village, Illinois",73534,2017
"1726753","Forest City village, Illinois",41719,2017
"1747475","Mason City city, Illinois",36449,2017
"1720292","Dolton village, Illinois",44075,2017
"1726571","Flossmoor village, Illinois",101412,2017
"1730029","Glenwood village, Illinois",57566,2017
"1757277","Palestine village, Illinois",36193,2017
"1725063","Fairview village, Illinois",58438,2017
"1746825","Marietta village, Illinois",41875,2017
"1777642","Vermont village, Illinois",45417,2017
"1734553","Hidalgo village, Illinois",43333,2017
"1752844","Newton city, Illinois",35313,2017
"1782010","Willow Hill village, Illinois",31685,2017
"1766833","St. Francisville city, Illinois",38309,2017
"1734163","Henry city, Illinois",51563,2017
"1777395","Varna village, Illinois",51875,2017
"1760937","Polo city, Illinois",42212,2017
"1762588","Raleigh village, Illinois",41667,2017
"1762523","Radom village, Illinois",41786,2017
"1705404","Berkeley village, Illinois",67130,2017
"1706704","Blue Island city, Illinois",41340,2017
"1765962","Rossville village, Illinois",51304,2017
"1775172","Thomson village, Illinois",60577,2017
"1723022","Eldred village, Illinois",30625,2017
"1710877","Camp Point village, Illinois",44728,2017
"1715846","Columbus village, Illinois",33750,2017
"1711462","Carrollton city, Illinois",48684,2017
"1712164","Centralia city, Illinois",33902,2017
"1737777","Irvington village, Illinois",60357,2017
"1755470","Okawville village, Illinois",65714,2017
"1709642","Burbank city, Illinois",55777,2017
"1760599","Pleasant Plains village, Illinois",69583,2017
"1774860","Thayer village, Illinois",51250,2017
"1701140","Altona village, Illinois",49375,2017
"1734982","Hillcrest village, Illinois",60521,2017
"1758343","Pearl village, Illinois",34063,2017
"1760222","Pittsfield city, Illinois",38938,2017
"1749854","Mokena village, Illinois",101587,2017
"1749945","Monee village, Illinois",73485,2017
"1752584","New Lenox village, Illinois",104621,2017
"1772520","Steger village, Illinois",44237,2017
"1750881","Mount Carroll city, Illinois",42404,2017
"1719798","De Witt village, Illinois",43125,2017
"1746604","Maple Park village, Illinois",74250,2017
"1770720","South Elgin village, Illinois",89565,2017
"1731667","Greenwood village, Illinois",86000,2017
"1735515","Holiday Hills village, Illinois",71324,2017
"1745824","McLeansboro city, Illinois",41010,2017
"1718251","Cypress village, Illinois",41146,2017
"1752285","New Burnside village, Illinois",36250,2017
"1715378","Colchester city, Illinois",37727,2017
"1745889","Macomb city, Illinois",37266,2017
"1765884","Rosewood Heights CDP, Illinois",53883,2017
"1782218","Wilsonville village, Illinois",34583,2017
"1753143","Noble village, Illinois",51875,2017
"1732408","Hamel village, Illinois",68000,2017
"1759709","Pierron village, Illinois",41719,2017
"1761067","Pontoon Beach village, Illinois",54080,2017
"1766131","Roxana village, Illinois",45881,2017
"1777473","Venice city, Illinois",22111,2017
"1783271","Wood River city, Illinois",43199,2017
"1761223","Port Byron village, Illinois",68472,2017
"1704936","Bellmont village, Illinois",39375,2017
"1783102","Woodland village, Illinois",49219,2017
"1717185","Crainville village, Illinois",60677,2017
"1717289","Creal Springs city, Illinois",26964,2017
"1734358","Herrin city, Illinois",41773,2017
"1735073","Hillsdale village, Illinois",60000,2017
"1746916","Marion city, Illinois",46036,2017
"1722567","Edgewood village, Illinois",48523,2017
"1722736","Effingham city, Illinois",44284,2017
"1747449","Mason town, Illinois",37969,2017
"1750283","Montrose village, Illinois",32292,2017
"1756237","Oquawka village, Illinois",40164,2017
"1756887","Oswego village, Illinois",101191,2017
"1727091","Forsyth village, Illinois",75208,2017
"1744498","Long Creek village, Illinois",79375,2017
"1751206","Mount Zion village, Illinois",71121,2017
"1720305","Dongola village, Illinois",34397,2017
"1738635","Jonesboro city, Illinois",38850,2017
"1749178","Mill Creek village, Illinois",93000,2017
"1725960","Fidelity village, Illinois",21875,2017
"1726012","Fieldon village, Illinois",47813,2017
"1738414","Jerseyville city, Illinois",45514,2017
"1727026","Forrest village, Illinois",59732,2017
"1777317","Vandalia city, Illinois",40527,2017
"1715664","Colona city, Illinois",61587,2017
"1728846","Geneseo city, Illinois",61223,2017
"1729639","Glen Carbon village, Illinois",84153,2017
"1734670","Highland city, Illinois",52788,2017
"1766859","St. Jacob village, Illinois",70833,2017
"1763056","Reddick village, Illinois",60625,2017
"1703454","Baldwin village, Illinois",40625,2017
"1765221","Rockwood village, Illinois",66250,2017
"1774873","Thebes village, Illinois",31250,2017
"1737621","Iola village, Illinois",40893,2017
"1766599","Sailor Springs village, Illinois",30938,2017
"1767132","St. Peter village, Illinois",43906,2017
"1781815","Williamson village, Illinois",48333,2017
"1710916","Campus village, Illinois",44444,2017
"1768822","Shabbona village, Illinois",54327,2017
"1723776","Elsah village, Illinois",70625,2017
"1773170","Streator city, Illinois",42043,2017
"1759884","Pinckneyville city, Illinois",35472,2017
"1714117","Chillicothe city, Illinois",48047,2017
"1759000","Peoria city, Illinois",47697,2017
"1725141","Fairview Heights city, Illinois",64611,2017
"1752116","New Athens village, Illinois",58274,2017
"1700555","Albers village, Illinois",61875,2017
"1703181","Aviston village, Illinois",85192,2017
"1704533","Beckemeyer village, Illinois",41413,2017
"1764421","Riverside village, Illinois",99063,2017
"1770629","South Chicago Heights village, Illinois",34271,2017
"1772676","Stickney village, Illinois",62652,2017
"1773638","Summit village, Illinois",47031,2017
"1770005","Simpson village, Illinois",45469,2017
"1703571","Banner village, Illinois",52750,2017
"1709161","Bryant village, Illinois",46667,2017
"1743055","Lewistown city, Illinois",51453,2017
"1744121","Liverpool village, Illinois",53542,2017
"1742405","Lawrenceville city, Illinois",36408,2017
"1736150","Hopewell village, Illinois",74688,2017
"1775653","Toluca city, Illinois",47450,2017
"1779813","Wenona city, Illinois",52250,2017
"1756484","Oregon city, Illinois",43525,2017
"1764746","Rochelle city, Illinois",47088,2017
"1723009","Eldorado city, Illinois",30799,2017
"1720890","Du Bois village, Illinois",35000,2017
"1709798","Burnham village, Illinois",43342,2017
"1717497","Crestwood village, Illinois",53909,2017
"1730328","Golf village, Illinois",166250,2017
"1735866","Hometown city, Illinois",45926,2017
"1757407","Palos Park village, Illinois",84609,2017
"1700672","Alexis village, Illinois",52679,2017
"1778201","Virginia city, Illinois",48462,2017
"1745434","Lyons village, Illinois",47226,2017
"1737257","Indian Head Park village, Illinois",82767,2017
"1740767","La Grange village, Illinois",117610,2017
"1745421","Lynwood village, Illinois",52445,2017
"1748892","Midlothian village, Illinois",61494,2017
"1750647","Morton Grove village, Illinois",79978,2017
"1749347","Mill Shoals village, Illinois",48125,2017
"1781802","Williamsfield village, Illinois",48438,2017
"1711202","Carlinville city, Illinois",44844,2017
"1721410","Eagarville village, Illinois",52188,2017
"1757043","Owaneco village, Illinois",51875,2017
"1734137","Henning village, Illinois",61042,2017
"1700880","Allerton village, Illinois",48750,2017
"1757693","Parkersburg village, Illinois",38750,2017
"1704689","Belgium village, Illinois",41563,2017
"1762744","Rankin village, Illinois",42917,2017
"1775783","Toulon city, Illinois",44464,2017
"1722398","Eddyville village, Illinois",15000,2017
"1710110","Bushnell city, Illinois",41750,2017
"1737439","Industry village, Illinois",51875,2017
"1713074","Cherry Valley village, Illinois",56438,2017
"1765104","Rock Island Arsenal CDP, Illinois",NA,2017
"1750543","Morrisonville village, Illinois",55625,2017
"1750829","Mount Auburn village, Illinois",54643,2017
"1762822","Rapids City village, Illinois",79083,2017
"1700737","Alhambra village, Illinois",52500,2017
"1731446","Green Oaks village, Illinois",163229,2017
"1750998","Mount Morris village, Illinois",43423,2017
"1733136","Harrisburg city, Illinois",35609,2017
"1752714","New Minden village, Illinois",50000,2017
"1778721","Wamac city, Illinois",31250,2017
"1714715","Clay City village, Illinois",37143,2017
"1706028","Bingham village, Illinois",35000,2017
"1700971","Alpha village, Illinois",48000,2017
"1702726","Atkinson town, Illinois",53571,2017
"1710643","Cambridge village, Illinois",57262,2017
"1783063","Woodhull village, Illinois",51917,2017
"1703844","Barrington village, Illinois",111528,2017
"1746136","Mahomet village, Illinois",97621,2017
"1766534","Sadorus village, Illinois",54000,2017
"1709980","Burr Ridge village, Illinois",134706,2017
"1720591","Downers Grove village, Illinois",85546,2017
"1754534","Oak Brook village, Illinois",132500,2017
"1745564","McCook village, Illinois",58500,2017
"1751089","Mount Prospect village, Illinois",71925,2017
"1754638","Oak Forest city, Illinois",73765,2017
"1755938","Olympia Fields village, Illinois",97014,2017
"1757381","Palos Heights city, Illinois",80259,2017
"1770564","South Barrington village, Illinois",143571,2017
"1780242","Western Springs village, Illinois",150880,2017
"1782049","Willow Springs village, Illinois",92031,2017
"1735281","Hindsboro village, Illinois",48194,2017
"1765000","Rockford city, Illinois",41991,2017
"1707692","Bradford village, Illinois",51250,2017
"1777265","Valmeyer village, Illinois",81071,2017
"1758408","Pecatonica village, Illinois",53352,2017
"1707211","Bondville village, Illinois",46750,2017
"1755275","Ogden village, Illinois",61528,2017
"1759533","Philo village, Illinois",78788,2017
"1766950","St. Joseph village, Illinois",83201,2017
"1775107","Thomasboro village, Illinois",50729,2017
"1721579","East Brooklyn village, Illinois",48611,2017
"1728963","Georgetown city, Illinois",42500,2017
"1769836","Sidell village, Illinois",45341,2017
"1780931","Westville village, Illinois",41750,2017
"1740143","Kinsman village, Illinois",NA,2017
"1717887","Crystal Lake city, Illinois",83746,2017
"1741651","Lakewood village, Illinois",138571,2017
"1726077","Fillmore village, Illinois",39063,2017
"1762965","Raymond village, Illinois",49358,2017
"1739077","Karnak village, Illinois",29453,2017
"1727884","Freeport city, Illinois",37396,2017
"1729080","Germantown Hills village, Illinois",103900,2017
"1772650","Stewardson village, Illinois",49083,2017
"1773040","Strasburg village, Illinois",58750,2017
"1741716","Lakewood Shores CDP, Illinois",59395,2017
"1749607","Minooka village, Illinois",85579,2017
"1756640","Orland Park village, Illinois",85802,2017
"1764902","Rockdale village, Illinois",60331,2017
"1774275","Symerton village, Illinois",61250,2017
"1775484","Tinley Park village, Illinois",76061,2017
"1782101","Wilmington city, Illinois",52867,2017
"1745694","McHenry city, Illinois",68913,2017
"1772052","Spring Grove village, Illinois",117790,2017
"1783349","Woodstock city, Illinois",57094,2017
"1782725","Witt city, Illinois",50313,2017
"1750751","Mound City city, Illinois",34643,2017
"1750777","Mounds city, Illinois",26384,2017
"1762211","Pulaski village, Illinois",22917,2017
"1705261","Benson village, Illinois",59861,2017
"1756341","Orangeville village, Illinois",44786,2017
"1782543","Winslow village, Illinois",50096,2017
"1715989","Compton village, Illinois",44063,2017
"1720162","Dixon city, Illinois",54353,2017
"1720045","Divernon village, Illinois",61513,2017
"1739233","Keenes village, Illinois",31875,2017
"1750933","Mount Erie village, Illinois",37500,2017
"1742769","Leland Grove city, Illinois",103529,2017
"1761548","Prairie City village, Illinois",40000,2017
"1740676","La Fayette village, Illinois",33333,2017
"1701673","Apple River village, Illinois",35375,2017
"1732707","Hanover village, Illinois",40694,2017
"1726116","Findlay village, Illinois",40819,2017
"1726480","Florence village, Illinois",24219,2017
"1752311","New Canton town, Illinois",29028,2017
"1702102","Arlington village, Illinois",68750,2017
"1741794","La Moille village, Illinois",60938,2017
"1746422","Manlius village, Illinois",47955,2017
"1751999","Neponset village, Illinois",50795,2017
"1738427","Jewett village, Illinois",32250,2017
"1755756","Old Shawneetown village, Illinois",20000,2017
"1756003","Omaha village, Illinois",33889,2017
"1714767","Clayton village, Illinois",31250,2017
"1715261","Coatsburg village, Illinois",52500,2017
"1753390","Norris village, Illinois",39000,2017
"1711397","Carrier Mills village, Illinois",32341,2017
"1708225","Bridgeview village, Illinois",54198,2017
"1729938","Glenview village, Illinois",103773,2017
"1712710","Chatsworth town, Illinois",30216,2017
"1700815","Allendale village, Illinois",49063,2017
"1731524","Greenup village, Illinois",33355,2017
"1761366","Potomac village, Illinois",45250,2017
"1767769","Sauk Village village, Illinois",41408,2017
"1728326","Galesburg city, Illinois",36035,2017
"1708264","Brighton village, Illinois",60455,2017
"1739129","Kaskaskia village, Illinois",NA,2017
"1762757","Ransom village, Illinois",60000,2017
"1775757","Topeka village, Illinois",41250,2017
"1706899","Bluffs village, Illinois",41818,2017
"1700113","Abingdon city, Illinois",37500,2017
"1711774","Catlin village, Illinois",52607,2017
"1774301","Table Grove village, Illinois",49375,2017
"1782491","Winnebago village, Illinois",79267,2017
"1717471","Creston village, Illinois",55313,2017
"1764174","Ripley village, Illinois",NA,2017
"1700230","Addieville village, Illinois",69750,2017
"1720149","Dixmoor village, Illinois",39861,2017
"1755002","Oakwood village, Illinois",50536,2017
"1770161","Sleepy Hollow village, Illinois",102188,2017
"1768120","Schram City village, Illinois",40000,2017
"1775848","Tower Hill village, Illinois",48173,2017
"1782686","Winthrop Harbor village, Illinois",83700,2017
"1777941","Villa Grove city, Illinois",53688,2017
"1765156","Rockton village, Illinois",77843,2017
"1722073","East Moline city, Illinois",46506,2017
"1775263","Tilden village, Illinois",37614,2017
"1764278","Riverdale village, Illinois",31933,2017
"1771370","South Wilmington village, Illinois",65313,2017
"1721267","Du Quoin city, Illinois",37442,2017
"1733877","Hecker village, Illinois",52321,2017
"1701946","Arenzville village, Illinois",67500,2017
"1704975","Bellwood village, Illinois",55205,2017
"1711163","Carbondale city, Illinois",20873,2017
"1778604","Walnut Hill village, Illinois",31964,2017
"1755249","O'Fallon city, Illinois",83043,2017
"1728170","Fults village, Illinois",82500,2017
"1718628","Darien city, Illinois",84359,2017
"1741742","Lake Zurich village, Illinois",111651,2017
"1744381","Lomax village, Illinois",31528,2017
"1759104","Percy village, Illinois",36042,2017
"1756601","Orion village, Illinois",63250,2017
"1710513","Calumet Park village, Illinois",46250,2017
"1721904","East Hazel Crest village, Illinois",58816,2017
"1724582","Evanston city, Illinois",74901,2017
"1724634","Evergreen Park village, Illinois",67482,2017
"1726935","Forest Park village, Illinois",55359,2017
"1735086","Hillside village, Illinois",52037,2017
"1735385","Hodgkins village, Illinois",43977,2017
"1742028","Lansing village, Illinois",48348,2017
"1740793","La Grange Park village, Illinois",90890,2017
"1747774","Maywood village, Illinois",47538,2017
"1753377","Norridge village, Illinois",63378,2017
"1753663","Northfield village, Illinois",105929,2017
"1754144","North Riverside village, Illinois",61304,2017
"1764304","River Forest village, Illinois",106947,2017
"1765338","Rolling Meadows city, Illinois",65173,2017
"1770122","Skokie village, Illinois",70544,2017
"1778656","Walshville village, Illinois",48313,2018
"1745616","McCullom Lake village, Illinois",63068,2018
"1746786","Marengo city, Illinois",68219,2018
"1720318","Donnellson village, Illinois",28250,2018
"1774561","Taylor Springs village, Illinois",41932,2018
"1764044","Ridott village, Illinois",40000,2018
"1723737","El Paso city, Illinois",54675,2018
"1728300","Galena city, Illinois",55593,2018
"1753195","Nora village, Illinois",53333,2018
"1723971","Emden village, Illinois",54583,2018
"1781165","Whiteash CDP, Illinois",46250,2018
"1747592","Maunie village, Illinois",36429,2018
"1753403","Norris City village, Illinois",42500,2018
"1774470","Tampico village, Illinois",44464,2018
"1717406","Crescent City village, Illinois",51591,2018
"1747280","Martinton village, Illinois",57500,2018
"1760209","Pittsburg village, Illinois",37500,2018
"1766794","St. Elmo city, Illinois",39750,2018
"1706171","Bishop Hill village, Illinois",47500,2018
"1708576","Brookfield village, Illinois",81192,2018
"1710487","Calumet City city, Illinois",42653,2018
"1734514","Hickory Hills city, Illinois",66413,2018
"1748242","Melrose Park village, Illinois",50647,2018
"1782530","Winnetka village, Illinois",220577,2018
"1730133","Golconda city, Illinois",28807,2018
"1710591","Camargo village, Illinois",53333,2018
"1704715","Belknap village, Illinois",31750,2018
"1777863","Vienna city, Illinois",29697,2018
"1706470","Blandinsville village, Illinois",41250,2018
"1768198","Sciota village, Illinois",47917,2018
"1745031","Loves Park city, Illinois",53106,2018
"1761977","Prophetstown city, Illinois",45133,2018
"1742080","La Prairie village, Illinois",49167,2018
"1744082","Little York village, Illinois",41161,2018
"1740065","Kingston village, Illinois",75139,2018
"1769758","Shorewood village, Illinois",102730,2018
"1714442","Cisco village, Illinois",58523,2018
"1732499","Hammond village, Illinois",46250,2018
"1709148","Brussels village, Illinois",54063,2018
"1732850","Hardin village, Illinois",27656,2018
"1718030","Cullom village, Illinois",30938,2018
"1708706","Brookport city, Illinois",33448,2018
"1774444","Tamaroa village, Illinois",39615,2018
"1744056","Littleton village, Illinois",50625,2018
"1766339","Rushville city, Illinois",39253,2018
"1712294","Chadwick village, Illinois",49167,2018
"1759533","Philo village, Illinois",79214,2018
"1766950","St. Joseph village, Illinois",86898,2018
"1775107","Thomasboro village, Illinois",47596,2018
"1755249","O'Fallon city, Illinois",89535,2018
"1728170","Fults village, Illinois",78750,2018
"1718628","Darien city, Illinois",90904,2018
"1741742","Lake Zurich village, Illinois",114545,2018
"1744381","Lomax village, Illinois",30313,2018
"1759104","Percy village, Illinois",34750,2018
"1756601","Orion village, Illinois",64479,2018
"1773261","Stronghurst village, Illinois",44408,2018
"1739077","Karnak village, Illinois",31944,2018
"1727884","Freeport city, Illinois",39419,2018
"1729080","Germantown Hills village, Illinois",104906,2018
"1772650","Stewardson village, Illinois",50000,2018
"1773040","Strasburg village, Illinois",54423,2018
"1741716","Lakewood Shores CDP, Illinois",58835,2018
"1749607","Minooka village, Illinois",85293,2018
"1756640","Orland Park village, Illinois",88585,2018
"1764902","Rockdale village, Illinois",52784,2018
"1774275","Symerton village, Illinois",67500,2018
"1775484","Tinley Park village, Illinois",76183,2018
"1782101","Wilmington city, Illinois",54867,2018
"1745694","McHenry city, Illinois",72574,2018
"1772052","Spring Grove village, Illinois",112143,2018
"1782309","Windsor village, Illinois",46458,2018
"1704247","Baylis village, Illinois",23750,2018
"1719681","Detroit village, Illinois",57813,2018
"1755132","Oconee village, Illinois",53750,2018
"1717523","Crete village, Illinois",73736,2018
"1717939","Crystal Lawns CDP, Illinois",76000,2018
"1720591","Downers Grove village, Illinois",88105,2018
"1754534","Oak Brook village, Illinois",137059,2018
"1745564","McCook village, Illinois",75833,2018
"1751089","Mount Prospect village, Illinois",73652,2018
"1754638","Oak Forest city, Illinois",75991,2018
"1755938","Olympia Fields village, Illinois",98564,2018
"1757381","Palos Heights city, Illinois",85481,2018
"1770564","South Barrington village, Illinois",158393,2018
"1780242","Western Springs village, Illinois",161563,2018
"1782049","Willow Springs village, Illinois",84321,2018
"1735281","Hindsboro village, Illinois",54250,2018
"1765000","Rockford city, Illinois",43066,2018
"1707692","Bradford village, Illinois",47292,2018
"1777265","Valmeyer village, Illinois",79327,2018
"1758408","Pecatonica village, Illinois",62564,2018
"1707211","Bondville village, Illinois",55234,2018
"1755275","Ogden village, Illinois",60625,2018
"1727026","Forrest village, Illinois",66354,2018
"1777317","Vandalia city, Illinois",37419,2018
"1715664","Colona city, Illinois",60994,2018
"1728846","Geneseo city, Illinois",61971,2018
"1729639","Glen Carbon village, Illinois",83505,2018
"1734670","Highland city, Illinois",57875,2018
"1766859","St. Jacob village, Illinois",77305,2018
"1763056","Reddick village, Illinois",62625,2018
"1703454","Baldwin village, Illinois",38750,2018
"1765221","Rockwood village, Illinois",NA,2018
"1774873","Thebes village, Illinois",33036,2018
"1737621","Iola village, Illinois",41250,2018
"1766599","Sailor Springs village, Illinois",31500,2018
"1767132","St. Peter village, Illinois",47250,2018
"1781815","Williamson village, Illinois",56250,2018
"1710916","Campus village, Illinois",45469,2018
"1768822","Shabbona village, Illinois",53625,2018
"1712203","Centreville city, Illinois",18955,2018
"1728898","Genoa city, Illinois",53316,2018
"1766989","St. Libory village, Illinois",70000,2018
"1779085","Washington Park village, Illinois",22107,2018
"1716470","Cortland town, Illinois",76607,2018
"1780853","West Salem village, Illinois",44635,2018
"1721254","Dupo village, Illinois",45152,2018
"1727806","Freeburg village, Illinois",72582,2018
"1722645","Edinburg village, Illinois",49333,2018
"1746864","Marine village, Illinois",59531,2018
"1711150","Carbon Cliff village, Illinois",36468,2018
"1715235","Coal Valley village, Illinois",63221,2018
"1781087","Wheeling village, Illinois",66243,2018
"1730094","Godfrey village, Illinois",69192,2018
"1732564","Hampton village, Illinois",69129,2018
"1749009","Milan village, Illinois",44732,2018
"1742971","Le Roy city, Illinois",68952,2018
"1714572","Clarendon Hills village, Illinois",126500,2018
"1729756","Glen Ellyn village, Illinois",110669,2018
"1737907","Itasca village, Illinois",88878,2018
"1753234","Normal town, Illinois",55193,2018
"1727663","Franklin village, Illinois",66875,2018
"1709356","Buda village, Illinois",42670,2018
"1740598","Ladd village, Illinois",65972,2018
"1768471","Seatonville village, Illinois",51250,2018
"1769147","Sheffield village, Illinois",44286,2018
"1744719","Loraine village, Illinois",50417,2018
"1719161","DeKalb city, Illinois",44222,2018
"1740156","Kirkland village, Illinois",60862,2018
"1716405","Cornell village, Illinois",45179,2018
"1765481","Roodhouse city, Illinois",32335,2018
"1755171","Odell village, Illinois",54625,2018
"1767158","St. Rose village, Illinois",70250,2018
"1711293","Carmi city, Illinois",42273,2018
"1717783","Crossville village, Illinois",38750,2018
"1731165","Grayville city, Illinois",42857,2018
"1759520","Phillipstown village, Illinois",NA,2018
"1728144","Fulton city, Illinois",49828,2018
"1764135","Ringwood village, Illinois",111875,2018
"1776160","Trout Valley village, Illinois",139375,2018
"1715352","Coffeen city, Illinois",32788,2018
"1782075","Wilmette village, Illinois",154738,2018
"1757225","Palatine village, Illinois",76776,2018
"1765819","Rosemont village, Illinois",54196,2018
"1770850","South Holland village, Illinois",62951,2018
"1712970","Cherry village, Illinois",48000,2018
"1719499","De Pue village, Illinois",52386,2018
"1730900","Grandwood Park CDP, Illinois",119324,2018
"1740988","Lake Catherine CDP, Illinois",76406,2018
"1733630","Hawthorn Woods village, Illinois",170313,2018
"1743250","Libertyville village, Illinois",130732,2018
"1775081","Third Lake village, Illinois",122708,2018
"1748671","Mettawa village, Illinois",127250,2018
"1753559","North Chicago city, Illinois",42126,2018
"1778227","Volo village, Illinois",93750,2018
"1779293","Waukegan city, Illinois",48752,2018
"1784220","Zion city, Illinois",51039,2018
"1730978","Grantfork village, Illinois",74286,2018
"1744160","Livingston village, Illinois",46000,2018
"1752701","New Milford village, Illinois",55272,2018
"1742184","LaSalle city, Illinois",45780,2018
"1728807","Gays village, Illinois",52917,2018
"1711644","Caseyville village, Illinois",50471,2018
"1725414","Farmer City city, Illinois",54722,2018
"1779449","Waynesville village, Illinois",58750,2018
"1779683","Weldon village, Illinois",41429,2018
"1728638","Gardner village, Illinois",69375,2018
"1750491","Morris city, Illinois",62726,2018
"1749516","Mineral village, Illinois",36667,2018
"1733383","Harvey city, Illinois",28349,2018
"1738830","Justice village, Illinois",51276,2018
"1739519","Kenilworth village, Illinois",212750,2018
"1743744","Lincolnwood village, Illinois",93250,2018
"1746058","Maeystown village, Illinois",52000,2018
"1779150","Waterloo city, Illinois",68911,2018
"1783687","Wyoming city, Illinois",46250,2018
"1741456","Lake Summerset CDP, Illinois",74375,2018
"1765611","Roscoe village, Illinois",86116,2018
"1703207","Avon village, Illinois",45536,2018
"1725531","Farmington city, Illinois",51667,2018
"1740559","Lacon city, Illinois",50135,2018
"1700295","Adeline village, Illinois",50833,2018
"1772702","Stillman Valley village, Illinois",57212,2018
"1728261","Galatia village, Illinois",25625,2018
"1736347","Hoyleton village, Illinois",60156,2018
"1740182","Kirkwood village, Illinois",50000,2018
"1755106","Oblong village, Illinois",39514,2018
"1711007","Canton city, Illinois",41940,2018
"1721098","Dunfermline village, Illinois",41875,2018
"1769563","Shipman town, Illinois",49519,2018
"1749867","Moline city, Illinois",52913,2018
"1766040","Round Lake Beach village, Illinois",68577,2018
"1766066","Round Lake Park village, Illinois",47256,2018
"1777694","Vernon Hills village, Illinois",97366,2018
"1771240","South Roxana village, Illinois",41250,2018
"1754703","Oak Grove village, Illinois",31319,2018
"1763420","Reynolds village, Illinois",59706,2018
"1771448","Sparta city, Illinois",44899,2018
"1721605","East Cape Girardeau village, Illinois",31583,2018
"1708992","Brownstown village, Illinois",44432,2018
"1762627","Ramsey village, Illinois",32163,2018
"1709317","Buckley village, Illinois",43750,2018
"1714468","Cissna Park village, Illinois",43000,2018
"1710630","Cambria village, Illinois",41667,2018
"1750244","Monticello city, Illinois",71993,2018
"1738869","Kane village, Illinois",30000,2018
"1764811","Rockbridge village, Illinois",39643,2018
"1756978","Otterville town, Illinois",28068,2018
"1721358","Dwight village, Illinois",58606,2018
"1744576","Long Point village, Illinois",59583,2018
"1761015","Pontiac city, Illinois",49783,2018
"1748645","Metropolis city, Illinois",34861,2018
"1718225","Cutler village, Illinois",41563,2018
"1708953","Browning village, Illinois",60417,2018
"1711176","Carbon Hill village, Illinois",55000,2018
"1747397","Maryville village, Illinois",70625,2018
"1752415","New Douglas village, Illinois",51458,2018
"1701426","Andalusia village, Illinois",64688,2018
"1717077","Coyne Center CDP, Illinois",72647,2018
"1715807","Colp village, Illinois",15625,2018
"1712801","Chebanse village, Illinois",72768,2018
"1704897","Bellflower village, Illinois",53125,2018
"1716210","Cooksville village, Illinois",62500,2018
"1748606","Metamora village, Illinois",71972,2018
"1724920","Fairmont CDP, Illinois",46625,2018
"1710422","Caledonia village, Illinois",71875,2018
"1779163","Waterman village, Illinois",74063,2018
"1778942","Warsaw city, Illinois",54659,2018
"1775360","Timberlane village, Illinois",130556,2018
"1742938","Lerna village, Illinois",41389,2018
"1730757","Grand Ridge village, Illinois",62250,2018
"1766443","Rutland village, Illinois",46250,2018
"1770460","Somonauk village, Illinois",62941,2018
"1775718","Tonica village, Illinois",49474,2018
"1739324","Kell village, Illinois",46250,2018
"1755210","Odin village, Illinois",37292,2018
"1702414","Arthur village, Illinois",56719,2018
"1745044","Lovington village, Illinois",49444,2018
"1722255","East St. Louis city, Illinois",23072,2018
"1767756","Sauget village, Illinois",52188,2018
"1728612","Garden Prairie CDP, Illinois",50643,2018
"1730159","Golden village, Illinois",51125,2018
"1766157","Royal village, Illinois",71250,2018
"1707237","Bonfield village, Illinois",71719,2018
"1714000","Chicago city, Illinois",55198,2018
"1764343","River Grove village, Illinois",55508,2018
"1732746","Hanover Park village, Illinois",74638,2018
"1757875","Park Ridge city, Illinois",102416,2018
"1761314","Posen village, Illinois",48682,2018
"1702505","Ashland village, Illinois",64219,2018
"1728742","Garrett village, Illinois",40833,2018
"1776407","Tuscola city, Illinois",53550,2018
"1718303","Dahlgren village, Illinois",39821,2018
"1730575","Goreville village, Illinois",56172,2018
"1751986","Neoga city, Illinois",40909,2018
"1753585","North City village, Illinois",46875,2018
"1780333","West Frankfort city, Illinois",28642,2018
"1778526","Walnut village, Illinois",46458,2018
"1764018","Ridgway village, Illinois",43269,2018
"1783739","Xenia village, Illinois",51429,2018
"1706964","Bluford village, Illinois",44583,2018
"1720123","Dix village, Illinois",31000,2018
"1726350","Flat Rock village, Illinois",34375,2018
"1773027","Stoy village, Illinois",74063,2018
"1764928","Rock Falls city, Illinois",48242,2018
"1736542","Humboldt village, Illinois",47083,2018
"1769342","Sherman village, Illinois",104514,2018
"1760287","Plainfield village, Illinois",126127,2018
"1711332","Carol Stream village, Illinois",79909,2018
"1727689","Franklin Grove village, Illinois",45625,2018
"1757303","Palmer village, Illinois",63125,2018
"1711033","Cantrall village, Illinois",125625,2018
"1724816","Fairfield city, Illinois",42787,2018
"1704598","Beecher City village, Illinois",37708,2018
"1731992","Gulf Port village, Illinois",57917,2018
"1708524","Brocton village, Illinois",51875,2018
"1732200","Hainesville village, Illinois",86643,2018
"1719031","Deer Grove village, Illinois",83036,2018
"1704585","Beecher village, Illinois",73482,2018
"1761860","Preston Heights CDP, Illinois",42232,2018
"1724179","Enfield village, Illinois",33000,2018
"1735047","Hillsboro city, Illinois",50601,2018
"1718940","Deer Creek village, Illinois",59861,2018
"1746981","Mark village, Illinois",66771,2018
"1703675","Bardolph village, Illinois",22031,2018
"1724543","Eureka city, Illinois",57491,2018
"1739038","Kappa village, Illinois",76250,2018
"1720370","Dorchester village, Illinois",53125,2018
"1734423","Hettick village, Illinois",65625,2018
"1770590","South Beloit city, Illinois",60000,2018
"1732395","Hamburg village, Illinois",35313,2018
"1766924","St. Johns village, Illinois",45313,2018
"1729125","Gibson City city, Illinois",42683,2018
"1780125","West Dundee village, Illinois",86543,2018
"1733331","Harvard city, Illinois",53169,2018
"1736750","Huntley village, Illinois",75597,2018
"1741183","Lake in the Hills village, Illinois",90984,2018
"1760144","Pistakee Highlands CDP, Illinois",66442,2018
"1763641","Richmond village, Illinois",42000,2018
"1748359","Menominee village, Illinois",72500,2018
"1752545","New Holland village, Illinois",75625,2018
"1739298","Keithsburg city, Illinois",32250,2018
"1775419","Time village, Illinois",21250,2018
"1777187","Valley City village, Illinois",NA,2018
"1707133","Bolingbrook village, Illinois",85643,2018
"1723945","Elwood village, Illinois",75469,2018
"1730120","Godley village, Illinois",49531,2018
"1747540","Matteson village, Illinois",81692,2018
"1776935","University Park village, Illinois",53929,2018
"1738570","Joliet city, Illinois",67504,2018
"1781802","Williamsfield village, Illinois",52857,2018
"1711202","Carlinville city, Illinois",46862,2018
"1721410","Eagarville village, Illinois",53750,2018
"1757043","Owaneco village, Illinois",60568,2018
"1734137","Henning village, Illinois",54750,2018
"1700880","Allerton village, Illinois",57917,2018
"1757693","Parkersburg village, Illinois",50625,2018
"1704689","Belgium village, Illinois",41607,2018
"1762744","Rankin village, Illinois",45268,2018
"1775783","Toulon city, Illinois",45781,2018
"1722398","Eddyville village, Illinois",12188,2018
"1710110","Bushnell city, Illinois",44200,2018
"1737439","Industry village, Illinois",59063,2018
"1713074","Cherry Valley village, Illinois",60250,2018
"1765104","Rock Island Arsenal CDP, Illinois",NA,2018
"1750543","Morrisonville village, Illinois",60114,2018
"1750829","Mount Auburn village, Illinois",55000,2018
"1762822","Rapids City village, Illinois",73438,2018
"1700737","Alhambra village, Illinois",52361,2018
"1710695","Camden village, Illinois",46250,2018
"1747254","Martinsville city, Illinois",46354,2018
"1779241","Watson village, Illinois",52000,2018
"1729431","Gladstone village, Illinois",40179,2018
"1762848","Raritan village, Illinois",46667,2018
"1752103","Newark village, Illinois",74722,2018
"1767548","Sandwich city, Illinois",66707,2018
"1705612","Bethany village, Illinois",45625,2018
"1715599","Collinsville city, Illinois",52394,2018
"1777395","Varna village, Illinois",52969,2018
"1760937","Polo city, Illinois",45776,2018
"1781074","Wheeler village, Illinois",36042,2018
"1742171","La Rose village, Illinois",26429,2018
"1753481","Northbrook village, Illinois",123457,2018
"1756627","Orland Hills village, Illinois",87068,2018
"1768705","Sesser city, Illinois",51750,2018
"1725895","Ferris village, Illinois",45938,2018
"1705092","Belvidere city, Illinois",52082,2018
"1761145","Poplar Grove village, Illinois",83750,2018
"1719616","De Soto village, Illinois",43913,2018
"1746214","Makanda village, Illinois",65500,2018
"1742587","Lee village, Illinois",55625,2018
"1773287","Sublette village, Illinois",51250,2018
"1709434","Buffalo village, Illinois",44444,2018
"1712684","Chatham village, Illinois",84749,2018
"1741404","Lake Petersburg CDP, Illinois",79107,2018
"1742002","Langleyville CDP, Illinois",66250,2018
"1742067","LaPlace CDP, Illinois",66750,2018
"1744836","Lost Nation CDP, Illinois",88438,2018
"1749698","Mitchell CDP, Illinois",42227,2018
"1751310","Mulkeytown CDP, Illinois",NA,2018
"1754924","Oak Run CDP, Illinois",87917,2018
"1755847","Olive Branch CDP, Illinois",43375,2018
"1755886","Olivet CDP, Illinois",59306,2018
"1756198","Opdyke CDP, Illinois",70938,2018
"1757160","Paderborn CDP, Illinois",NA,2018
"1758577","Penfield CDP, Illinois",45625,2018
"1761821","Prestbury CDP, Illinois",64338,2018
"1763355","Rentchler CDP, Illinois",NA,2018
"1768809","Seymour CDP, Illinois",NA,2018
"1774970","The Galena Territory CDP, Illinois",88661,2018
"1776511","Twin Grove CDP, Illinois",108875,2018
"1780879","West Union CDP, Illinois",47292,2018
"1780957","West York CDP, Illinois",NA,2018
"1781295","White Heath CDP, Illinois",37222,2018
"1730510","Goofy Ridge CDP, Illinois",19821,2018
"1780255","Westervelt CDP, Illinois",33750,2018
"1779228","Watseka city, Illinois",37090,2018
"1779735","Wellington village, Illinois",41000,2018
"1772884","Stonefort village, Illinois",30417,2018
"1705144","Bement village, Illinois",46719,2018
"1746487","Mansfield village, Illinois",54500,2018
"1746279","Malta village, Illinois",71136,2018
"1774223","Sycamore city, Illinois",69500,2018
"1781256","White Hall city, Illinois",37000,2018
"1782088","Wilmington village, Illinois",39375,2018
"1748073","Media village, Illinois",62500,2018
"1781867","Willisville village, Illinois",56518,2018
"1769797","Shumway village, Illinois",52813,2018
"1718420","Dallas City city, Illinois",47750,2018
"1701972","Argenta village, Illinois",61875,2018
"1747072","Maroa city, Illinois",61923,2018
"1723503","Ellis Grove village, Illinois",38750,2018
"1728963","Georgetown city, Illinois",43576,2018
"1769836","Sidell village, Illinois",49861,2018
"1780931","Westville village, Illinois",45486,2018
"1740143","Kinsman village, Illinois",90625,2018
"1762588","Raleigh village, Illinois",45114,2018
"1762523","Radom village, Illinois",43214,2018
"1705404","Berkeley village, Illinois",64715,2018
"1706704","Blue Island city, Illinois",44727,2018
"1765962","Rossville village, Illinois",51705,2018
"1717887","Crystal Lake city, Illinois",87221,2018
"1741651","Lakewood village, Illinois",136719,2018
"1726077","Fillmore village, Illinois",46875,2018
"1762965","Raymond village, Illinois",51719,2018
"1717991","Cuba city, Illinois",37885,2018
"1770226","Smithfield village, Illinois",41458,2018
"1742457","Leaf River village, Illinois",45750,2018
"1751700","Nashville city, Illinois",56754,2018
"1718342","Dakota village, Illinois",52750,2018
"1764590","Roanoke village, Illinois",53594,2018
"1768510","Secor village, Illinois",52273,2018
"1759156","Perry village, Illinois",30833,2018
"1760534","Pleasant Hill village, Illinois",42083,2018
"1755418","Ohlman village, Illinois",48438,2018
"1758369","Pearl City village, Illinois",64531,2018
"1759026","Peoria Heights village, Illinois",44037,2018
"1771604","Spring Bay village, Illinois",50000,2018
"1715469","Coleta village, Illinois",62500,2018
"1724374","Erie village, Illinois",63068,2018
"1744602","Longview village, Illinois",32500,2018
"1775614","Tolono village, Illinois",64042,2018
"1777005","Urbana city, Illinois",35820,2018
"1702258","Aroma Park village, Illinois",49821,2018
"1706587","Bloomingdale village, Illinois",85105,2018
"1744407","Lombard village, Illinois",79684,2018
"1780645","Westmont village, Illinois",63309,2018
"1781048","Wheaton city, Illinois",98544,2018
"1746500","Manteno village, Illinois",59464,2018
"1701361","Anchor village, Illinois",60208,2018
"1736438","Hudson village, Illinois",86442,2018
"1748424","Meredosia village, Illinois",41688,2018
"1779358","Waverly city, Illinois",45179,2018
"1745850","McNabb village, Illinois",77083,2018
"1702206","Armington village, Illinois",42143,2018
"1749555","Minier village, Illinois",57969,2018
"1721696","East Dundee village, Illinois",69514,2018
"1722931","Elburn village, Illinois",108500,2018
"1732525","Hampshire village, Illinois",102418,2018
"1724348","Equality village, Illinois",36042,2018
"1752506","New Haven village, Illinois",39531,2018
"1737894","Island Lake village, Illinois",77129,2018
"1721579","East Brooklyn village, Illinois",78750,2018
"1747527","Matherville village, Illinois",59750,2018
"1778123","Viola village, Illinois",59968,2018
"1736516","Hull village, Illinois",43563,2018
"1739922","Kinderhook village, Illinois",61500,2018
"1749477","Milton village, Illinois",35750,2018
"1730250","Golden Gate village, Illinois",47813,2018
"1718459","Dalzell village, Illinois",54375,2018
"1747150","Marseilles city, Illinois",47583,2018
"1750530","Morrison city, Illinois",43886,2018
"1772546","Sterling city, Illinois",44487,2018
"1717471","Creston village, Illinois",59219,2018
"1764174","Ripley village, Illinois",NA,2018
"1700230","Addieville village, Illinois",71719,2018
"1720149","Dixmoor village, Illinois",39955,2018
"1755002","Oakwood village, Illinois",54224,2018
"1770161","Sleepy Hollow village, Illinois",108906,2018
"1768120","Schram City village, Illinois",42833,2018
"1775848","Tower Hill village, Illinois",46429,2018
"1782686","Winthrop Harbor village, Illinois",87337,2018
"1777941","Villa Grove city, Illinois",52893,2018
"1765156","Rockton village, Illinois",87923,2018
"1722073","East Moline city, Illinois",48604,2018
"1775263","Tilden village, Illinois",36953,2018
"1764278","Riverdale village, Illinois",33573,2018
"1771370","South Wilmington village, Illinois",68750,2018
"1721267","Du Quoin city, Illinois",38036,2018
"1733877","Hecker village, Illinois",54167,2018
"1701946","Arenzville village, Illinois",71250,2018
"1704975","Bellwood village, Illinois",55480,2018
"1711163","Carbondale city, Illinois",22025,2018
"1778604","Walnut Hill village, Illinois",35625,2018
"1720565","Dowell village, Illinois",34038,2018
"1704845","Belleville city, Illinois",45945,2018
"1767821","Savanna city, Illinois",40313,2018
"1707640","Braceville village, Illinois",63077,2018
"1757628","Paris city, Illinois",42140,2018
"1709538","Bulpitt village, Illinois",50938,2018
"1775809","Tovey village, Illinois",47813,2018
"1702986","Augusta village, Illinois",38235,2018
"1753169","Nokomis city, Illinois",47344,2018
"1757498","Panama village, Illinois",51875,2018
"1779826","Wenonah village, Illinois",84286,2018
"1716119","Congerville village, Illinois",71250,2018
"1710084","Bush village, Illinois",37917,2018
"1749048","Milford village, Illinois",44063,2018
"1756081","Onarga village, Illinois",46957,2018
"1751349","Mundelein village, Illinois",91035,2018
"1757654","Park City city, Illinois",41589,2018
"1775874","Tower Lakes village, Illinois",145156,2018
"1769277","Sheridan village, Illinois",60000,2018
"1776225","Troy Grove village, Illinois",74792,2018
"1725375","Farina village, Illinois",39107,2018
"1717055","Cowden village, Illinois",38750,2018
"1734332","Herrick village, Illinois",32000,2018
"1751232","Moweaqua village, Illinois",58306,2018
"1707770","Braidwood city, Illinois",63651,2018
"1737465","Ingalls Park CDP, Illinois",48281,2018
"1746357","Manhattan village, Illinois",91429,2018
"1757732","Park Forest village, Illinois",51267,2018
"1783817","Yates City village, Illinois",49904,2018
"1748138","Medora village, Illinois",45446,2018
"1714533","Claremont village, Illinois",49375,2018
"1726233","Fithian village, Illinois",51875,2018
"1771643","Springerton village, Illinois",53750,2018
"1770005","Simpson village, Illinois",43750,2018
"1703571","Banner village, Illinois",56667,2018
"1709161","Bryant village, Illinois",53750,2018
"1743055","Lewistown city, Illinois",51705,2018
"1744121","Liverpool village, Illinois",37292,2018
"1742405","Lawrenceville city, Illinois",37942,2018
"1736150","Hopewell village, Illinois",75833,2018
"1775653","Toluca city, Illinois",51094,2018
"1779813","Wenona city, Illinois",50313,2018
"1756484","Oregon city, Illinois",52237,2018
"1764746","Rochelle city, Illinois",49900,2018
"1723009","Eldorado city, Illinois",33482,2018
"1720890","Du Bois village, Illinois",59375,2018
"1709798","Burnham village, Illinois",43983,2018
"1717497","Crestwood village, Illinois",59712,2018
"1730328","Golf village, Illinois",200750,2018
"1735866","Hometown city, Illinois",49359,2018
"1757407","Palos Park village, Illinois",92143,2018
"1700672","Alexis village, Illinois",54135,2018
"1778201","Virginia city, Illinois",51346,2018
"1745434","Lyons village, Illinois",59800,2018
"1737257","Indian Head Park village, Illinois",82967,2018
"1740767","La Grange village, Illinois",121425,2018
"1745421","Lynwood village, Illinois",57333,2018
"1748892","Midlothian village, Illinois",61606,2018
"1750647","Morton Grove village, Illinois",85476,2018
"1749347","Mill Shoals village, Illinois",48333,2018
"1707510","Bowen village, Illinois",38750,2018
"1723841","Elvaston village, Illinois",37083,2018
"1732434","Hamilton city, Illinois",48405,2018
"1701242","Alvan village, Illinois",53281,2018
"1755470","Okawville village, Illinois",68309,2018
"1709642","Burbank city, Illinois",59912,2018
"1760599","Pleasant Plains village, Illinois",72083,2018
"1774860","Thayer village, Illinois",54583,2018
"1701140","Altona village, Illinois",58393,2018
"1734982","Hillcrest village, Illinois",62292,2018
"1758343","Pearl village, Illinois",41500,2018
"1760222","Pittsfield city, Illinois",37438,2018
"1749854","Mokena village, Illinois",106291,2018
"1749945","Monee village, Illinois",69547,2018
"1752584","New Lenox village, Illinois",108638,2018
"1772520","Steger village, Illinois",46645,2018
"1750881","Mount Carroll city, Illinois",49375,2018
"1719798","De Witt village, Illinois",48750,2018
"1746604","Maple Park village, Illinois",84911,2018
"1770720","South Elgin village, Illinois",93617,2018
"1731667","Greenwood village, Illinois",89063,2018
"1735515","Holiday Hills village, Illinois",73947,2018
"1745824","McLeansboro city, Illinois",43382,2018
"1718251","Cypress village, Illinois",41375,2018
"1752285","New Burnside village, Illinois",47639,2018
"1715378","Colchester city, Illinois",37750,2018
"1745889","Macomb city, Illinois",40089,2018
"1765884","Rosewood Heights CDP, Illinois",57093,2018
"1730445","Goodfield village, Illinois",1e+05,2018
"1732967","Harmon village, Illinois",39821,2018
"1758226","Paw Paw village, Illinois",50357,2018
"1714845","Clear Lake village, Illinois",51667,2018
"1745369","Lynnville village, Illinois",38750,2018
"1705248","Bensenville village, Illinois",61660,2018
"1759273","Pesotum village, Illinois",71719,2018
"1762783","Rantoul village, Illinois",41420,2018
"1769875","Sidney village, Illinois",74531,2018
"1765806","Roselle village, Illinois",85070,2018
"1782400","Winfield village, Illinois",107216,2018
"1734384","Herscher village, Illinois",72688,2018
"1704572","Bedford Park village, Illinois",71250,2018
"1714351","Cicero town, Illinois",47487,2018
"1726710","Ford Heights village, Illinois",29063,2018
"1727702","Franklin Park village, Illinois",62861,2018
"1729652","Glencoe village, Illinois",209143,2018
"1768328","Scott AFB CDP, Illinois",59086,2018
"1770252","Smithton village, Illinois",74531,2018
"1774119","Swansea village, Illinois",77860,2018
"1726753","Forest City village, Illinois",63750,2018
"1747475","Mason City city, Illinois",38563,2018
"1720292","Dolton village, Illinois",45402,2018
"1726571","Flossmoor village, Illinois",106794,2018
"1730029","Glenwood village, Illinois",65441,2018
"1757277","Palestine village, Illinois",37663,2018
"1725063","Fairview village, Illinois",61250,2018
"1746825","Marietta village, Illinois",49250,2018
"1777642","Vermont village, Illinois",48125,2018
"1734553","Hidalgo village, Illinois",57813,2018
"1752844","Newton city, Illinois",35826,2018
"1782010","Willow Hill village, Illinois",31250,2018
"1766833","St. Francisville city, Illinois",36071,2018
"1734163","Henry city, Illinois",46798,2018
"1704078","Batavia city, Illinois",92522,2018
"1728872","Geneva city, Illinois",111232,2018
"1711592","Cary village, Illinois",99652,2018
"1779397","Wayne village, Illinois",133233,2018
"1727442","Fox Lake village, Illinois",59635,2018
"1761678","Prairie Grove village, Illinois",112143,2018
"1710149","Butler village, Illinois",46250,2018
"1743965","Litchfield city, Illinois",45000,2018
"1723698","Elmwood city, Illinois",65139,2018
"1731576","Greenview village, Illinois",54375,2018
"1755717","Old Ripley village, Illinois",NA,2018
"1724699","Exeter village, Illinois",51250,2018
"1718472","Damiansville village, Illinois",61667,2018
"1739441","Kempton village, Illinois",49464,2018
"1710240","Byron city, Illinois",56250,2018
"1705573","Berwyn city, Illinois",60811,2018
"1729171","Gilberts village, Illinois",104114,2018
"1718706","Davis village, Illinois",48438,2018
"1772780","Stockton village, Illinois",40333,2018
"1751882","Nebo village, Illinois",20000,2018
"1740416","Knoxville city, Illinois",55273,2018
"1767795","Saunemin village, Illinois",55625,2018
"1757394","Palos Hills city, Illinois",59104,2018
"1763706","Richton Park village, Illinois",56324,2018
"1748554","Merrionette Park village, Illinois",51951,2018
"1753000","Niles village, Illinois",60672,2018
"1754820","Oak Lawn village, Illinois",62455,2018
"1759572","Phoenix village, Illinois",36080,2018
"1768081","Schiller Park village, Illinois",54617,2018
"1772923","Stone Park village, Illinois",59022,2018
"1775185","Thornton village, Illinois",57774,2018
"1783518","Worth village, Illinois",58675,2018
"1701881","Arcola city, Illinois",46768,2018
"1708875","Broughton village, Illinois",26250,2018
"1760833","Plymouth village, Illinois",43690,2018
"1721280","Durand village, Illinois",51293,2018
"1745726","Machesney Park village, Illinois",60353,2018
"1760339","Plainville village, Illinois",41635,2018
"1754885","Oak Park village, Illinois",91945,2018
"1734098","Hennepin village, Illinois",62396,2018
"1737608","Inverness village, Illinois",180541,2018
"1747007","Markham city, Illinois",38353,2018
"1764616","Robbins village, Illinois",26804,2018
"1780047","Westchester village, Illinois",80412,2018
"1704351","Beardstown city, Illinois",39688,2018
"1712450","Chandlerville village, Illinois",48333,2018
"1719200","De Land village, Illinois",56250,2018
"1704117","Batchtown village, Illinois",65417,2018
"1784155","Zeigler city, Illinois",44648,2018
"1730770","Grand Tower city, Illinois",32857,2018
"1738856","Kampsville village, Illinois",41806,2018
"1750868","Mount Carmel city, Illinois",45279,2018
"1782218","Wilsonville village, Illinois",37941,2018
"1753143","Noble village, Illinois",49375,2018
"1732408","Hamel village, Illinois",67115,2018
"1759709","Pierron village, Illinois",60833,2018
"1761067","Pontoon Beach village, Illinois",58682,2018
"1766131","Roxana village, Illinois",46210,2018
"1777473","Venice city, Illinois",25511,2018
"1783271","Wood River city, Illinois",44450,2018
"1761223","Port Byron village, Illinois",64550,2018
"1704936","Bellmont village, Illinois",43125,2018
"1783102","Woodland village, Illinois",50972,2018
"1717185","Crainville village, Illinois",63587,2018
"1717289","Creal Springs city, Illinois",41667,2018
"1781938","Willowbrook CDP, Illinois",88000,2018
"1735671","Hollowayville village, Illinois",56250,2018
"1712008","Cedarville village, Illinois",59904,2018
"1764837","Rock City village, Illinois",52250,2018
"1749568","Minonk city, Illinois",61625,2018
"1757524","Panola village, Illinois",91250,2018
"1751180","Mount Vernon city, Illinois",38659,2018
"1715495","Colfax village, Illinois",56071,2018
"1772260","Stanford village, Illinois",52589,2018
"1751479","Murrayville village, Illinois",55250,2018
"1736126","Hopedale village, Illinois",61250,2018
"1747111","Marquette Heights city, Illinois",58688,2018
"1711358","Carpentersville village, Illinois",62620,2018
"1753442","North Aurora village, Illinois",81096,2018
"1727533","Fox River Grove village, Illinois",111934,2018
"1733851","Hebron village, Illinois",60750,2018
"1738479","Johnsburg village, Illinois",114344,2018
"1776706","Union village, Illinois",64063,2018
"1733357","Harvel village, Illinois",63036,2018
"1776615","Ullin village, Illinois",25074,2018
"1773943","Sun River Terrace village, Illinois",38750,2018
"1712931","Chenoa city, Illinois",54697,2018
"1720643","Downs village, Illinois",83056,2018
"1731732","Gridley village, Illinois",60313,2018
"1775822","Towanda village, Illinois",52778,2018
"1783336","Woodson village, Illinois",51667,2018
"1734358","Herrin city, Illinois",42874,2018
"1735073","Hillsdale village, Illinois",63750,2018
"1746916","Marion city, Illinois",42789,2018
"1722567","Edgewood village, Illinois",48125,2018
"1722736","Effingham city, Illinois",46265,2018
"1747449","Mason town, Illinois",39091,2018
"1750283","Montrose village, Illinois",37917,2018
"1756237","Oquawka village, Illinois",41496,2018
"1744264","Loda village, Illinois",39500,2018
"1757576","Papineau village, Illinois",49167,2018
"1738544","Johnston City city, Illinois",32713,2018
"1759312","Petersburg city, Illinois",46306,2018
"1702882","Atwood village, Illinois",41964,2018
"1712268","Cerro Gordo village, Illinois",62563,2018
"1705300","Benton city, Illinois",37485,2018
"1729483","Glasford village, Illinois",51705,2018
"1749386","Millstadt village, Illinois",69231,2018
"1752142","New Baden village, Illinois",69303,2018
"1769524","Shiloh village, Illinois",80271,2018
"1702674","Athens city, Illinois",65903,2018
"1780073","West City village, Illinois",32857,2018
"1731589","Greenville city, Illinois",51511,2018
"1702479","Ashkum village, Illinois",65625,2018
"1714286","Christopher city, Illinois",32482,2018
"1748333","Mendota city, Illinois",54130,2018
"1768640","Seneca village, Illinois",67264,2018
"1774743","Teutopolis village, Illinois",78500,2018
"1709889","Burnt Prairie village, Illinois",46250,2018
"1752220","New Boston city, Illinois",43125,2018
"1768458","Seaton village, Illinois",54500,2018
"1731771","Griggsville city, Illinois",48167,2018
"1752805","New Salem village, Illinois",36458,2018
"1742795","Lemont village, Illinois",95221,2018
"1736568","Hume village, Illinois",47857,2018
"1738986","Kansas village, Illinois",31964,2018
"1750010","Monmouth city, Illinois",40781,2018
"1750790","Mound Station village, Illinois",74643,2018
"1766768","St. David village, Illinois",42788,2018
"1766800","Ste. Marie village, Illinois",44583,2018
"1783765","Yale village, Illinois",31250,2018
"1773703","Sumner city, Illinois",34543,2018
"1718719","Davis Junction village, Illinois",70391,2018
"1754586","Oakdale village, Illinois",61250,2018
"1763719","Richview village, Illinois",40795,2018
"1777408","Venedy village, Illinois",76875,2018
"1701010","Alsip village, Illinois",58566,2018
"1708446","Broadview village, Illinois",49236,2018
"1717549","Creve Coeur village, Illinois",47127,2018
"1758447","Pekin city, Illinois",51775,2018
"1772156","Spring Valley city, Illinois",48103,2018
"1767925","Scales Mound village, Illinois",55536,2018
"1708472","Broadwell village, Illinois",60625,2018
"1723269","Elkhart village, Illinois",67656,2018
"1729145","Gifford village, Illinois",69000,2018
"1707471","Bourbonnais village, Illinois",69920,2018
"1704303","Beach Park village, Illinois",74492,2018
"1732018","Gurnee village, Illinois",93967,2018
"1728248","Gages Lake CDP, Illinois",97941,2018
"1758265","Payson village, Illinois",54375,2018
"1726194","Fisher village, Illinois",60469,2018
"1741105","Lake Forest city, Illinois",167404,2018
"1753455","North Barrington village, Illinois",178611,2018
"1727455","Fox Lake Hills CDP, Illinois",72024,2018
"1734865","Highwood city, Illinois",57321,2018
"1722151","Easton village, Illinois",51250,2018
"1716691","Country Club Hills city, Illinois",59353,2018
"1736841","Hutsonville village, Illinois",47404,2018
"1771422","Sparland village, Illinois",44000,2018
"1737712","Iroquois village, Illinois",56875,2018
"1738674","Joppa village, Illinois",25455,2018
"1779267","Wauconda village, Illinois",78938,2018
"1772949","Stonington village, Illinois",68500,2018
"1711124","Capron village, Illinois",55357,2018
"1700997","Alsey village, Illinois",39167,2018
"1752467","New Grand Chain village, Illinois",42125,2018
"1734449","Heyworth village, Illinois",69476,2018
"1723529","Ellisville village, Illinois",39000,2018
"1780762","West Point village, Illinois",50357,2018
"1705443","Berlin village, Illinois",54063,2018
"1752168","New Berlin village, Illinois",72857,2018
"1749308","Millington village, Illinois",67045,2018
"1709577","Bunker Hill city, Illinois",46563,2018
"1762016","Prospect Heights city, Illinois",67620,2018
"1709551","Buncombe village, Illinois",39063,2018
"1774665","Tennessee village, Illinois",43750,2018
"1748307","Mendon village, Illinois",56528,2018
"1767860","Savoy village, Illinois",68217,2018
"1746331","Manchester village, Illinois",43000,2018
"1743939","Lisle village, Illinois",87106,2018
"1761899","Princeton city, Illinois",52278,2018
"1773391","Sugar Grove village, Illinois",115063,2018
"1704793","Belle Prairie City town, Illinois",64167,2018
"1724764","Fairbury city, Illinois",50256,2018
"1740091","Kingston Mines village, Illinois",50500,2018
"1769212","Sheldon village, Illinois",40379,2018
"1737998","Ivesdale village, Illinois",52500,2018
"1783622","Wyanet village, Illinois",47143,2018
"1714923","Cleveland village, Illinois",48750,2018
"1782985","Wood Dale city, Illinois",67891,2018
"1778175","Virgil village, Illinois",88250,2018
"1745785","Mackinaw village, Illinois",65938,2018
"1750621","Morton village, Illinois",77011,2018
"1708186","Bridgeport city, Illinois",48092,2018
"1703883","Barrington Hills village, Illinois",158015,2018
"1738791","Junction City village, Illinois",38625,2018
"1767236","Salem city, Illinois",40434,2018
"1710370","Cahokia village, Illinois",29330,2018
"1779007","Washburn village, Illinois",51364,2018
"1721826","East Galesburg village, Illinois",56458,2018
"1766196","Royal Lakes village, Illinois",30938,2018
"1772234","Standard City village, Illinois",57500,2018
"1755912","Olney city, Illinois",39558,2018
"1736061","Hoopeston city, Illinois",42593,2018
"1737348","Indianola village, Illinois",65156,2018
"1751336","Muncie village, Illinois",41458,2018
"1744173","Loami village, Illinois",54583,2018
"1762367","Quincy city, Illinois",44249,2018
"1777044","Ursa village, Illinois",52292,2018
"1708420","Broadlands village, Illinois",53864,2018
"1758174","Pawnee village, Illinois",62426,2018
"1765078","Rock Island city, Illinois",47673,2018
"1769979","Silvis city, Illinois",50450,2018
"1739259","Keensburg village, Illinois",59375,2018
"1740884","Lake Barrington village, Illinois",108125,2018
"1744524","Long Grove village, Illinois",208250,2018
"1764538","Riverwoods village, Illinois",209825,2018
"1766027","Round Lake village, Illinois",79543,2018
"1718147","Curran village, Illinois",48750,2018
"1772624","Steward village, Illinois",58333,2018
"1738375","Jerome village, Illinois",58833,2018
"1712528","Chapin village, Illinois",44375,2018
"1711514","Carterville city, Illinois",51364,2018
"1718498","Danforth village, Illinois",52500,2018
"1720331","Donovan village, Illinois",40208,2018
"1729275","Gilman city, Illinois",52750,2018
"1724166","Energy village, Illinois",47904,2018
"1771526","Spillertown village, Illinois",43000,2018
"1714273","Chrisman city, Illinois",47361,2018
"1748632","Metcalf village, Illinois",32750,2018
"1777551","Vermilion village, Illinois",49583,2018
"1774574","Taylorville city, Illinois",40137,2018
"1707224","Bone Gap village, Illinois",47083,2018
"1708979","Browns village, Illinois",41250,2018
"1705274","Bentley town, Illinois",NA,2018
"1700243","Addison village, Illinois",64377,2018
"1723620","Elmhurst city, Illinois",113207,2018
"1707744","Bradley village, Illinois",61373,2018
"1768003","Schaumburg village, Illinois",79740,2018
"1781919","Willowbrook village, Illinois",71574,2018
"1738934","Kankakee city, Illinois",36902,2018
"1749893","Momence city, Illinois",49552,2018
"1776771","Union Hill village, Illinois",62188,2018
"1723555","Ellsworth village, Illinois",49167,2018
"1716054","Concord village, Illinois",31806,2018
"1770889","South Jacksonville village, Illinois",51645,2018
"1731017","Granville village, Illinois",58393,2018
"1756887","Oswego village, Illinois",103352,2018
"1727091","Forsyth village, Illinois",83125,2018
"1744498","Long Creek village, Illinois",79792,2018
"1751206","Mount Zion village, Illinois",79917,2018
"1720305","Dongola village, Illinois",36579,2018
"1738635","Jonesboro city, Illinois",47250,2018
"1749178","Mill Creek village, Illinois",NA,2018
"1714715","Clay City village, Illinois",35500,2018
"1706028","Bingham village, Illinois",44250,2018
"1700971","Alpha village, Illinois",44792,2018
"1702726","Atkinson town, Illinois",54643,2018
"1710643","Cambridge village, Illinois",61823,2018
"1782322","Windsor city, Illinois",39500,2018
"1712476","Channahon village, Illinois",91372,2018
"1700516","Albany village, Illinois",56397,2018
"1716873","Countryside city, Illinois",55714,2018
"1711527","Carthage city, Illinois",52083,2018
"1740832","La Harpe city, Illinois",37009,2018
"1751791","Nauvoo city, Illinois",48625,2018
"1761080","Pontoosuc village, Illinois",37917,2018
"1768991","Shannon village, Illinois",47273,2018
"1778773","Wapella village, Illinois",57813,2018
"1747787","Mazon village, Illinois",61875,2018
"1736477","Huey village, Illinois",29875,2018
"1751661","Naples town, Illinois",NA,2018
"1704507","Beaverville village, Illinois",45313,2018
"1752623","Newman city, Illinois",40865,2018
"1745642","Macedonia village, Illinois",32500,2018
"1730458","Good Hope village, Illinois",44531,2018
"1733513","Havana city, Illinois",36841,2018
"1746383","Manito village, Illinois",65673,2018
"1763043","Red Bud city, Illinois",61512,2018
"1772468","Steeleville village, Illinois",54034,2018
"1701543","Anna city, Illinois",35550,2018
"1744927","Louisville village, Illinois",39211,2018
"1769810","Sibley village, Illinois",42083,2018
"1783505","Worden village, Illinois",61563,2018
"1730926","Granite City city, Illinois",47881,2018
"1733279","Hartford village, Illinois",48684,2018
"1776199","Troy city, Illinois",69775,2018
"1716366","Cordova village, Illinois",64063,2018
"1737647","Ipava village, Illinois",42639,2018
"1765754","Rose Hill village, Illinois",41250,2018
"1766404","Russellville village, Illinois",33750,2018
"1727065","Forreston village, Illinois",51591,2018
"1751271","Muddy village, Illinois",35833,2018
"1702531","Ashley city, Illinois",38333,2018
"1712164","Centralia city, Illinois",36896,2018
"1737777","Irvington village, Illinois",62566,2018
"1710936","Candlewick Lake CDP, Illinois",59783,2018
"1754404","Norwood village, Illinois",60000,2018
"1742912","Leonore village, Illinois",58750,2018
"1740117","Kinmundy city, Illinois",43661,2018
"1742496","Lebanon city, Illinois",56250,2018
"1753871","Northlake city, Illinois",54492,2018
"1754222","North Utica village, Illinois",63333,2018
"1755353","Oglesby city, Illinois",56613,2018
"1759234","Peru city, Illinois",49018,2018
"1708225","Bridgeview village, Illinois",54025,2018
"1729938","Glenview village, Illinois",110402,2018
"1712710","Chatsworth town, Illinois",31169,2018
"1738323","Jeffersonville village, Illinois",38523,2018
"1738531","Johnsonville village, Illinois",NA,2018
"1779436","Wayne City village, Illinois",48008,2018
"1707263","Bonnie village, Illinois",50625,2018
"1751726","Nason city, Illinois",38125,2018
"1730835","Grandview village, Illinois",47457,2018
"1764486","Riverton village, Illinois",61441,2018
"1771474","Spaulding village, Illinois",98500,2018
"1781854","Williamsville village, Illinois",82692,2018
"1752155","New Bedford village, Illinois",52750,2018
"1755379","Ohio village, Illinois",51875,2018
"1727624","Frankfort village, Illinois",128309,2018
"1744225","Lockport city, Illinois",84147,2018
"1759052","Peotone village, Illinois",83358,2018
"1743133","Liberty village, Illinois",55662,2018
"1743445","Lima village, Illinois",52321,2018
"1735814","Homer village, Illinois",55568,2018
"1741346","Lake of the Woods CDP, Illinois",54833,2018
"1745174","Ludlow village, Illinois",47500,2018
"1723256","Elk Grove Village village, Illinois",79680,2018
"1729730","Glendale Heights village, Illinois",65756,2018
"1727858","Freeman Spur village, Illinois",50000,2018
"1736815","Hurst city, Illinois",36838,2018
"1783063","Woodhull village, Illinois",53971,2018
"1703844","Barrington village, Illinois",115833,2018
"1746136","Mahomet village, Illinois",115619,2018
"1766534","Sadorus village, Illinois",55417,2018
"1745525","McClure village, Illinois",37857,2018
"1709980","Burr Ridge village, Illinois",144609,2018
"1763862","Ridge Farm village, Illinois",45804,2018
"1775276","Tilton village, Illinois",41329,2018
"1739909","Kincaid village, Illinois",51094,2018
"1700568","Albion city, Illinois",39125,2018
"1704806","Belle Rive village, Illinois",42500,2018
"1751947","Nelson village, Illinois",32500,2018
"1780008","West Brooklyn village, Illinois",62750,2018
"1737127","Illiopolis village, Illinois",64583,2018
"1770759","Southern View village, Illinois",47105,2018
"1706756","Blue Mound village, Illinois",41161,2018
"1760352","Plano city, Illinois",66699,2018
"1784038","Yorkville city, Illinois",95180,2018
"1733227","Harristown village, Illinois",57500,2018
"1745941","Macon city, Illinois",58750,2018
"1778916","Warrensburg village, Illinois",60109,2018
"1701205","Alto Pass village, Illinois",42708,2018
"1726454","Flora city, Illinois",41192,2018
"1701491","Andover village, Illinois",67125,2018
"1701569","Annawan town, Illinois",41458,2018
"1718992","Deerfield village, Illinois",144229,2018
"1705599","Bethalto village, Illinois",64545,2018
"1721553","East Alton village, Illinois",45274,2018
"1740910","Lake Bluff village, Illinois",162109,2018
"1741586","Lake Villa village, Illinois",107681,2018
"1743666","Lincolnshire village, Illinois",114826,2018
"1743770","Lindenhurst village, Illinois",102426,2018
"1754781","Oakland city, Illinois",45227,2018
"1756536","Orient city, Illinois",30625,2018
"1766209","Royalton village, Illinois",40341,2018
"1703103","Ava city, Illinois",43750,2018
"1723373","Elkville village, Illinois",36293,2018
"1718485","Dana village, Illinois",47813,2018
"1738921","Kangley village, Illinois",49688,2018
"1700919","Alma village, Illinois",32500,2018
"1773495","Sullivan city, Illinois",51706,2018
"1708667","Brooklyn village, Illinois",18194,2018
"1745993","Madison city, Illinois",24845,2018
"1746955","Marissa village, Illinois",41571,2018
"1713139","Chester city, Illinois",45321,2018
"1735268","Hinckley village, Illinois",68393,2018
"1707419","Boulder Hill CDP, Illinois",69870,2018
"1752961","Niantic village, Illinois",55625,2018
"1724608","Evansville village, Illinois",49196,2018
"1766287","Ruma village, Illinois",65357,2018
"1774457","Tamms village, Illinois",43333,2018
"1736074","Hooppole village, Illinois",47917,2018
"1739727","Kewanee city, Illinois",39392,2018
"1701595","Antioch village, Illinois",87604,2018
"1702154","Arlington Heights village, Illinois",90835,2018
"1712489","Channel Lake CDP, Illinois",60625,2018
"1772000","Springfield city, Illinois",53405,2018
"1778149","Virden city, Illinois",53611,2018
"1741859","Lanark city, Illinois",47841,2018
"1749191","Milledgeville village, Illinois",48024,2018
"1739532","Kenney village, Illinois",52981,2018
"1777707","Verona village, Illinois",62500,2018
"1712567","Charleston city, Illinois",36853,2018
"1764148","Rio village, Illinois",49063,2018
"1777811","Victoria village, Illinois",41250,2018
"1779124","Wataga village, Illinois",53148,2018
"1724062","Emington village, Illinois",NA,2018
"1771175","South Pekin village, Illinois",50417,2018
"1712385","Champaign city, Illinois",47502,2018
"1726662","Foosland village, Illinois",63500,2018
"1719226","Delavan city, Illinois",52404,2018
"1731563","Green Valley village, Illinois",52875,2018
"1754092","North Pekin village, Illinois",57273,2018
"1709681","Bureau Junction village, Illinois",56250,2018
"1738778","Junction village, Illinois",57083,2018
"1700815","Allendale village, Illinois",55313,2018
"1731524","Greenup village, Illinois",37554,2018
"1761366","Potomac village, Illinois",44125,2018
"1767769","Sauk Village village, Illinois",42105,2018
"1728326","Galesburg city, Illinois",36926,2018
"1708264","Brighton village, Illinois",66161,2018
"1739129","Kaskaskia village, Illinois",NA,2018
"1762757","Ransom village, Illinois",70938,2018
"1775757","Topeka village, Illinois",43750,2018
"1706899","Bluffs village, Illinois",51406,2018
"1700113","Abingdon city, Illinois",42477,2018
"1711774","Catlin village, Illinois",52337,2018
"1774301","Table Grove village, Illinois",47750,2018
"1782491","Winnebago village, Illinois",82763,2018
"1742756","Leland village, Illinois",63393,2018
"1742769","Leland Grove city, Illinois",108750,2018
"1761548","Prairie City village, Illinois",39167,2018
"1740676","La Fayette village, Illinois",32375,2018
"1701673","Apple River village, Illinois",36827,2018
"1732707","Hanover village, Illinois",41042,2018
"1726116","Findlay village, Illinois",43917,2018
"1726480","Florence village, Illinois",29583,2018
"1752311","New Canton town, Illinois",30417,2018
"1702102","Arlington village, Illinois",64464,2018
"1741794","La Moille village, Illinois",61250,2018
"1746422","Manlius village, Illinois",52000,2018
"1751999","Neponset village, Illinois",52639,2018
"1738427","Jewett village, Illinois",30000,2018
"1755756","Old Shawneetown village, Illinois",18750,2018
"1756003","Omaha village, Illinois",34732,2018
"1714767","Clayton village, Illinois",29107,2018
"1715261","Coatsburg village, Illinois",54722,2018
"1753390","Norris village, Illinois",40625,2018
"1711397","Carrier Mills village, Illinois",34583,2018
"1703610","Bannockburn village, Illinois",126875,2018
"1709447","Buffalo Grove village, Illinois",111435,2018
"1773170","Streator city, Illinois",41612,2018
"1759884","Pinckneyville city, Illinois",33658,2018
"1714117","Chillicothe city, Illinois",46739,2018
"1759000","Peoria city, Illinois",50688,2018
"1725141","Fairview Heights city, Illinois",62900,2018
"1752116","New Athens village, Illinois",59659,2018
"1700555","Albers village, Illinois",73750,2018
"1703181","Aviston village, Illinois",85089,2018
"1704533","Beckemeyer village, Illinois",41563,2018
"1764421","Riverside village, Illinois",113025,2018
"1770629","South Chicago Heights village, Illinois",38082,2018
"1772676","Stickney village, Illinois",59467,2018
"1773638","Summit village, Illinois",46417,2018
"1766053","Round Lake Heights village, Illinois",75238,2018
"1777460","Venetian Village CDP, Illinois",82643,2018
"1778370","Wadsworth village, Illinois",103011,2018
"1769368","Sherrard village, Illinois",65000,2018
"1751128","Mount Pulaski city, Illinois",58640,2018
"1738739","Joy village, Illinois",47321,2018
"1753793","North Henderson village, Illinois",48125,2018
"1703948","Barry city, Illinois",39979,2018
"1769186","Shelbyville city, Illinois",36753,2018
"1711618","Casey city, Illinois",40635,2018
"1775601","Toledo village, Illinois",43798,2018
"1778851","Warren village, Illinois",49107,2018
"1748853","Middletown village, Illinois",53333,2018
"1703012","Aurora city, Illinois",69730,2018
"1751024","Mount Olive city, Illinois",50795,2018
"1772403","Staunton city, Illinois",42186,2018
"1710448","Calhoun village, Illinois",34286,2018
"1734007","Henderson village, Illinois",55179,2018
"1713165","Chesterfield village, Illinois",56932,2018
"1768406","Scottville village, Illinois",52813,2018
"1718563","Danville city, Illinois",36176,2018
"1769914","Sigel town, Illinois",75781,2018
"1715170","Coal City village, Illinois",71406,2018
"1717458","Crest Hill city, Illinois",54594,2018
"1719837","Diamond village, Illinois",60417,2018
"1727644","Frankfort Square CDP, Illinois",99351,2018
"1751622","Naperville city, Illinois",118187,2018
"1765442","Romeoville village, Illinois",77053,2018
"1783245","Woodridge village, Illinois",85192,2018
"1746110","Magnolia village, Illinois",45625,2018
"1722164","East Peoria city, Illinois",56856,2018
"1735307","Hinsdale village, Illinois",188684,2018
"1778929","Warrenville city, Illinois",81296,2018
"1765897","Rosiclare city, Illinois",27847,2018
"1710292","Cabery village, Illinois",52500,2018
"1724452","Essex village, Illinois",72368,2018
"1730991","Grant Park village, Illinois",61343,2018
"1737933","Iuka village, Illinois",42500,2018
"1758057","Patoka village, Illinois",50192,2018
"1700867","Allenville village, Illinois",56023,2018
"1700958","Alorton village, Illinois",22576,2018
"1725713","Fayetteville village, Illinois",57813,2018
"1744446","London Mills village, Illinois",43125,2018
"1746695","Maquon village, Illinois",52679,2018
"1766677","St. Augustine village, Illinois",38750,2018
"1705209","Benld city, Illinois",44338,2018
"1721852","East Gillespie village, Illinois",63958,2018
"1749802","Modesto village, Illinois",54375,2018
"1719083","Deer Park village, Illinois",171042,2018
"1744550","Long Lake CDP, Illinois",66097,2018
"1770213","Smithboro village, Illinois",58125,2018
"1710906","Campton Hills village, Illinois",139500,2018
"1760391","Plattville village, Illinois",84375,2018
"1767372","Sammons Point village, Illinois",51979,2018
"1743510","Limestone village, Illinois",79250,2018
"1738895","Kaneville village, Illinois",69375,2018
"1715833","Columbia city, Illinois",95354,2018
"1721618","East Carondelet village, Illinois",51667,2018
"1724933","Fairmont City village, Illinois",36322,2018
"1747423","Mascoutah city, Illinois",78191,2018
"1704156","Bath village, Illinois",34643,2018
"1767613","San Jose village, Illinois",55500,2018
"1704039","Bartonville village, Illinois",53966,2018
"1704871","Bellevue village, Illinois",46429,2018
"1746643","Mapleton village, Illinois",54861,2018
"1769082","Shawneetown city, Illinois",32500,2018
"1733318","Hartsburg village, Illinois",55417,2018
"1742249","Latham village, Illinois",53484,2018
"1700646","Aledo city, Illinois",52023,2018
"1754560","Oakbrook Terrace city, Illinois",71719,2018
"1777993","Villa Park village, Illinois",71918,2018
"1709304","Buckingham village, Illinois",57083,2018
"1711826","Cave-In-Rock village, Illinois",41250,2018
"1721683","East Dubuque city, Illinois",50694,2018
"1723165","Elizabeth village, Illinois",43750,2018
"1702752","Atlanta city, Illinois",55952,2018
"1743536","Lincoln city, Illinois",51991,2018
"1722957","El Dara village, Illinois",94286,2018
"1720526","Dover village, Illinois",39375,2018
"1746240","Malden village, Illinois",40982,2018
"1775549","Tiskilwa village, Illinois",46818,2018
"1723191","Elizabethtown village, Illinois",16607,2018
"1736190","Hopkins Park village, Illinois",18523,2018
"1702342","Arrowsmith village, Illinois",55625,2018
"1766638","St. Anne village, Illinois",52589,2018
"1711215","Carlock village, Illinois",66250,2018
"1718537","Danvers village, Illinois",73854,2018
"1775159","Thompsonville village, Illinois",31923,2018
"1747553","Mattoon city, Illinois",39303,2018
"1709330","Buckner village, Illinois",31806,2018
"1724673","Ewing village, Illinois",54375,2018
"1777148","Valier village, Illinois",55833,2018
"1730588","Gorham village, Illinois",27500,2018
"1700178","Adair CDP, Illinois",76579,2018
"1701647","Apple Canyon Lake CDP, Illinois",74048,2018
"1707315","Boody CDP, Illinois",60750,2018
"1728950","Georgetown CDP, Illinois",53382,2018
"1701556","Annapolis CDP, Illinois",NA,2018
"1718771","Dayton CDP, Illinois",62250,2018
"1702635","Astoria town, Illinois",36071,2018
"1704403","Beason CDP, Illinois",37500,2018
"1712879","Chemung CDP, Illinois",36435,2018
"1713230","Chestnut CDP, Illinois",34038,2018
"1715950","Como CDP, Illinois",56667,2018
"1716431","Cornland CDP, Illinois",67102,2018
"1729340","Gilson CDP, Illinois",NA,2018
"1717094","Crab Orchard CDP, Illinois",NA,2018
"1718641","Darmstadt CDP, Illinois",NA,2018
"1726467","Floraville CDP, Illinois",NA,2018
"1730705","Grand Detour CDP, Illinois",102895,2018
"1733162","Harrison CDP, Illinois",25833,2018
"1734272","Heritage Lake CDP, Illinois",98281,2018
"1735541","Holiday Shores CDP, Illinois",95133,2018
"1740364","Knollwood CDP, Illinois",101150,2018
"1740962","Lake Camelot CDP, Illinois",107905,2018
"1741157","Lake Holiday CDP, Illinois",78616,2018
"1705976","Big Rock village, Illinois",86250,2018
"1749100","Millbrook village, Illinois",85446,2018
"1750062","Monroe Center village, Illinois",78750,2018
"1761216","Port Barrington village, Illinois",133056,2018
"1783349","Woodstock city, Illinois",60940,2018
"1782725","Witt city, Illinois",44667,2018
"1750751","Mound City city, Illinois",33929,2018
"1750777","Mounds city, Illinois",25871,2018
"1762211","Pulaski village, Illinois",24167,2018
"1705261","Benson village, Illinois",63235,2018
"1756341","Orangeville village, Illinois",45500,2018
"1782543","Winslow village, Illinois",50833,2018
"1715989","Compton village, Illinois",46607,2018
"1720162","Dixon city, Illinois",48034,2018
"1720045","Divernon village, Illinois",60000,2018
"1739233","Keenes village, Illinois",31042,2018
"1750933","Mount Erie village, Illinois",39000,2018
"1751284","Mulberry Grove village, Illinois",38889,2018
"1729496","Glasgow village, Illinois",41875,2018
"1704000","Bartelso village, Illinois",98750,2018
"1735398","Hoffman village, Illinois",42841,2018
"1775991","Trenton city, Illinois",57130,2018
"1723425","Elliott village, Illinois",52188,2018
"1748268","Melvin village, Illinois",41875,2018
"1726896","Forest Lake CDP, Illinois",116531,2018
"1715300","Cobden village, Illinois",39500,2018
"1710383","Cairo city, Illinois",25847,2018
"1728430","Galva city, Illinois",39258,2018
"1701114","Alton city, Illinois",38581,2018
"1731121","Grayslake village, Illinois",91420,2018
"1734722","Highland Park city, Illinois",147962,2018
"1737218","Indian Creek village, Illinois",143750,2018
"1739883","Kildeer village, Illinois",201250,2018
"1722697","Edwardsville city, Illinois",69213,2018
"1755639","Old Mill Creek village, Illinois",71250,2018
"1775965","Tremont village, Illinois",63021,2018
"1751154","Mount Sterling city, Illinois",51304,2018
"1719642","Des Plaines city, Illinois",67636,2018
"1726987","Forest View village, Illinois",64063,2018
"1733695","Hazel Crest village, Illinois",51083,2018
"1777720","Versailles village, Illinois",52865,2018
"1764707","Robinson city, Illinois",45327,2018
"1745811","McLean village, Illinois",66875,2018
"1767912","Saybrook village, Illinois",55750,2018
"1738115","Jacksonville city, Illinois",41635,2018
"1704013","Bartlett village, Illinois",105245,2018
"1723074","Elgin city, Illinois",67029,2018
"1743094","Lexington city, Illinois",61722,2018
"1780060","West Chicago city, Illinois",71268,2018
"1737803","Irwin village, Illinois",62083,2018
"1706613","Bloomington city, Illinois",67327,2018
"1702609","Assumption city, Illinois",39534,2018
"1715001","Clinton city, Illinois",47065,2018
"1707913","Breese city, Illinois",64118,2018
"1780281","Westfield village, Illinois",51447,2018
"1701049","Altamont city, Illinois",41515,2018
"1743900","Lisbon village, Illinois",62222,2018
"1750218","Montgomery village, Illinois",86407,2018
"1701270","Amboy city, Illinois",46053,2018
"1737179","Ina village, Illinois",40125,2018
"1778708","Waltonville village, Illinois",41477,2018
"1783206","Woodlawn village, Illinois",51000,2018
"1702583","Ashton village, Illinois",58824,2018
"1761925","Princeville village, Illinois",56250,2018
"1718823","Decatur city, Illinois",42908,2018
"1756471","Oreana village, Illinois",56136,2018
"1732668","Hanna City village, Illinois",55536,2018
"1751648","Naplate village, Illinois",45250,2018
"1702921","Auburn city, Illinois",62576,2018
"1718745","Dawson village, Illinois",51518,2018
"1748021","Mechanicsburg village, Illinois",68750,2018
"1756926","Ottawa city, Illinois",50437,2018
"1704052","Basco village, Illinois",40417,2018
"1706184","Bismarck village, Illinois",60417,2018
"1729236","Gillespie city, Illinois",37689,2018
"1753039","Nilwood town, Illinois",47321,2018
"1757329","Palmyra village, Illinois",32039,2018
"1733435","Harwood Heights village, Illinois",60643,2018
"1714026","Chicago Heights city, Illinois",47592,2018
"1714065","Chicago Ridge village, Illinois",42306,2018
"1723724","Elmwood Park village, Illinois",58333,2018
"1735879","Homewood village, Illinois",73106,2018
"1765845","Roseville village, Illinois",45625,2018
"1723776","Elsah village, Illinois",78750,2018
"1709759","Burlington village, Illinois",91875,2018
"1735411","Hoffman Estates village, Illinois",89666,2018
"1743406","Lily Lake village, Illinois",122292,2018
"1772221","Standard village, Illinois",43571,2018
"1779033","Washington city, Illinois",72523,2018
"1700685","Algonquin village, Illinois",104532,2018
"1759988","Pingree Grove village, Illinois",91042,2018
"1766703","St. Charles city, Illinois",96197,2018
"1741326","Lakemoor village, Illinois",81847,2018
"1755041","Oakwood Hills village, Illinois",89875,2018
"1782855","Wonder Lake village, Illinois",82434,2018
"1715209","Coalton village, Illinois",43125,2018
"1725440","Farmersville village, Illinois",54141,2018
"1767873","Sawyerville village, Illinois",32500,2018
"1781191","White City village, Illinois",52344,2018
"1724985","Fairmount village, Illinois",49018,2018
"1747163","Marshall city, Illinois",45106,2018
"1719915","Dieterich village, Illinois",62083,2018
"1705898","Biggsville village, Illinois",51875,2018
"1716613","Coulterville village, Illinois",37227,2018
"1721540","Earlville city, Illinois",48427,2018
"1761639","Prairie du Rocher village, Illinois",50469,2018
"1732616","Hanaford village, Illinois",43828,2018
"1710773","Campbell Hill village, Illinois",53750,2018
"1718446","Dalton City village, Illinois",61450,2018
"1764759","Rochester village, Illinois",94564,2018
"1714455","Cisne village, Illinois",37708,2018
"1711982","Cedar Point village, Illinois",57159,2018
"1744823","Lostant village, Illinois",58929,2018
"1712151","Central City village, Illinois",40347,2018
"1767444","Sandoval village, Illinois",38606,2018
"1770031","Sims village, Illinois",43333,2018
"1756159","Oneida city, Illinois",67708,2018
"1729392","Girard city, Illinois",43092,2018
"1750920","Mount Clare village, Illinois",34583,2018
"1775172","Thomson village, Illinois",55000,2018
"1723022","Eldred village, Illinois",26875,2018
"1710877","Camp Point village, Illinois",49485,2018
"1715846","Columbus village, Illinois",40000,2018
"1711462","Carrollton city, Illinois",51037,2018
"1725960","Fidelity village, Illinois",29375,2018
"1726012","Fieldon village, Illinois",38214,2018
"1738414","Jerseyville city, Illinois",43700,2018
"1745278","Lyndon village, Illinois",41806,2018
"1763069","Redmon village, Illinois",52500,2018
"1738349","Jeisyville village, Illinois",53750,2018
"1757472","Pana city, Illinois",47083,2018
"1702557","Ashmore village, Illinois",52083,2018
"1737738","Irving village, Illinois",33056,2018
"1778383","Waggoner village, Illinois",35000,2018
"1755899","Olmsted village, Illinois",28929,2018
"1729093","German Valley village, Illinois",49792,2018
"1742834","Lena village, Illinois",53265,2018
"1704273","Bay View Gardens village, Illinois",36500,2018
"1739753","Keyesport village, Illinois",34250,2018
"1782270","Winchester city, Illinois",54750,2018
"1774847","Thawville village, Illinois",36058,2018
"1731368","Greenfield city, Illinois",42426,2018
"1735203","Hillview village, Illinois",36667,2018
"1730653","Grafton city, Illinois",52031,2018
"1726311","Flanagan village, Illinois",48047,2018
"1773131","Strawn village, Illinois",75625,2018
"1739857","Kilbourne village, Illinois",31563,2018
"1708303","Brimfield village, Illinois",70500,2018
"1721176","Dunlap village, Illinois",93889,2018
"1765403","Rome CDP, Illinois",53833,2018
"1754625","Oakford village, Illinois",71250,2018
"1760872","Pocahontas village, Illinois",45500,2018
"1770525","Sorento village, Illinois",27500,2018
"1758239","Paxton city, Illinois",50241,2018
"1760079","Piper City village, Illinois",44375,2018
"1714936","Clifton village, Illinois",60750,2018
"1741214","Lake Ka-Ho village, Illinois",43500,2018
"1709531","Bull Valley village, Illinois",108542,2018
"1751453","Murphysboro city, Illinois",39104,2018
"1777525","Vergennes village, Illinois",40938,2018
"1780736","West Peoria city, Illinois",48171,2018
"1774379","Tallula village, Illinois",57321,2018
"1742860","Lenzburg village, Illinois",41250,2018
"1773547","Summerfield village, Illinois",43516,2018
"1711228","Carlyle city, Illinois",47321,2018
"1729041","Germantown village, Illinois",61964,2018
"1764655","Roberts village, Illinois",28750,2018
"1777681","Vernon village, Illinois",40000,2018
"1735835","Homer Glen village, Illinois",103048,2018
"1731446","Green Oaks village, Illinois",161094,2018
"1750998","Mount Morris village, Illinois",44981,2018
"1733136","Harrisburg city, Illinois",34578,2018
"1752714","New Minden village, Illinois",53594,2018
"1778721","Wamac city, Illinois",31639,2018
"1710513","Calumet Park village, Illinois",47974,2018
"1721904","East Hazel Crest village, Illinois",55938,2018
"1724582","Evanston city, Illinois",77848,2018
"1724634","Evergreen Park village, Illinois",72054,2018
"1726935","Forest Park village, Illinois",59361,2018
"1735086","Hillside village, Illinois",53551,2018
"1735385","Hodgkins village, Illinois",45682,2018
"1742028","Lansing village, Illinois",52471,2018
"1740793","La Grange Park village, Illinois",95466,2018
"1747774","Maywood village, Illinois",48600,2018
"1753377","Norridge village, Illinois",64631,2018
"1753663","Northfield village, Illinois",120125,2018
"1754144","North Riverside village, Illinois",62998,2018
"1764304","River Forest village, Illinois",121908,2018
"1765338","Rolling Meadows city, Illinois",68445,2018
"1770122","Skokie village, Illinois",74272,2018
"1773157","Streamwood village, Illinois",80072,2018
"1761821","Prestbury CDP, Illinois",95481,2019
"1763355","Rentchler CDP, Illinois",NA,2019
"1768809","Seymour CDP, Illinois",NA,2019
"1774970","The Galena Territory CDP, Illinois",88333,2019
"1776511","Twin Grove CDP, Illinois",107933,2019
"1780879","West Union CDP, Illinois",NA,2019
"1780957","West York CDP, Illinois",NA,2019
"1781295","White Heath CDP, Illinois",70972,2019
"1730510","Goofy Ridge CDP, Illinois",20625,2019
"1780255","Westervelt CDP, Illinois",NA,2019
"1779228","Watseka city, Illinois",39281,2019
"1779735","Wellington village, Illinois",39583,2019
"1772884","Stonefort village, Illinois",29688,2019
"1705144","Bement village, Illinois",46094,2019
"1746487","Mansfield village, Illinois",59226,2019
"1746279","Malta village, Illinois",73077,2019
"1774223","Sycamore city, Illinois",71698,2019
"1781256","White Hall city, Illinois",41220,2019
"1782088","Wilmington village, Illinois",48438,2019
"1748073","Media village, Illinois",72250,2019
"1781867","Willisville village, Illinois",56953,2019
"1769797","Shumway village, Illinois",53750,2019
"1718420","Dallas City city, Illinois",43750,2019
"1701972","Argenta village, Illinois",66389,2019
"1747072","Maroa city, Illinois",60893,2019
"1723503","Ellis Grove village, Illinois",41250,2019
"1781938","Willowbrook CDP, Illinois",81658,2019
"1735671","Hollowayville village, Illinois",NA,2019
"1712008","Cedarville village, Illinois",57500,2019
"1764837","Rock City village, Illinois",55000,2019
"1749568","Minonk city, Illinois",54932,2019
"1757524","Panola village, Illinois",111250,2019
"1751180","Mount Vernon city, Illinois",40625,2019
"1759156","Perry village, Illinois",40000,2019
"1760534","Pleasant Hill village, Illinois",42784,2019
"1755418","Ohlman village, Illinois",44375,2019
"1758369","Pearl City village, Illinois",64286,2019
"1759026","Peoria Heights village, Illinois",41621,2019
"1771604","Spring Bay village, Illinois",37143,2019
"1715469","Coleta village, Illinois",55536,2019
"1724374","Erie village, Illinois",71875,2019
"1744602","Longview village, Illinois",30625,2019
"1775614","Tolono village, Illinois",66445,2019
"1777005","Urbana city, Illinois",37102,2019
"1702258","Aroma Park village, Illinois",50500,2019
"1706587","Bloomingdale village, Illinois",86350,2019
"1744407","Lombard village, Illinois",82461,2019
"1780645","Westmont village, Illinois",64416,2019
"1781048","Wheaton city, Illinois",103376,2019
"1746500","Manteno village, Illinois",63371,2019
"1701361","Anchor village, Illinois",60500,2019
"1736438","Hudson village, Illinois",99013,2019
"1748424","Meredosia village, Illinois",54063,2019
"1779358","Waverly city, Illinois",49167,2019
"1745850","McNabb village, Illinois",77857,2019
"1702206","Armington village, Illinois",42321,2019
"1749555","Minier village, Illinois",60288,2019
"1721696","East Dundee village, Illinois",68490,2019
"1722931","Elburn village, Illinois",104563,2019
"1732525","Hampshire village, Illinois",100809,2019
"1724348","Equality village, Illinois",42500,2019
"1752506","New Haven village, Illinois",39297,2019
"1737894","Island Lake village, Illinois",83292,2019
"1747527","Matherville village, Illinois",67083,2019
"1778123","Viola village, Illinois",62917,2019
"1736516","Hull village, Illinois",44500,2019
"1739922","Kinderhook village, Illinois",54659,2019
"1749477","Milton village, Illinois",35125,2019
"1730250","Golden Gate village, Illinois",47917,2019
"1718459","Dalzell village, Illinois",56607,2019
"1747150","Marseilles city, Illinois",58750,2019
"1750530","Morrison city, Illinois",44207,2019
"1772546","Sterling city, Illinois",43685,2019
"1745525","McClure village, Illinois",38438,2019
"1718147","Curran village, Illinois",47917,2019
"1751284","Mulberry Grove village, Illinois",40804,2019
"1729496","Glasgow village, Illinois",44000,2019
"1704000","Bartelso village, Illinois",95909,2019
"1735398","Hoffman village, Illinois",44375,2019
"1775991","Trenton city, Illinois",60214,2019
"1723425","Elliott village, Illinois",48438,2019
"1715495","Colfax village, Illinois",55859,2019
"1772260","Stanford village, Illinois",52750,2019
"1751479","Murrayville village, Illinois",59583,2019
"1736126","Hopedale village, Illinois",60714,2019
"1747111","Marquette Heights city, Illinois",60804,2019
"1711358","Carpentersville village, Illinois",68997,2019
"1753442","North Aurora village, Illinois",86537,2019
"1727533","Fox River Grove village, Illinois",112917,2019
"1733851","Hebron village, Illinois",65682,2019
"1738479","Johnsburg village, Illinois",117684,2019
"1776706","Union village, Illinois",67083,2019
"1733357","Harvel village, Illinois",57917,2019
"1776615","Ullin village, Illinois",27368,2019
"1773943","Sun River Terrace village, Illinois",36250,2019
"1712931","Chenoa city, Illinois",59333,2019
"1720643","Downs village, Illinois",91333,2019
"1731732","Gridley village, Illinois",62222,2019
"1775822","Towanda village, Illinois",62917,2019
"1783336","Woodson village, Illinois",58333,2019
"1750010","Monmouth city, Illinois",44037,2019
"1750790","Mound Station village, Illinois",75139,2019
"1766768","St. David village, Illinois",40000,2019
"1766800","Ste. Marie village, Illinois",55000,2019
"1783765","Yale village, Illinois",30417,2019
"1773703","Sumner city, Illinois",35792,2019
"1718719","Davis Junction village, Illinois",72031,2019
"1754586","Oakdale village, Illinois",63906,2019
"1763719","Richview village, Illinois",41250,2019
"1748268","Melvin village, Illinois",47188,2019
"1726896","Forest Lake CDP, Illinois",125096,2019
"1715300","Cobden village, Illinois",41607,2019
"1710383","Cairo city, Illinois",26439,2019
"1728430","Galva city, Illinois",43387,2019
"1701114","Alton city, Illinois",40211,2019
"1731121","Grayslake village, Illinois",97265,2019
"1734722","Highland Park city, Illinois",150269,2019
"1737218","Indian Creek village, Illinois",147500,2019
"1739883","Kildeer village, Illinois",211063,2019
"1722697","Edwardsville city, Illinois",77411,2019
"1755639","Old Mill Creek village, Illinois",97870,2019
"1775965","Tremont village, Illinois",66744,2019
"1751154","Mount Sterling city, Illinois",55583,2019
"1719642","Des Plaines city, Illinois",69760,2019
"1726987","Forest View village, Illinois",76250,2019
"1733695","Hazel Crest village, Illinois",54347,2019
"1777720","Versailles village, Illinois",50446,2019
"1764707","Robinson city, Illinois",44292,2019
"1745811","McLean village, Illinois",64722,2019
"1767912","Saybrook village, Illinois",58594,2019
"1738115","Jacksonville city, Illinois",43976,2019
"1704013","Bartlett village, Illinois",108592,2019
"1723074","Elgin city, Illinois",69041,2019
"1743094","Lexington city, Illinois",63221,2019
"1780060","West Chicago city, Illinois",78116,2019
"1737803","Irwin village, Illinois",64375,2019
"1706613","Bloomington city, Illinois",67507,2019
"1702609","Assumption city, Illinois",45417,2019
"1715001","Clinton city, Illinois",46923,2019
"1745278","Lyndon village, Illinois",41823,2019
"1763069","Redmon village, Illinois",50179,2019
"1738349","Jeisyville village, Illinois",58750,2019
"1757472","Pana city, Illinois",50028,2019
"1702557","Ashmore village, Illinois",49583,2019
"1707263","Bonnie village, Illinois",52250,2019
"1751726","Nason city, Illinois",45114,2019
"1730835","Grandview village, Illinois",45565,2019
"1764486","Riverton village, Illinois",39750,2019
"1771474","Spaulding village, Illinois",101458,2019
"1781854","Williamsville village, Illinois",84922,2019
"1752155","New Bedford village, Illinois",49375,2019
"1755379","Ohio village, Illinois",50536,2019
"1727624","Frankfort village, Illinois",139145,2019
"1744225","Lockport city, Illinois",90475,2019
"1759052","Peotone village, Illinois",83651,2019
"1743133","Liberty village, Illinois",60625,2019
"1743445","Lima village, Illinois",54500,2019
"1735814","Homer village, Illinois",56298,2019
"1741346","Lake of the Woods CDP, Illinois",58034,2019
"1745174","Ludlow village, Illinois",49643,2019
"1723256","Elk Grove Village village, Illinois",81895,2019
"1729730","Glendale Heights village, Illinois",68495,2019
"1727858","Freeman Spur village, Illinois",45469,2019
"1736815","Hurst city, Illinois",38438,2019
"1777408","Venedy village, Illinois",67250,2019
"1701010","Alsip village, Illinois",63312,2019
"1708446","Broadview village, Illinois",54219,2019
"1717549","Creve Coeur village, Illinois",49870,2019
"1758447","Pekin city, Illinois",50973,2019
"1772156","Spring Valley city, Illinois",50814,2019
"1767925","Scales Mound village, Illinois",57813,2019
"1708472","Broadwell village, Illinois",62000,2019
"1723269","Elkhart village, Illinois",68250,2019
"1729145","Gifford village, Illinois",71413,2019
"1707471","Bourbonnais village, Illinois",73882,2019
"1704303","Beach Park village, Illinois",71867,2019
"1732018","Gurnee village, Illinois",96104,2019
"1728248","Gages Lake CDP, Illinois",96123,2019
"1758265","Payson village, Illinois",59926,2019
"1726194","Fisher village, Illinois",62214,2019
"1741105","Lake Forest city, Illinois",172165,2019
"1753455","North Barrington village, Illinois",193650,2019
"1727455","Fox Lake Hills CDP, Illinois",77686,2019
"1734865","Highwood city, Illinois",63388,2019
"1722151","Easton village, Illinois",52778,2019
"1733513","Havana city, Illinois",40417,2019
"1746383","Manito village, Illinois",62917,2019
"1763043","Red Bud city, Illinois",59205,2019
"1772468","Steeleville village, Illinois",54213,2019
"1701543","Anna city, Illinois",37430,2019
"1744927","Louisville village, Illinois",34773,2019
"1769810","Sibley village, Illinois",42188,2019
"1783505","Worden village, Illinois",58750,2019
"1730926","Granite City city, Illinois",51469,2019
"1733279","Hartford village, Illinois",54563,2019
"1776199","Troy city, Illinois",71381,2019
"1716366","Cordova village, Illinois",65083,2019
"1737647","Ipava village, Illinois",37969,2019
"1765754","Rose Hill village, Illinois",NA,2019
"1766404","Russellville village, Illinois",26786,2019
"1727065","Forreston village, Illinois",54559,2019
"1751271","Muddy village, Illinois",NA,2019
"1702531","Ashley city, Illinois",45000,2019
"1712164","Centralia city, Illinois",37675,2019
"1737777","Irvington village, Illinois",63125,2019
"1710936","Candlewick Lake CDP, Illinois",75000,2019
"1754404","Norwood village, Illinois",58750,2019
"1742912","Leonore village, Illinois",79375,2019
"1740117","Kinmundy city, Illinois",44688,2019
"1742496","Lebanon city, Illinois",60962,2019
"1753871","Northlake city, Illinois",55305,2019
"1708186","Bridgeport city, Illinois",36293,2019
"1710240","Byron city, Illinois",61471,2019
"1705573","Berwyn city, Illinois",62758,2019
"1729171","Gilberts village, Illinois",97135,2019
"1718706","Davis village, Illinois",53068,2019
"1772780","Stockton village, Illinois",43750,2019
"1751882","Nebo village, Illinois",29063,2019
"1740416","Knoxville city, Illinois",57350,2019
"1767795","Saunemin village, Illinois",61375,2019
"1716691","Country Club Hills city, Illinois",61982,2019
"1720565","Dowell village, Illinois",35781,2019
"1751453","Murphysboro city, Illinois",36184,2019
"1777525","Vergennes village, Illinois",43750,2019
"1780736","West Peoria city, Illinois",46746,2019
"1774379","Tallula village, Illinois",62778,2019
"1742860","Lenzburg village, Illinois",39850,2019
"1773547","Summerfield village, Illinois",44722,2019
"1711228","Carlyle city, Illinois",55198,2019
"1729041","Germantown village, Illinois",64583,2019
"1764655","Roberts village, Illinois",29688,2019
"1777681","Vernon village, Illinois",40313,2019
"1735835","Homer Glen village, Illinois",106818,2019
"1731446","Green Oaks village, Illinois",165625,2019
"1750998","Mount Morris village, Illinois",44601,2019
"1733136","Harrisburg city, Illinois",35204,2019
"1736841","Hutsonville village, Illinois",55250,2019
"1771422","Sparland village, Illinois",47019,2019
"1737712","Iroquois village, Illinois",61250,2019
"1738674","Joppa village, Illinois",27361,2019
"1779267","Wauconda village, Illinois",81313,2019
"1772949","Stonington village, Illinois",63021,2019
"1711124","Capron village, Illinois",65405,2019
"1700997","Alsey village, Illinois",38750,2019
"1752467","New Grand Chain village, Illinois",41136,2019
"1734449","Heyworth village, Illinois",78077,2019
"1723529","Ellisville village, Illinois",36786,2019
"1780762","West Point village, Illinois",50000,2019
"1705443","Berlin village, Illinois",55114,2019
"1752168","New Berlin village, Illinois",69500,2019
"1749308","Millington village, Illinois",74250,2019
"1709577","Bunker Hill city, Illinois",51750,2019
"1762016","Prospect Heights city, Illinois",73084,2019
"1709551","Buncombe village, Illinois",39063,2019
"1774665","Tennessee village, Illinois",35313,2019
"1748307","Mendon village, Illinois",53421,2019
"1767860","Savoy village, Illinois",72785,2019
"1746331","Manchester village, Illinois",46111,2019
"1743939","Lisle village, Illinois",90588,2019
"1761899","Princeton city, Illinois",53324,2019
"1773391","Sugar Grove village, Illinois",118638,2019
"1704793","Belle Prairie City town, Illinois",63125,2019
"1724764","Fairbury city, Illinois",54833,2019
"1740091","Kingston Mines village, Illinois",51250,2019
"1769212","Sheldon village, Illinois",42152,2019
"1737998","Ivesdale village, Illinois",51944,2019
"1783622","Wyanet village, Illinois",52955,2019
"1714923","Cleveland village, Illinois",53333,2019
"1782985","Wood Dale city, Illinois",70552,2019
"1778175","Virgil village, Illinois",91786,2019
"1745785","Mackinaw village, Illinois",68950,2019
"1750621","Morton village, Illinois",77214,2019
"1703883","Barrington Hills village, Illinois",178162,2019
"1752714","New Minden village, Illinois",54792,2019
"1778721","Wamac city, Illinois",31667,2019
"1710513","Calumet Park village, Illinois",48092,2019
"1721904","East Hazel Crest village, Illinois",56667,2019
"1724582","Evanston city, Illinois",78904,2019
"1724634","Evergreen Park village, Illinois",75657,2019
"1726935","Forest Park village, Illinois",62664,2019
"1735086","Hillside village, Illinois",57298,2019
"1735385","Hodgkins village, Illinois",44722,2019
"1742028","Lansing village, Illinois",53940,2019
"1740793","La Grange Park village, Illinois",105783,2019
"1747774","Maywood village, Illinois",50176,2019
"1753377","Norridge village, Illinois",72570,2019
"1753663","Northfield village, Illinois",148077,2019
"1754144","North Riverside village, Illinois",59340,2019
"1764304","River Forest village, Illinois",129928,2019
"1765338","Rolling Meadows city, Illinois",74134,2019
"1770122","Skokie village, Illinois",73046,2019
"1773157","Streamwood village, Illinois",80651,2019
"1782530","Winnetka village, Illinois",250001,2019
"1730133","Golconda city, Illinois",26736,2019
"1710591","Camargo village, Illinois",65417,2019
"1704715","Belknap village, Illinois",30500,2019
"1777863","Vienna city, Illinois",38026,2019
"1706470","Blandinsville village, Illinois",47153,2019
"1768198","Sciota village, Illinois",55625,2019
"1745031","Loves Park city, Illinois",59059,2019
"1761977","Prophetstown city, Illinois",49152,2019
"1742080","La Prairie village, Illinois",46250,2019
"1744082","Little York village, Illinois",41833,2019
"1740065","Kingston village, Illinois",73688,2019
"1769758","Shorewood village, Illinois",105938,2019
"1714442","Cisco village, Illinois",56250,2019
"1732499","Hammond village, Illinois",42206,2019
"1709148","Brussels village, Illinois",61250,2019
"1732850","Hardin village, Illinois",39063,2019
"1718030","Cullom village, Illinois",41875,2019
"1708706","Brookport city, Illinois",33878,2019
"1774444","Tamaroa village, Illinois",55417,2019
"1744056","Littleton village, Illinois",44643,2019
"1766339","Rushville city, Illinois",41912,2019
"1712294","Chadwick village, Illinois",46875,2019
"1783739","Xenia village, Illinois",43750,2019
"1706964","Bluford village, Illinois",47292,2019
"1720123","Dix village, Illinois",23750,2019
"1714286","Christopher city, Illinois",33491,2019
"1748333","Mendota city, Illinois",54188,2019
"1768640","Seneca village, Illinois",72273,2019
"1774743","Teutopolis village, Illinois",74083,2019
"1709889","Burnt Prairie village, Illinois",33750,2019
"1752220","New Boston city, Illinois",45481,2019
"1768458","Seaton village, Illinois",62500,2019
"1731771","Griggsville city, Illinois",53088,2019
"1752805","New Salem village, Illinois",47778,2019
"1782322","Windsor city, Illinois",40313,2019
"1712476","Channahon village, Illinois",91897,2019
"1700178","Adair CDP, Illinois",77222,2019
"1701647","Apple Canyon Lake CDP, Illinois",77841,2019
"1700516","Albany village, Illinois",59821,2019
"1716873","Countryside city, Illinois",60833,2019
"1711527","Carthage city, Illinois",54375,2019
"1740832","La Harpe city, Illinois",40833,2019
"1751791","Nauvoo city, Illinois",53370,2019
"1761080","Pontoosuc village, Illinois",40000,2019
"1768991","Shannon village, Illinois",54375,2019
"1778773","Wapella village, Illinois",58667,2019
"1747787","Mazon village, Illinois",57461,2019
"1736477","Huey village, Illinois",30357,2019
"1751661","Naples town, Illinois",NA,2019
"1704507","Beaverville village, Illinois",46364,2019
"1752623","Newman city, Illinois",42500,2019
"1745642","Macedonia village, Illinois",NA,2019
"1730458","Good Hope village, Illinois",45625,2019
"1707315","Boody CDP, Illinois",76750,2019
"1728950","Georgetown CDP, Illinois",59091,2019
"1701556","Annapolis CDP, Illinois",NA,2019
"1718771","Dayton CDP, Illinois",85852,2019
"1702635","Astoria town, Illinois",36685,2019
"1704403","Beason CDP, Illinois",39183,2019
"1712879","Chemung CDP, Illinois",36228,2019
"1713230","Chestnut CDP, Illinois",33800,2019
"1715950","Como CDP, Illinois",77569,2019
"1716431","Cornland CDP, Illinois",80750,2019
"1729340","Gilson CDP, Illinois",104167,2019
"1717094","Crab Orchard CDP, Illinois",NA,2019
"1718641","Darmstadt CDP, Illinois",NA,2019
"1726467","Floraville CDP, Illinois",NA,2019
"1730705","Grand Detour CDP, Illinois",105469,2019
"1733162","Harrison CDP, Illinois",32396,2019
"1734272","Heritage Lake CDP, Illinois",88523,2019
"1735541","Holiday Shores CDP, Illinois",99207,2019
"1740364","Knollwood CDP, Illinois",103750,2019
"1740962","Lake Camelot CDP, Illinois",99904,2019
"1741157","Lake Holiday CDP, Illinois",85648,2019
"1705976","Big Rock village, Illinois",96369,2019
"1749100","Millbrook village, Illinois",85938,2019
"1750062","Monroe Center village, Illinois",75156,2019
"1761216","Port Barrington village, Illinois",137583,2019
"1783349","Woodstock city, Illinois",61478,2019
"1782725","Witt city, Illinois",37875,2019
"1750751","Mound City city, Illinois",31875,2019
"1750777","Mounds city, Illinois",21974,2019
"1762211","Pulaski village, Illinois",35694,2019
"1705261","Benson village, Illinois",65242,2019
"1756341","Orangeville village, Illinois",45074,2019
"1782543","Winslow village, Illinois",54318,2019
"1715989","Compton village, Illinois",50313,2019
"1720162","Dixon city, Illinois",47171,2019
"1720045","Divernon village, Illinois",65667,2019
"1739233","Keenes village, Illinois",33438,2019
"1750933","Mount Erie village, Illinois",29722,2019
"1742769","Leland Grove city, Illinois",108947,2019
"1761548","Prairie City village, Illinois",26071,2019
"1740676","La Fayette village, Illinois",32000,2019
"1701673","Apple River village, Illinois",41250,2019
"1732707","Hanover village, Illinois",41719,2019
"1726116","Findlay village, Illinois",45703,2019
"1726480","Florence village, Illinois",30625,2019
"1752311","New Canton town, Illinois",36250,2019
"1702102","Arlington village, Illinois",72813,2019
"1741794","La Moille village, Illinois",61563,2019
"1746422","Manlius village, Illinois",50500,2019
"1751999","Neponset village, Illinois",53182,2019
"1738427","Jewett village, Illinois",33125,2019
"1755756","Old Shawneetown village, Illinois",15625,2019
"1756003","Omaha village, Illinois",38333,2019
"1714767","Clayton village, Illinois",36458,2019
"1715261","Coatsburg village, Illinois",54792,2019
"1753390","Norris village, Illinois",40833,2019
"1711397","Carrier Mills village, Illinois",38194,2019
"1749867","Moline city, Illinois",54431,2019
"1766040","Round Lake Beach village, Illinois",70474,2019
"1766066","Round Lake Park village, Illinois",47179,2019
"1777694","Vernon Hills village, Illinois",104199,2019
"1771240","South Roxana village, Illinois",45200,2019
"1754703","Oak Grove village, Illinois",33833,2019
"1763420","Reynolds village, Illinois",72656,2019
"1771448","Sparta city, Illinois",49753,2019
"1721605","East Cape Girardeau village, Illinois",47083,2019
"1708992","Brownstown village, Illinois",43636,2019
"1703610","Bannockburn village, Illinois",117917,2019
"1709447","Buffalo Grove village, Illinois",115951,2019
"1778656","Walshville village, Illinois",48981,2019
"1745616","McCullom Lake village, Illinois",65625,2019
"1746786","Marengo city, Illinois",63694,2019
"1720318","Donnellson village, Illinois",27692,2019
"1774561","Taylor Springs village, Illinois",47500,2019
"1764044","Ridott village, Illinois",39250,2019
"1723737","El Paso city, Illinois",58688,2019
"1728300","Galena city, Illinois",57851,2019
"1753195","Nora village, Illinois",56875,2019
"1723971","Emden village, Illinois",56346,2019
"1781165","Whiteash CDP, Illinois",47917,2019
"1747592","Maunie village, Illinois",39375,2019
"1753403","Norris City village, Illinois",43125,2019
"1774470","Tampico village, Illinois",53239,2019
"1717406","Crescent City village, Illinois",59792,2019
"1747280","Martinton village, Illinois",62500,2019
"1760209","Pittsburg village, Illinois",40568,2019
"1766794","St. Elmo city, Illinois",44728,2019
"1706171","Bishop Hill village, Illinois",41667,2019
"1708576","Brookfield village, Illinois",82435,2019
"1710487","Calumet City city, Illinois",44456,2019
"1734514","Hickory Hills city, Illinois",65226,2019
"1748242","Melrose Park village, Illinois",50870,2019
"1757394","Palos Hills city, Illinois",61143,2019
"1763706","Richton Park village, Illinois",62858,2019
"1748554","Merrionette Park village, Illinois",51979,2019
"1753000","Niles village, Illinois",64772,2019
"1754820","Oak Lawn village, Illinois",64476,2019
"1759572","Phoenix village, Illinois",36906,2019
"1768081","Schiller Park village, Illinois",54099,2019
"1772923","Stone Park village, Illinois",59778,2019
"1775185","Thornton village, Illinois",65081,2019
"1783518","Worth village, Illinois",60516,2019
"1701881","Arcola city, Illinois",47297,2019
"1708875","Broughton village, Illinois",23750,2019
"1760833","Plymouth village, Illinois",38750,2019
"1721280","Durand village, Illinois",52500,2019
"1745726","Machesney Park village, Illinois",63662,2019
"1760339","Plainville village, Illinois",42411,2019
"1754885","Oak Park village, Illinois",94646,2019
"1734098","Hennepin village, Illinois",61875,2019
"1737608","Inverness village, Illinois",192576,2019
"1747007","Markham city, Illinois",43011,2019
"1764616","Robbins village, Illinois",27209,2019
"1780047","Westchester village, Illinois",86623,2019
"1762627","Ramsey village, Illinois",32381,2019
"1709317","Buckley village, Illinois",44432,2019
"1714468","Cissna Park village, Illinois",43472,2019
"1710630","Cambria village, Illinois",44063,2019
"1750244","Monticello city, Illinois",75274,2019
"1738869","Kane village, Illinois",29250,2019
"1764811","Rockbridge village, Illinois",NA,2019
"1756978","Otterville town, Illinois",33958,2019
"1721358","Dwight village, Illinois",49375,2019
"1744576","Long Point village, Illinois",59583,2019
"1761015","Pontiac city, Illinois",45285,2019
"1748645","Metropolis city, Illinois",35855,2019
"1718225","Cutler village, Illinois",34500,2019
"1708953","Browning village, Illinois",56250,2019
"1711176","Carbon Hill village, Illinois",63750,2019
"1747397","Maryville village, Illinois",82561,2019
"1752415","New Douglas village, Illinois",57500,2019
"1701426","Andalusia village, Illinois",63500,2019
"1717077","Coyne Center CDP, Illinois",88750,2019
"1715807","Colp village, Illinois",12500,2019
"1712801","Chebanse village, Illinois",73843,2019
"1704897","Bellflower village, Illinois",55250,2019
"1716210","Cooksville village, Illinois",66250,2019
"1748606","Metamora village, Illinois",63710,2019
"1724920","Fairmont CDP, Illinois",47031,2019
"1764928","Rock Falls city, Illinois",49191,2019
"1736542","Humboldt village, Illinois",50313,2019
"1769342","Sherman village, Illinois",113958,2019
"1760287","Plainfield village, Illinois",130614,2019
"1711332","Carol Stream village, Illinois",82062,2019
"1727689","Franklin Grove village, Illinois",48177,2019
"1757303","Palmer village, Illinois",65208,2019
"1711033","Cantrall village, Illinois",71875,2019
"1724816","Fairfield city, Illinois",39469,2019
"1704598","Beecher City village, Illinois",38750,2019
"1731992","Gulf Port village, Illinois",58125,2019
"1708524","Brocton village, Illinois",51250,2019
"1732200","Hainesville village, Illinois",90931,2019
"1719031","Deer Grove village, Illinois",81875,2019
"1704585","Beecher village, Illinois",82222,2019
"1761860","Preston Heights CDP, Illinois",49196,2019
"1724179","Enfield village, Illinois",32222,2019
"1735047","Hillsboro city, Illinois",53346,2019
"1718940","Deer Creek village, Illinois",58281,2019
"1746981","Mark village, Illinois",64688,2019
"1703675","Bardolph village, Illinois",25833,2019
"1770590","South Beloit city, Illinois",60822,2019
"1732395","Hamburg village, Illinois",34861,2019
"1766924","St. Johns village, Illinois",34722,2019
"1729125","Gibson City city, Illinois",44973,2019
"1780125","West Dundee village, Illinois",91970,2019
"1733331","Harvard city, Illinois",53362,2019
"1736750","Huntley village, Illinois",75100,2019
"1741183","Lake in the Hills village, Illinois",92872,2019
"1760144","Pistakee Highlands CDP, Illinois",70404,2019
"1763641","Richmond village, Illinois",49205,2019
"1704351","Beardstown city, Illinois",40750,2019
"1712450","Chandlerville village, Illinois",50250,2019
"1719200","De Land village, Illinois",64643,2019
"1704117","Batchtown village, Illinois",78750,2019
"1784155","Zeigler city, Illinois",43188,2019
"1730770","Grand Tower city, Illinois",44559,2019
"1738856","Kampsville village, Illinois",41250,2019
"1750868","Mount Carmel city, Illinois",43656,2019
"1765078","Rock Island city, Illinois",48680,2019
"1769979","Silvis city, Illinois",53634,2019
"1739259","Keensburg village, Illinois",74375,2019
"1740884","Lake Barrington village, Illinois",110972,2019
"1744524","Long Grove village, Illinois",214073,2019
"1764538","Riverwoods village, Illinois",207188,2019
"1766027","Round Lake village, Illinois",82521,2019
"1748359","Menominee village, Illinois",66250,2019
"1752545","New Holland village, Illinois",78125,2019
"1739298","Keithsburg city, Illinois",45972,2019
"1775419","Time village, Illinois",36250,2019
"1777187","Valley City village, Illinois",NA,2019
"1707133","Bolingbrook village, Illinois",91290,2019
"1723945","Elwood village, Illinois",79054,2019
"1730120","Godley village, Illinois",48750,2019
"1747540","Matteson village, Illinois",83729,2019
"1776935","University Park village, Illinois",52250,2019
"1738570","Joliet city, Illinois",70509,2019
"1781802","Williamsfield village, Illinois",45278,2019
"1711202","Carlinville city, Illinois",43693,2019
"1721410","Eagarville village, Illinois",51250,2019
"1757043","Owaneco village, Illinois",60625,2019
"1734137","Henning village, Illinois",65625,2019
"1700880","Allerton village, Illinois",50500,2019
"1757693","Parkersburg village, Illinois",43333,2019
"1704689","Belgium village, Illinois",42250,2019
"1762744","Rankin village, Illinois",49375,2019
"1775783","Toulon city, Illinois",39565,2019
"1722398","Eddyville village, Illinois",NA,2019
"1710110","Bushnell city, Illinois",45833,2019
"1737439","Industry village, Illinois",62750,2019
"1713074","Cherry Valley village, Illinois",63603,2019
"1765104","Rock Island Arsenal CDP, Illinois",NA,2019
"1750543","Morrisonville village, Illinois",58971,2019
"1750829","Mount Auburn village, Illinois",51250,2019
"1762822","Rapids City village, Illinois",75536,2019
"1700737","Alhambra village, Illinois",44107,2019
"1710695","Camden village, Illinois",43750,2019
"1747254","Martinsville city, Illinois",47941,2019
"1779241","Watson village, Illinois",53750,2019
"1729431","Gladstone village, Illinois",32813,2019
"1762848","Raritan village, Illinois",63250,2019
"1752103","Newark village, Illinois",89107,2019
"1767548","Sandwich city, Illinois",65984,2019
"1705612","Bethany village, Illinois",46938,2019
"1715599","Collinsville city, Illinois",53490,2019
"1777395","Varna village, Illinois",54250,2019
"1760937","Polo city, Illinois",46563,2019
"1762588","Raleigh village, Illinois",40625,2019
"1762523","Radom village, Illinois",39792,2019
"1705404","Berkeley village, Illinois",64193,2019
"1706704","Blue Island city, Illinois",48398,2019
"1765962","Rossville village, Illinois",52692,2019
"1775172","Thomson village, Illinois",49375,2019
"1723022","Eldred village, Illinois",25682,2019
"1710877","Camp Point village, Illinois",51513,2019
"1715846","Columbus village, Illinois",63125,2019
"1711462","Carrollton city, Illinois",56523,2019
"1725960","Fidelity village, Illinois",29583,2019
"1726012","Fieldon village, Illinois",39722,2019
"1738414","Jerseyville city, Illinois",48918,2019
"1764148","Rio village, Illinois",54167,2019
"1777811","Victoria village, Illinois",41458,2019
"1779124","Wataga village, Illinois",39226,2019
"1724062","Emington village, Illinois",50250,2019
"1771175","South Pekin village, Illinois",49167,2019
"1712385","Champaign city, Illinois",48415,2019
"1726662","Foosland village, Illinois",49375,2019
"1719226","Delavan city, Illinois",58056,2019
"1731563","Green Valley village, Illinois",71250,2019
"1754092","North Pekin village, Illinois",57847,2019
"1709681","Bureau Junction village, Illinois",53750,2019
"1738778","Junction village, Illinois",NA,2019
"1769082","Shawneetown city, Illinois",32059,2019
"1733318","Hartsburg village, Illinois",51667,2019
"1742249","Latham village, Illinois",53963,2019
"1700646","Aledo city, Illinois",50482,2019
"1754560","Oakbrook Terrace city, Illinois",72326,2019
"1777993","Villa Park village, Illinois",77739,2019
"1709304","Buckingham village, Illinois",75417,2019
"1711826","Cave-In-Rock village, Illinois",49286,2019
"1721683","East Dubuque city, Illinois",52500,2019
"1723165","Elizabeth village, Illinois",45313,2019
"1702752","Atlanta city, Illinois",50859,2019
"1743536","Lincoln city, Illinois",48931,2019
"1722957","El Dara village, Illinois",96964,2019
"1720526","Dover village, Illinois",33438,2019
"1746240","Malden village, Illinois",41667,2019
"1775549","Tiskilwa village, Illinois",48650,2019
"1723191","Elizabethtown village, Illinois",17000,2019
"1736190","Hopkins Park village, Illinois",24000,2019
"1702342","Arrowsmith village, Illinois",55625,2019
"1766638","St. Anne village, Illinois",55357,2019
"1711215","Carlock village, Illinois",63000,2019
"1718537","Danvers village, Illinois",69125,2019
"1775159","Thompsonville village, Illinois",32604,2019
"1747553","Mattoon city, Illinois",39852,2019
"1709330","Buckner village, Illinois",36136,2019
"1724673","Ewing village, Illinois",55417,2019
"1777148","Valier village, Illinois",46771,2019
"1730588","Gorham village, Illinois",23438,2019
"1742756","Leland village, Illinois",62500,2019
"1754222","North Utica village, Illinois",68750,2019
"1755353","Oglesby city, Illinois",60508,2019
"1759234","Peru city, Illinois",51321,2019
"1708225","Bridgeview village, Illinois",55687,2019
"1729938","Glenview village, Illinois",115198,2019
"1712710","Chatsworth town, Illinois",32120,2019
"1700815","Allendale village, Illinois",71094,2019
"1731524","Greenup village, Illinois",45368,2019
"1761366","Potomac village, Illinois",50341,2019
"1767769","Sauk Village village, Illinois",38788,2019
"1728326","Galesburg city, Illinois",36547,2019
"1708264","Brighton village, Illinois",63906,2019
"1739129","Kaskaskia village, Illinois",NA,2019
"1762757","Ransom village, Illinois",71250,2019
"1775757","Topeka village, Illinois",43125,2019
"1706899","Bluffs village, Illinois",60588,2019
"1700113","Abingdon city, Illinois",44072,2019
"1711774","Catlin village, Illinois",49408,2019
"1774301","Table Grove village, Illinois",47500,2019
"1782491","Winnebago village, Illinois",83005,2019
"1730900","Grandwood Park CDP, Illinois",117989,2019
"1740988","Lake Catherine CDP, Illinois",78063,2019
"1733630","Hawthorn Woods village, Illinois",175795,2019
"1743250","Libertyville village, Illinois",134110,2019
"1775081","Third Lake village, Illinois",116563,2019
"1748671","Mettawa village, Illinois",126875,2019
"1753559","North Chicago city, Illinois",43094,2019
"1778227","Volo village, Illinois",92500,2019
"1779293","Waukegan city, Illinois",49803,2019
"1784220","Zion city, Illinois",51702,2019
"1730978","Grantfork village, Illinois",75536,2019
"1744160","Livingston village, Illinois",45781,2019
"1752701","New Milford village, Illinois",56302,2019
"1742184","LaSalle city, Illinois",49792,2019
"1728807","Gays village, Illinois",56250,2019
"1711644","Caseyville village, Illinois",53082,2019
"1725414","Farmer City city, Illinois",58400,2019
"1779449","Waynesville village, Illinois",62250,2019
"1779683","Weldon village, Illinois",41442,2019
"1728638","Gardner village, Illinois",68333,2019
"1750491","Morris city, Illinois",63562,2019
"1709531","Bull Valley village, Illinois",107083,2019
"1709759","Burlington village, Illinois",79107,2019
"1735411","Hoffman Estates village, Illinois",91917,2019
"1743406","Lily Lake village, Illinois",132273,2019
"1772221","Standard village, Illinois",41875,2019
"1779033","Washington city, Illinois",76508,2019
"1700685","Algonquin village, Illinois",102856,2019
"1759988","Pingree Grove village, Illinois",96125,2019
"1766703","St. Charles city, Illinois",98393,2019
"1741326","Lakemoor village, Illinois",80258,2019
"1755041","Oakwood Hills village, Illinois",96719,2019
"1782855","Wonder Lake village, Illinois",87938,2019
"1715209","Coalton village, Illinois",43625,2019
"1725440","Farmersville village, Illinois",54500,2019
"1737738","Irving village, Illinois",24063,2019
"1778383","Waggoner village, Illinois",30500,2019
"1755899","Olmsted village, Illinois",24250,2019
"1729093","German Valley village, Illinois",57500,2019
"1742834","Lena village, Illinois",56367,2019
"1742795","Lemont village, Illinois",99724,2019
"1736568","Hume village, Illinois",46000,2019
"1738986","Kansas village, Illinois",32750,2019
"1757628","Paris city, Illinois",44209,2019
"1709538","Bulpitt village, Illinois",55972,2019
"1775809","Tovey village, Illinois",52857,2019
"1702986","Augusta village, Illinois",37976,2019
"1753169","Nokomis city, Illinois",49722,2019
"1757498","Panama village, Illinois",55089,2019
"1779826","Wenonah village, Illinois",84107,2019
"1716119","Congerville village, Illinois",75938,2019
"1730445","Goodfield village, Illinois",96563,2019
"1732967","Harmon village, Illinois",41250,2019
"1704273","Bay View Gardens village, Illinois",36667,2019
"1739753","Keyesport village, Illinois",29375,2019
"1782270","Winchester city, Illinois",51625,2019
"1774847","Thawville village, Illinois",43750,2019
"1731368","Greenfield city, Illinois",48162,2019
"1735203","Hillview village, Illinois",46250,2019
"1730653","Grafton city, Illinois",52000,2019
"1726311","Flanagan village, Illinois",58000,2019
"1773131","Strawn village, Illinois",55625,2019
"1739857","Kilbourne village, Illinois",39821,2019
"1708303","Brimfield village, Illinois",65917,2019
"1721176","Dunlap village, Illinois",89808,2019
"1765403","Rome CDP, Illinois",62031,2019
"1754625","Oakford village, Illinois",61250,2019
"1760872","Pocahontas village, Illinois",48250,2019
"1770525","Sorento village, Illinois",32273,2019
"1758239","Paxton city, Illinois",53917,2019
"1760079","Piper City village, Illinois",40592,2019
"1714936","Clifton village, Illinois",72778,2019
"1741214","Lake Ka-Ho village, Illinois",44196,2019
"1766053","Round Lake Heights village, Illinois",78950,2019
"1777460","Venetian Village CDP, Illinois",93262,2019
"1778370","Wadsworth village, Illinois",100982,2019
"1769368","Sherrard village, Illinois",60735,2019
"1751128","Mount Pulaski city, Illinois",59604,2019
"1738739","Joy village, Illinois",43438,2019
"1753793","North Henderson village, Illinois",66250,2019
"1703948","Barry city, Illinois",40375,2019
"1769186","Shelbyville city, Illinois",40764,2019
"1711618","Casey city, Illinois",43869,2019
"1775601","Toledo village, Illinois",45450,2019
"1778851","Warren village, Illinois",50521,2019
"1748853","Middletown village, Illinois",55938,2019
"1703012","Aurora city, Illinois",71749,2019
"1782309","Windsor village, Illinois",49886,2019
"1704247","Baylis village, Illinois",27188,2019
"1719681","Detroit village, Illinois",41667,2019
"1755132","Oconee village, Illinois",58750,2019
"1717523","Crete village, Illinois",79375,2019
"1717939","Crystal Lawns CDP, Illinois",82105,2019
"1712203","Centreville city, Illinois",21370,2019
"1728898","Genoa city, Illinois",67314,2019
"1766989","St. Libory village, Illinois",66875,2019
"1779085","Washington Park village, Illinois",21821,2019
"1716470","Cortland town, Illinois",84900,2019
"1780853","West Salem village, Illinois",45987,2019
"1721254","Dupo village, Illinois",40308,2019
"1727806","Freeburg village, Illinois",69321,2019
"1722645","Edinburg village, Illinois",54063,2019
"1758226","Paw Paw village, Illinois",53500,2019
"1714845","Clear Lake village, Illinois",55000,2019
"1745369","Lynnville village, Illinois",37500,2019
"1705248","Bensenville village, Illinois",62756,2019
"1759273","Pesotum village, Illinois",74861,2019
"1762783","Rantoul village, Illinois",42149,2019
"1769875","Sidney village, Illinois",77721,2019
"1765806","Roselle village, Illinois",90257,2019
"1782400","Winfield village, Illinois",113583,2019
"1734384","Herscher village, Illinois",68523,2019
"1704572","Bedford Park village, Illinois",86944,2019
"1714351","Cicero town, Illinois",49367,2019
"1726710","Ford Heights village, Illinois",34167,2019
"1727702","Franklin Park village, Illinois",63971,2019
"1729652","Glencoe village, Illinois",248851,2019
"1768328","Scott AFB CDP, Illinois",60660,2019
"1770252","Smithton village, Illinois",78073,2019
"1774119","Swansea village, Illinois",77517,2019
"1726753","Forest City village, Illinois",44688,2019
"1747475","Mason City city, Illinois",39485,2019
"1720292","Dolton village, Illinois",46614,2019
"1726571","Flossmoor village, Illinois",115288,2019
"1730029","Glenwood village, Illinois",67554,2019
"1757277","Palestine village, Illinois",38661,2019
"1725063","Fairview village, Illinois",61250,2019
"1746825","Marietta village, Illinois",50313,2019
"1777642","Vermont village, Illinois",51484,2019
"1734553","Hidalgo village, Illinois",44750,2019
"1752844","Newton city, Illinois",36835,2019
"1782010","Willow Hill village, Illinois",32125,2019
"1766833","St. Francisville city, Illinois",43571,2019
"1734163","Henry city, Illinois",54408,2019
"1704078","Batavia city, Illinois",93789,2019
"1728872","Geneva city, Illinois",111916,2019
"1711592","Cary village, Illinois",100339,2019
"1779397","Wayne village, Illinois",134659,2019
"1727442","Fox Lake village, Illinois",60230,2019
"1761678","Prairie Grove village, Illinois",118672,2019
"1710149","Butler village, Illinois",42500,2019
"1743965","Litchfield city, Illinois",50368,2019
"1723698","Elmwood city, Illinois",68194,2019
"1731576","Greenview village, Illinois",64318,2019
"1755717","Old Ripley village, Illinois",57917,2019
"1724699","Exeter village, Illinois",48750,2019
"1718472","Damiansville village, Illinois",68125,2019
"1739441","Kempton village, Illinois",52083,2019
"1710084","Bush village, Illinois",39000,2019
"1749048","Milford village, Illinois",46786,2019
"1756081","Onarga village, Illinois",46635,2019
"1751349","Mundelein village, Illinois",93027,2019
"1757654","Park City city, Illinois",51082,2019
"1775874","Tower Lakes village, Illinois",147000,2019
"1769277","Sheridan village, Illinois",61875,2019
"1776225","Troy Grove village, Illinois",63750,2019
"1725375","Farina village, Illinois",40500,2019
"1701242","Alvan village, Illinois",53571,2019
"1755470","Okawville village, Illinois",72000,2019
"1709642","Burbank city, Illinois",62573,2019
"1760599","Pleasant Plains village, Illinois",71944,2019
"1774860","Thayer village, Illinois",61071,2019
"1701140","Altona village, Illinois",60313,2019
"1734982","Hillcrest village, Illinois",65673,2019
"1758343","Pearl village, Illinois",43824,2019
"1760222","Pittsfield city, Illinois",41574,2019
"1749854","Mokena village, Illinois",109108,2019
"1749945","Monee village, Illinois",71082,2019
"1752584","New Lenox village, Illinois",110313,2019
"1772520","Steger village, Illinois",49112,2019
"1750881","Mount Carroll city, Illinois",56413,2019
"1719798","De Witt village, Illinois",54211,2019
"1746604","Maple Park village, Illinois",96719,2019
"1770720","South Elgin village, Illinois",99451,2019
"1731667","Greenwood village, Illinois",98750,2019
"1735515","Holiday Hills village, Illinois",71250,2019
"1745824","McLeansboro city, Illinois",47028,2019
"1718251","Cypress village, Illinois",39375,2019
"1752285","New Burnside village, Illinois",30625,2019
"1715378","Colchester city, Illinois",43164,2019
"1745889","Macomb city, Illinois",39384,2019
"1765884","Rosewood Heights CDP, Illinois",72951,2019
"1782218","Wilsonville village, Illinois",41118,2019
"1753143","Noble village, Illinois",44271,2019
"1732408","Hamel village, Illinois",70338,2019
"1759709","Pierron village, Illinois",64286,2019
"1761067","Pontoon Beach village, Illinois",53341,2019
"1766131","Roxana village, Illinois",47917,2019
"1777473","Venice city, Illinois",27981,2019
"1783271","Wood River city, Illinois",46860,2019
"1761223","Port Byron village, Illinois",68750,2019
"1704936","Bellmont village, Illinois",38125,2019
"1783102","Woodland village, Illinois",50469,2019
"1717185","Crainville village, Illinois",62944,2019
"1717289","Creal Springs city, Illinois",45625,2019
"1734358","Herrin city, Illinois",44989,2019
"1735073","Hillsdale village, Illinois",69844,2019
"1746916","Marion city, Illinois",43502,2019
"1722567","Edgewood village, Illinois",44688,2019
"1722736","Effingham city, Illinois",47582,2019
"1747449","Mason town, Illinois",40417,2019
"1750283","Montrose village, Illinois",38542,2019
"1756237","Oquawka village, Illinois",42043,2019
"1744264","Loda village, Illinois",45417,2019
"1757576","Papineau village, Illinois",44750,2019
"1738544","Johnston City city, Illinois",38696,2019
"1759312","Petersburg city, Illinois",54833,2019
"1746864","Marine village, Illinois",65192,2019
"1711150","Carbon Cliff village, Illinois",40927,2019
"1715235","Coal Valley village, Illinois",60645,2019
"1781087","Wheeling village, Illinois",68615,2019
"1730094","Godfrey village, Illinois",73238,2019
"1732564","Hampton village, Illinois",70081,2019
"1749009","Milan village, Illinois",49327,2019
"1742971","Le Roy city, Illinois",73950,2019
"1714572","Clarendon Hills village, Illinois",111958,2019
"1729756","Glen Ellyn village, Illinois",110678,2019
"1737907","Itasca village, Illinois",93958,2019
"1753234","Normal town, Illinois",58111,2019
"1727663","Franklin village, Illinois",65962,2019
"1709356","Buda village, Illinois",41842,2019
"1740598","Ladd village, Illinois",64318,2019
"1768471","Seatonville village, Illinois",49038,2019
"1769147","Sheffield village, Illinois",46458,2019
"1744719","Loraine village, Illinois",51818,2019
"1719161","DeKalb city, Illinois",45020,2019
"1740156","Kirkland village, Illinois",65313,2019
"1716405","Cornell village, Illinois",47708,2019
"1765481","Roodhouse city, Illinois",35227,2019
"1755171","Odell village, Illinois",52083,2019
"1767158","St. Rose village, Illinois",70313,2019
"1711293","Carmi city, Illinois",42990,2019
"1717783","Crossville village, Illinois",43864,2019
"1731165","Grayville city, Illinois",44911,2019
"1759520","Phillipstown village, Illinois",78438,2019
"1728144","Fulton city, Illinois",52193,2019
"1764135","Ringwood village, Illinois",113125,2019
"1776160","Trout Valley village, Illinois",143750,2019
"1715352","Coffeen city, Illinois",33906,2019
"1702882","Atwood village, Illinois",41741,2019
"1712268","Cerro Gordo village, Illinois",55089,2019
"1705300","Benton city, Illinois",41149,2019
"1729483","Glasford village, Illinois",54821,2019
"1749386","Millstadt village, Illinois",74375,2019
"1752142","New Baden village, Illinois",77218,2019
"1769524","Shiloh village, Illinois",86021,2019
"1702674","Athens city, Illinois",71875,2019
"1780073","West City village, Illinois",42125,2019
"1731589","Greenville city, Illinois",48750,2019
"1702479","Ashkum village, Illinois",68393,2019
"1727026","Forrest village, Illinois",58839,2019
"1777317","Vandalia city, Illinois",36395,2019
"1715664","Colona city, Illinois",67647,2019
"1728846","Geneseo city, Illinois",62967,2019
"1729639","Glen Carbon village, Illinois",89236,2019
"1734670","Highland city, Illinois",59922,2019
"1766859","St. Jacob village, Illinois",80742,2019
"1763056","Reddick village, Illinois",55000,2019
"1703454","Baldwin village, Illinois",42917,2019
"1765221","Rockwood village, Illinois",NA,2019
"1774873","Thebes village, Illinois",35357,2019
"1737621","Iola village, Illinois",41389,2019
"1766599","Sailor Springs village, Illinois",34306,2019
"1767132","St. Peter village, Illinois",45938,2019
"1781815","Williamson village, Illinois",53750,2019
"1710916","Campus village, Illinois",61875,2019
"1768822","Shabbona village, Illinois",59583,2019
"1723776","Elsah village, Illinois",90313,2019
"1773170","Streator city, Illinois",39736,2019
"1759884","Pinckneyville city, Illinois",33485,2019
"1714117","Chillicothe city, Illinois",48731,2019
"1759000","Peoria city, Illinois",51771,2019
"1725141","Fairview Heights city, Illinois",64495,2019
"1752116","New Athens village, Illinois",63583,2019
"1700555","Albers village, Illinois",79000,2019
"1703181","Aviston village, Illinois",85000,2019
"1704533","Beckemeyer village, Illinois",51065,2019
"1764421","Riverside village, Illinois",111657,2019
"1770629","South Chicago Heights village, Illinois",41138,2019
"1772676","Stickney village, Illinois",65257,2019
"1773638","Summit village, Illinois",47377,2019
"1707913","Breese city, Illinois",69167,2019
"1780281","Westfield village, Illinois",47868,2019
"1701049","Altamont city, Illinois",46204,2019
"1743900","Lisbon village, Illinois",62361,2019
"1750218","Montgomery village, Illinois",98050,2019
"1701270","Amboy city, Illinois",52330,2019
"1737179","Ina village, Illinois",40455,2019
"1778708","Waltonville village, Illinois",43846,2019
"1783206","Woodlawn village, Illinois",57917,2019
"1702583","Ashton village, Illinois",54844,2019
"1761925","Princeville village, Illinois",60139,2019
"1718823","Decatur city, Illinois",42701,2019
"1756471","Oreana village, Illinois",61667,2019
"1732668","Hanna City village, Illinois",51450,2019
"1751648","Naplate village, Illinois",42344,2019
"1717471","Creston village, Illinois",70625,2019
"1764174","Ripley village, Illinois",NA,2019
"1700230","Addieville village, Illinois",75750,2019
"1720149","Dixmoor village, Illinois",49668,2019
"1755002","Oakwood village, Illinois",56964,2019
"1770161","Sleepy Hollow village, Illinois",110938,2019
"1768120","Schram City village, Illinois",47625,2019
"1775848","Tower Hill village, Illinois",54375,2019
"1782686","Winthrop Harbor village, Illinois",88673,2019
"1777941","Villa Grove city, Illinois",58071,2019
"1765156","Rockton village, Illinois",90022,2019
"1722073","East Moline city, Illinois",53660,2019
"1775263","Tilden village, Illinois",37159,2019
"1764278","Riverdale village, Illinois",35711,2019
"1771370","South Wilmington village, Illinois",75417,2019
"1721267","Du Quoin city, Illinois",39794,2019
"1733877","Hecker village, Illinois",55357,2019
"1701946","Arenzville village, Illinois",80357,2019
"1704975","Bellwood village, Illinois",56557,2019
"1711163","Carbondale city, Illinois",22152,2019
"1778604","Walnut Hill village, Illinois",35000,2019
"1755249","O'Fallon city, Illinois",90349,2019
"1728170","Fults village, Illinois",79375,2019
"1718628","Darien city, Illinois",96275,2019
"1741742","Lake Zurich village, Illinois",119349,2019
"1744381","Lomax village, Illinois",30417,2019
"1759104","Percy village, Illinois",36213,2019
"1756601","Orion village, Illinois",70694,2019
"1773261","Stronghurst village, Illinois",46635,2019
"1739077","Karnak village, Illinois",30536,2019
"1727884","Freeport city, Illinois",39975,2019
"1729080","Germantown Hills village, Illinois",112750,2019
"1772650","Stewardson village, Illinois",52212,2019
"1773040","Strasburg village, Illinois",60156,2019
"1741716","Lakewood Shores CDP, Illinois",63625,2019
"1749607","Minooka village, Illinois",92902,2019
"1702921","Auburn city, Illinois",57465,2019
"1718745","Dawson village, Illinois",47841,2019
"1748021","Mechanicsburg village, Illinois",65536,2019
"1756926","Ottawa city, Illinois",51288,2019
"1704052","Basco village, Illinois",42000,2019
"1706184","Bismarck village, Illinois",65625,2019
"1729236","Gillespie city, Illinois",41624,2019
"1753039","Nilwood town, Illinois",45313,2019
"1757329","Palmyra village, Illinois",37692,2019
"1733435","Harwood Heights village, Illinois",64523,2019
"1714026","Chicago Heights city, Illinois",50186,2019
"1714065","Chicago Ridge village, Illinois",48886,2019
"1723724","Elmwood Park village, Illinois",59963,2019
"1735879","Homewood village, Illinois",74450,2019
"1765845","Roseville village, Illinois",42763,2019
"1764902","Rockdale village, Illinois",52727,2019
"1774275","Symerton village, Illinois",72917,2019
"1775484","Tinley Park village, Illinois",78343,2019
"1782101","Wilmington city, Illinois",56267,2019
"1745694","McHenry city, Illinois",75811,2019
"1772052","Spring Grove village, Illinois",123150,2019
"1720591","Downers Grove village, Illinois",94893,2019
"1754534","Oak Brook village, Illinois",141055,2019
"1745564","McCook village, Illinois",78438,2019
"1751089","Mount Prospect village, Illinois",79733,2019
"1754638","Oak Forest city, Illinois",76945,2019
"1755938","Olympia Fields village, Illinois",98977,2019
"1757381","Palos Heights city, Illinois",89286,2019
"1770564","South Barrington village, Illinois",138828,2019
"1780242","Western Springs village, Illinois",174760,2019
"1782049","Willow Springs village, Illinois",83860,2019
"1735281","Hindsboro village, Illinois",65625,2019
"1765000","Rockford city, Illinois",44252,2019
"1707692","Bradford village, Illinois",53917,2019
"1777265","Valmeyer village, Illinois",83382,2019
"1758408","Pecatonica village, Illinois",56500,2019
"1707211","Bondville village, Illinois",49063,2019
"1755275","Ogden village, Illinois",66154,2019
"1772624","Steward village, Illinois",64000,2019
"1738375","Jerome village, Illinois",52750,2019
"1712528","Chapin village, Illinois",50000,2019
"1711514","Carterville city, Illinois",59079,2019
"1718498","Danforth village, Illinois",48250,2019
"1720331","Donovan village, Illinois",38000,2019
"1729275","Gilman city, Illinois",52643,2019
"1724166","Energy village, Illinois",50031,2019
"1771526","Spillertown village, Illinois",48333,2019
"1714273","Chrisman city, Illinois",49091,2019
"1748632","Metcalf village, Illinois",34583,2019
"1777551","Vermilion village, Illinois",49545,2019
"1774574","Taylorville city, Illinois",39979,2019
"1707224","Bone Gap village, Illinois",46667,2019
"1708979","Browns village, Illinois",63125,2019
"1705274","Bentley town, Illinois",86250,2019
"1700243","Addison village, Illinois",67337,2019
"1723620","Elmhurst city, Illinois",118609,2019
"1707744","Bradley village, Illinois",60012,2019
"1768003","Schaumburg village, Illinois",83096,2019
"1781919","Willowbrook village, Illinois",76997,2019
"1738934","Kankakee city, Illinois",37894,2019
"1749893","Momence city, Illinois",49844,2019
"1776771","Union Hill village, Illinois",66250,2019
"1723555","Ellsworth village, Illinois",38125,2019
"1716054","Concord village, Illinois",32857,2019
"1770889","South Jacksonville village, Illinois",53781,2019
"1731017","Granville village, Illinois",60536,2019
"1756887","Oswego village, Illinois",102110,2019
"1727091","Forsyth village, Illinois",91275,2019
"1756640","Orland Park village, Illinois",90345,2019
"1744498","Long Creek village, Illinois",84896,2019
"1751206","Mount Zion village, Illinois",85765,2019
"1704845","Belleville city, Illinois",48099,2019
"1767821","Savanna city, Illinois",31710,2019
"1707640","Braceville village, Illinois",64563,2019
"1706756","Blue Mound village, Illinois",43667,2019
"1760352","Plano city, Illinois",73233,2019
"1784038","Yorkville city, Illinois",97610,2019
"1733227","Harristown village, Illinois",60455,2019
"1745941","Macon city, Illinois",67188,2019
"1778916","Warrensburg village, Illinois",64107,2019
"1701205","Alto Pass village, Illinois",50179,2019
"1726454","Flora city, Illinois",47413,2019
"1701491","Andover village, Illinois",54722,2019
"1701569","Annawan town, Illinois",52679,2019
"1718992","Deerfield village, Illinois",153431,2019
"1705599","Bethalto village, Illinois",63200,2019
"1721553","East Alton village, Illinois",44830,2019
"1740910","Lake Bluff village, Illinois",164421,2019
"1741586","Lake Villa village, Illinois",105341,2019
"1743666","Lincolnshire village, Illinois",116316,2019
"1743770","Lindenhurst village, Illinois",108044,2019
"1754781","Oakland city, Illinois",54583,2019
"1756536","Orient city, Illinois",28958,2019
"1766209","Royalton village, Illinois",38889,2019
"1703103","Ava city, Illinois",47344,2019
"1710422","Caledonia village, Illinois",90417,2019
"1779163","Waterman village, Illinois",71429,2019
"1778942","Warsaw city, Illinois",54758,2019
"1775360","Timberlane village, Illinois",140125,2019
"1742938","Lerna village, Illinois",43500,2019
"1730757","Grand Ridge village, Illinois",58333,2019
"1766443","Rutland village, Illinois",38929,2019
"1770460","Somonauk village, Illinois",65139,2019
"1775718","Tonica village, Illinois",47656,2019
"1739324","Kell village, Illinois",40000,2019
"1755210","Odin village, Illinois",40250,2019
"1702414","Arthur village, Illinois",58920,2019
"1745044","Lovington village, Illinois",45526,2019
"1722255","East St. Louis city, Illinois",24343,2019
"1767756","Sauget village, Illinois",54167,2019
"1728612","Garden Prairie CDP, Illinois",43313,2019
"1730159","Golden village, Illinois",51000,2019
"1766157","Royal village, Illinois",82750,2019
"1707237","Bonfield village, Illinois",71705,2019
"1714000","Chicago city, Illinois",58247,2019
"1764343","River Grove village, Illinois",59814,2019
"1732746","Hanover Park village, Illinois",76615,2019
"1757875","Park Ridge city, Illinois",111642,2019
"1761314","Posen village, Illinois",42370,2019
"1702505","Ashland village, Illinois",59000,2019
"1728742","Garrett village, Illinois",44167,2019
"1776407","Tuscola city, Illinois",56545,2019
"1718303","Dahlgren village, Illinois",43958,2019
"1730575","Goreville village, Illinois",54297,2019
"1751986","Neoga city, Illinois",43269,2019
"1753585","North City village, Illinois",43500,2019
"1780333","West Frankfort city, Illinois",30430,2019
"1778526","Walnut village, Illinois",53750,2019
"1764018","Ridgway village, Illinois",52656,2019
"1724543","Eureka city, Illinois",57873,2019
"1739038","Kappa village, Illinois",82500,2019
"1720370","Dorchester village, Illinois",51042,2019
"1734423","Hettick village, Illinois",44375,2019
"1751024","Mount Olive city, Illinois",50865,2019
"1772403","Staunton city, Illinois",46025,2019
"1710448","Calhoun village, Illinois",45000,2019
"1734007","Henderson village, Illinois",57857,2019
"1713165","Chesterfield village, Illinois",59688,2019
"1768406","Scottville village, Illinois",53462,2019
"1718563","Danville city, Illinois",36172,2019
"1769914","Sigel town, Illinois",78750,2019
"1715170","Coal City village, Illinois",74755,2019
"1717458","Crest Hill city, Illinois",56616,2019
"1720305","Dongola village, Illinois",34917,2019
"1738635","Jonesboro city, Illinois",46625,2019
"1749178","Mill Creek village, Illinois",NA,2019
"1714715","Clay City village, Illinois",43409,2019
"1706028","Bingham village, Illinois",43611,2019
"1700971","Alpha village, Illinois",53594,2019
"1702726","Atkinson town, Illinois",56250,2019
"1710643","Cambridge village, Illinois",59901,2019
"1783063","Woodhull village, Illinois",57000,2019
"1703844","Barrington village, Illinois",117931,2019
"1746136","Mahomet village, Illinois",113261,2019
"1766534","Sadorus village, Illinois",49205,2019
"1709980","Burr Ridge village, Illinois",159335,2019
"1763862","Ridge Farm village, Illinois",50375,2019
"1775276","Tilton village, Illinois",43201,2019
"1739909","Kincaid village, Illinois",54143,2019
"1700568","Albion city, Illinois",41184,2019
"1704806","Belle Rive village, Illinois",48194,2019
"1751947","Nelson village, Illinois",31667,2019
"1780008","West Brooklyn village, Illinois",54167,2019
"1737127","Illiopolis village, Illinois",64063,2019
"1770759","Southern View village, Illinois",47169,2019
"1772000","Springfield city, Illinois",54648,2019
"1778149","Virden city, Illinois",50938,2019
"1741859","Lanark city, Illinois",44875,2019
"1749191","Milledgeville village, Illinois",47574,2019
"1739532","Kenney village, Illinois",53839,2019
"1777707","Verona village, Illinois",62250,2019
"1712567","Charleston city, Illinois",40863,2019
"1723373","Elkville village, Illinois",39041,2019
"1718485","Dana village, Illinois",51667,2019
"1738921","Kangley village, Illinois",53542,2019
"1700919","Alma village, Illinois",30536,2019
"1773495","Sullivan city, Illinois",56375,2019
"1708667","Brooklyn village, Illinois",18611,2019
"1745993","Madison city, Illinois",30316,2019
"1746955","Marissa village, Illinois",40216,2019
"1713139","Chester city, Illinois",47885,2019
"1735268","Hinckley village, Illinois",73967,2019
"1707419","Boulder Hill CDP, Illinois",67124,2019
"1752961","Niantic village, Illinois",56111,2019
"1724608","Evansville village, Illinois",47778,2019
"1766287","Ruma village, Illinois",66250,2019
"1774457","Tamms village, Illinois",46250,2019
"1736074","Hooppole village, Illinois",39625,2019
"1739727","Kewanee city, Illinois",41664,2019
"1701595","Antioch village, Illinois",96069,2019
"1702154","Arlington Heights village, Illinois",96340,2019
"1712489","Channel Lake CDP, Illinois",49926,2019
"1719083","Deer Park village, Illinois",167448,2019
"1744550","Long Lake CDP, Illinois",87895,2019
"1770213","Smithboro village, Illinois",50625,2019
"1710906","Campton Hills village, Illinois",154375,2019
"1760391","Plattville village, Illinois",85893,2019
"1767372","Sammons Point village, Illinois",67500,2019
"1743510","Limestone village, Illinois",73625,2019
"1738895","Kaneville village, Illinois",78571,2019
"1715833","Columbia city, Illinois",98977,2019
"1721618","East Carondelet village, Illinois",53125,2019
"1724933","Fairmont City village, Illinois",39107,2019
"1747423","Mascoutah city, Illinois",78468,2019
"1704156","Bath village, Illinois",29432,2019
"1767613","San Jose village, Illinois",56125,2019
"1704039","Bartonville village, Illinois",52636,2019
"1704871","Bellevue village, Illinois",46094,2019
"1746643","Mapleton village, Illinois",52500,2019
"1719837","Diamond village, Illinois",59934,2019
"1727644","Frankfort Square CDP, Illinois",99951,2019
"1751622","Naperville city, Illinois",125926,2019
"1765442","Romeoville village, Illinois",79183,2019
"1783245","Woodridge village, Illinois",86094,2019
"1746110","Magnolia village, Illinois",44375,2019
"1722164","East Peoria city, Illinois",58984,2019
"1735307","Hinsdale village, Illinois",203368,2019
"1778929","Warrenville city, Illinois",87871,2019
"1765897","Rosiclare city, Illinois",37841,2019
"1710292","Cabery village, Illinois",52375,2019
"1724452","Essex village, Illinois",80000,2019
"1730991","Grant Park village, Illinois",60000,2019
"1737933","Iuka village, Illinois",40795,2019
"1758057","Patoka village, Illinois",52596,2019
"1700867","Allenville village, Illinois",54750,2019
"1700958","Alorton village, Illinois",22593,2019
"1725713","Fayetteville village, Illinois",58889,2019
"1744446","London Mills village, Illinois",42188,2019
"1746695","Maquon village, Illinois",49792,2019
"1766677","St. Augustine village, Illinois",44250,2019
"1705209","Benld city, Illinois",41893,2019
"1721852","East Gillespie village, Illinois",71250,2019
"1749802","Modesto village, Illinois",46250,2019
"1767873","Sawyerville village, Illinois",34688,2019
"1781191","White City village, Illinois",53438,2019
"1724985","Fairmount village, Illinois",52292,2019
"1747163","Marshall city, Illinois",45703,2019
"1719915","Dieterich village, Illinois",62159,2019
"1705898","Biggsville village, Illinois",53750,2019
"1716613","Coulterville village, Illinois",38333,2019
"1721540","Earlville city, Illinois",54301,2019
"1761639","Prairie du Rocher village, Illinois",53125,2019
"1732616","Hanaford village, Illinois",46250,2019
"1710773","Campbell Hill village, Illinois",57857,2019
"1718446","Dalton City village, Illinois",62292,2019
"1764759","Rochester village, Illinois",96111,2019
"1714455","Cisne village, Illinois",34034,2019
"1711982","Cedar Point village, Illinois",49911,2019
"1744823","Lostant village, Illinois",61786,2019
"1712151","Central City village, Illinois",41875,2019
"1767444","Sandoval village, Illinois",38571,2019
"1770031","Sims village, Illinois",44531,2019
"1756159","Oneida city, Illinois",71250,2019
"1729392","Girard city, Illinois",44469,2019
"1750920","Mount Clare village, Illinois",28929,2019
"1769563","Shipman town, Illinois",48864,2019
"1782075","Wilmette village, Illinois",164681,2019
"1757225","Palatine village, Illinois",80526,2019
"1765819","Rosemont village, Illinois",60588,2019
"1770850","South Holland village, Illinois",63170,2019
"1712970","Cherry village, Illinois",49583,2019
"1719499","De Pue village, Illinois",55403,2019
"1749516","Mineral village, Illinois",37000,2019
"1733383","Harvey city, Illinois",30306,2019
"1738830","Justice village, Illinois",51017,2019
"1738791","Junction City village, Illinois",38750,2019
"1767236","Salem city, Illinois",40449,2019
"1710370","Cahokia village, Illinois",35663,2019
"1779007","Washburn village, Illinois",52586,2019
"1721826","East Galesburg village, Illinois",59844,2019
"1766196","Royal Lakes village, Illinois",30781,2019
"1772234","Standard City village, Illinois",76563,2019
"1755912","Olney city, Illinois",39929,2019
"1736061","Hoopeston city, Illinois",43914,2019
"1737348","Indianola village, Illinois",58750,2019
"1751336","Muncie village, Illinois",43250,2019
"1744173","Loami village, Illinois",55000,2019
"1762367","Quincy city, Illinois",46189,2019
"1777044","Ursa village, Illinois",51250,2019
"1708420","Broadlands village, Illinois",54792,2019
"1758174","Pawnee village, Illinois",71313,2019
"1738323","Jeffersonville village, Illinois",39107,2019
"1738531","Johnsonville village, Illinois",30313,2019
"1779436","Wayne City village, Illinois",51389,2019
"1717055","Cowden village, Illinois",36250,2019
"1734332","Herrick village, Illinois",39219,2019
"1751232","Moweaqua village, Illinois",60357,2019
"1707770","Braidwood city, Illinois",63074,2019
"1737465","Ingalls Park CDP, Illinois",46091,2019
"1746357","Manhattan village, Illinois",102725,2019
"1757732","Park Forest village, Illinois",53938,2019
"1783817","Yates City village, Illinois",49904,2019
"1748138","Medora village, Illinois",51250,2019
"1714533","Claremont village, Illinois",46458,2019
"1726233","Fithian village, Illinois",53438,2019
"1771643","Springerton village, Illinois",NA,2019
"1770005","Simpson village, Illinois",47750,2019
"1739519","Kenilworth village, Illinois",227404,2019
"1743744","Lincolnwood village, Illinois",95030,2019
"1746058","Maeystown village, Illinois",65000,2019
"1779150","Waterloo city, Illinois",67682,2019
"1783687","Wyoming city, Illinois",50962,2019
"1741456","Lake Summerset CDP, Illinois",79511,2019
"1765611","Roscoe village, Illinois",92138,2019
"1703207","Avon village, Illinois",44615,2019
"1725531","Farmington city, Illinois",51750,2019
"1740559","Lacon city, Illinois",52448,2019
"1700295","Adeline village, Illinois",51458,2019
"1772702","Stillman Valley village, Illinois",59000,2019
"1728261","Galatia village, Illinois",32885,2019
"1736347","Hoyleton village, Illinois",58571,2019
"1740182","Kirkwood village, Illinois",53542,2019
"1755106","Oblong village, Illinois",41005,2019
"1711007","Canton city, Illinois",44299,2019
"1721098","Dunfermline village, Illinois",51667,2019
"1703571","Banner village, Illinois",56250,2019
"1709161","Bryant village, Illinois",49063,2019
"1743055","Lewistown city, Illinois",52096,2019
"1744121","Liverpool village, Illinois",52500,2019
"1742405","Lawrenceville city, Illinois",40438,2019
"1736150","Hopewell village, Illinois",84375,2019
"1775653","Toluca city, Illinois",51765,2019
"1779813","Wenona city, Illinois",44444,2019
"1756484","Oregon city, Illinois",51875,2019
"1764746","Rochelle city, Illinois",49295,2019
"1723009","Eldorado city, Illinois",38721,2019
"1720890","Du Bois village, Illinois",51875,2019
"1709798","Burnham village, Illinois",46394,2019
"1717497","Crestwood village, Illinois",61132,2019
"1730328","Golf village, Illinois",237750,2019
"1735866","Hometown city, Illinois",50548,2019
"1757407","Palos Park village, Illinois",102361,2019
"1700672","Alexis village, Illinois",58021,2019
"1778201","Virginia city, Illinois",49464,2019
"1745434","Lyons village, Illinois",60168,2019
"1737257","Indian Head Park village, Illinois",85910,2019
"1740767","La Grange village, Illinois",123965,2019
"1745421","Lynwood village, Illinois",66652,2019
"1748892","Midlothian village, Illinois",60160,2019
"1750647","Morton Grove village, Illinois",85360,2019
"1749347","Mill Shoals village, Illinois",49688,2019
"1707510","Bowen village, Illinois",57857,2019
"1723841","Elvaston village, Illinois",31875,2019
"1732434","Hamilton city, Illinois",50087,2019
"1726350","Flat Rock village, Illinois",35000,2019
"1773027","Stoy village, Illinois",71250,2019
"1781074","Wheeler village, Illinois",35250,2019
"1742171","La Rose village, Illinois",25417,2019
"1753481","Northbrook village, Illinois",124863,2019
"1756627","Orland Hills village, Illinois",95798,2019
"1768705","Sesser city, Illinois",53631,2019
"1725895","Ferris village, Illinois",47188,2019
"1705092","Belvidere city, Illinois",51166,2019
"1761145","Poplar Grove village, Illinois",75815,2019
"1719616","De Soto village, Illinois",43333,2019
"1746214","Makanda village, Illinois",68750,2019
"1742587","Lee village, Illinois",62500,2019
"1773287","Sublette village, Illinois",51250,2019
"1709434","Buffalo village, Illinois",42708,2019
"1712684","Chatham village, Illinois",88822,2019
"1741404","Lake Petersburg CDP, Illinois",74500,2019
"1742002","Langleyville CDP, Illinois",66375,2019
"1742067","LaPlace CDP, Illinois",72143,2019
"1744836","Lost Nation CDP, Illinois",112796,2019
"1749698","Mitchell CDP, Illinois",48482,2019
"1751310","Mulkeytown CDP, Illinois",NA,2019
"1754924","Oak Run CDP, Illinois",79750,2019
"1755847","Olive Branch CDP, Illinois",46042,2019
"1755886","Olivet CDP, Illinois",38281,2019
"1756198","Opdyke CDP, Illinois",68523,2019
"1757160","Paderborn CDP, Illinois",50054,2019
"1758577","Penfield CDP, Illinois",48194,2019
"1759533","Philo village, Illinois",80804,2019
"1766950","St. Joseph village, Illinois",94088,2019
"1775107","Thomasboro village, Illinois",48304,2019
"1721579","East Brooklyn village, Illinois",95000,2019
"1728963","Georgetown city, Illinois",46455,2019
"1769836","Sidell village, Illinois",54375,2019
"1780931","Westville village, Illinois",47014,2019
"1740143","Kinsman village, Illinois",95250,2019
"1717887","Crystal Lake city, Illinois",87578,2019
"1741651","Lakewood village, Illinois",144240,2019
"1726077","Fillmore village, Illinois",50625,2019
"1762965","Raymond village, Illinois",52895,2019
"1717991","Cuba city, Illinois",43333,2019
"1770226","Smithfield village, Illinois",40250,2019
"1742457","Leaf River village, Illinois",46500,2019
"1751700","Nashville city, Illinois",60284,2019
"1718342","Dakota village, Illinois",57679,2019
"1764590","Roanoke village, Illinois",59605,2019
"1768510","Secor village, Illinois",54712,2019
"1715261","Coatsburg village, Illinois",55714,2020
"1715300","Cobden village, Illinois",38750,2020
"1715352","Coffeen city, Illinois",35781,2020
"1715378","Colchester city, Illinois",43942,2020
"1715469","Coleta village, Illinois",56875,2020
"1715495","Colfax village, Illinois",58889,2020
"1715599","Collinsville city, Illinois",56250,2020
"1715664","Colona city, Illinois",64643,2020
"1715807","Colp village, Illinois",12344,2020
"1715833","Columbia city, Illinois",107500,2020
"1715846","Columbus village, Illinois",63750,2020
"1715950","Como CDP, Illinois",79250,2020
"1715989","Compton village, Illinois",47321,2020
"1716054","Concord village, Illinois",24327,2020
"1716119","Congerville village, Illinois",67850,2020
"1716210","Cooksville village, Illinois",63750,2020
"1716301","Coral CDP, Illinois",NA,2020
"1716366","Cordova village, Illinois",63810,2020
"1716405","Cornell village, Illinois",50625,2020
"1716431","Cornland CDP, Illinois",NA,2020
"1716470","Cortland town, Illinois",74821,2020
"1716613","Coulterville village, Illinois",39688,2020
"1716691","Country Club Hills city, Illinois",70306,2020
"1716873","Countryside city, Illinois",67201,2020
"1717055","Cowden village, Illinois",33250,2020
"1717077","Coyne Center CDP, Illinois",116116,2020
"1717094","Crab Orchard CDP, Illinois",NA,2020
"1717185","Crainville village, Illinois",59643,2020
"1717289","Creal Springs city, Illinois",34688,2020
"1717406","Crescent City village, Illinois",57500,2020
"1717458","Crest Hill city, Illinois",58462,2020
"1717471","Creston village, Illinois",77708,2020
"1717497","Crestwood village, Illinois",60541,2020
"1717523","Crete village, Illinois",75403,2020
"1717549","Creve Coeur village, Illinois",46250,2020
"1717783","Crossville village, Illinois",33894,2020
"1717887","Crystal Lake city, Illinois",91456,2020
"1717939","Crystal Lawns CDP, Illinois",90550,2020
"1717991","Cuba city, Illinois",33672,2020
"1715235","Coal Valley village, Illinois",73472,2020
"1718030","Cullom village, Illinois",50000,2020
"1718147","Curran village, Illinois",49063,2020
"1718212","Custer Park CDP, Illinois",88393,2020
"1718225","Cutler village, Illinois",44531,2020
"1718251","Cypress village, Illinois",37500,2020
"1718303","Dahlgren village, Illinois",50038,2020
"1718342","Dakota village, Illinois",63750,2020
"1718420","Dallas City city, Illinois",47857,2020
"1718446","Dalton City village, Illinois",54875,2020
"1718459","Dalzell village, Illinois",63750,2020
"1718472","Damiansville village, Illinois",70375,2020
"1718485","Dana village, Illinois",47500,2020
"1718498","Danforth village, Illinois",40278,2020
"1718537","Danvers village, Illinois",67813,2020
"1718563","Danville city, Illinois",37328,2020
"1718628","Darien city, Illinois",100771,2020
"1718641","Darmstadt CDP, Illinois",NA,2020
"1766638","St. Anne village, Illinois",60469,2020
"1766677","St. Augustine village, Illinois",44375,2020
"1766703","St. Charles city, Illinois",102414,2020
"1766768","St. David village, Illinois",45288,2020
"1766794","St. Elmo city, Illinois",43913,2020
"1766800","Ste. Marie village, Illinois",53000,2020
"1766833","St. Francisville city, Illinois",42917,2020
"1766859","St. Jacob village, Illinois",83750,2020
"1766924","St. Johns village, Illinois",37656,2020
"1766950","St. Joseph village, Illinois",93621,2020
"1766989","St. Libory village, Illinois",67431,2020
"1767132","St. Peter village, Illinois",50938,2020
"1767158","St. Rose village, Illinois",83281,2020
"1767236","Salem city, Illinois",48022,2020
"1767372","Sammons Point village, Illinois",54750,2020
"1767444","Sandoval village, Illinois",45476,2020
"1767548","Sandwich city, Illinois",70563,2020
"1767613","San Jose village, Illinois",57813,2020
"1767756","Sauget village, Illinois",53125,2020
"1767769","Sauk Village village, Illinois",46061,2020
"1767795","Saunemin village, Illinois",56250,2020
"1767821","Savanna city, Illinois",32067,2020
"1767860","Savoy village, Illinois",74189,2020
"1767873","Sawyerville village, Illinois",40556,2020
"1767912","Saybrook village, Illinois",50966,2020
"1767925","Scales Mound village, Illinois",57292,2020
"1768003","Schaumburg village, Illinois",82387,2020
"1768081","Schiller Park village, Illinois",58637,2020
"1768120","Schram City village, Illinois",42143,2020
"1768198","Sciota village, Illinois",98750,2020
"1768328","Scott AFB CDP, Illinois",71679,2020
"1768406","Scottville village, Illinois",48750,2020
"1768458","Seaton village, Illinois",59583,2020
"1768471","Seatonville village, Illinois",39405,2020
"1768510","Secor village, Illinois",54167,2020
"1768640","Seneca village, Illinois",74907,2020
"1768679","Serena CDP, Illinois",NA,2020
"1768705","Sesser city, Illinois",54375,2020
"1768809","Seymour CDP, Illinois",105893,2020
"1768822","Shabbona village, Illinois",66250,2020
"1768991","Shannon village, Illinois",52500,2020
"1769082","Shawneetown city, Illinois",25964,2020
"1769147","Sheffield village, Illinois",48854,2020
"1769186","Shelbyville city, Illinois",50485,2020
"1769212","Sheldon village, Illinois",36506,2020
"1769277","Sheridan village, Illinois",70925,2020
"1769342","Sherman village, Illinois",123232,2020
"1769368","Sherrard village, Illinois",63269,2020
"1769524","Shiloh village, Illinois",87076,2020
"1769563","Shipman town, Illinois",46944,2020
"1769628","Shirley CDP, Illinois",54583,2020
"1769758","Shorewood village, Illinois",106341,2020
"1769797","Shumway village, Illinois",59375,2020
"1769810","Sibley village, Illinois",49375,2020
"1769836","Sidell village, Illinois",52019,2020
"1769875","Sidney village, Illinois",76250,2020
"1718706","Davis village, Illinois",51000,2020
"1718719","Davis Junction village, Illinois",83906,2020
"1718745","Dawson village, Illinois",56964,2020
"1718771","Dayton CDP, Illinois",86125,2020
"1718823","Decatur city, Illinois",45404,2020
"1718940","Deer Creek village, Illinois",61406,2020
"1718992","Deerfield village, Illinois",162064,2020
"1719031","Deer Grove village, Illinois",56250,2020
"1719083","Deer Park village, Illinois",161422,2020
"1719161","DeKalb city, Illinois",44223,2020
"1719200","De Land village, Illinois",49167,2020
"1719226","Delavan city, Illinois",62500,2020
"1719499","De Pue village, Illinois",61553,2020
"1719616","De Soto village, Illinois",44744,2020
"1719642","Des Plaines city, Illinois",73639,2020
"1719681","Detroit village, Illinois",NA,2020
"1719746","Dewey CDP, Illinois",NA,2020
"1719798","De Witt village, Illinois",51875,2020
"1719837","Diamond village, Illinois",51019,2020
"1719915","Dieterich village, Illinois",61417,2020
"1720045","Divernon village, Illinois",64922,2020
"1720123","Dix village, Illinois",30000,2020
"1720149","Dixmoor village, Illinois",44757,2020
"1720162","Dixon city, Illinois",46479,2020
"1720292","Dolton village, Illinois",50237,2020
"1720305","Dongola village, Illinois",34073,2020
"1720318","Donnellson village, Illinois",NA,2020
"1720331","Donovan village, Illinois",37083,2020
"1720370","Dorchester village, Illinois",78750,2020
"1720526","Dover village, Illinois",36618,2020
"1720565","Dowell village, Illinois",36111,2020
"1720591","Downers Grove village, Illinois",97197,2020
"1720643","Downs village, Illinois",92288,2020
"1720890","Du Bois village, Illinois",52188,2020
"1721020","Dundas CDP, Illinois",98056,2020
"1721098","Dunfermline village, Illinois",51250,2020
"1721176","Dunlap village, Illinois",99018,2020
"1721254","Dupo village, Illinois",40049,2020
"1721267","Du Quoin city, Illinois",41756,2020
"1721280","Durand village, Illinois",51375,2020
"1721358","Dwight village, Illinois",56543,2020
"1721410","Eagarville village, Illinois",50938,2020
"1721475","Eagle Lake CDP, Illinois",NA,2020
"1721540","Earlville city, Illinois",52768,2020
"1721553","East Alton village, Illinois",52773,2020
"1721579","East Brooklyn village, Illinois",91250,2020
"1721605","East Cape Girardeau village, Illinois",37875,2020
"1721618","East Carondelet village, Illinois",50208,2020
"1721683","East Dubuque city, Illinois",52500,2020
"1721696","East Dundee village, Illinois",73199,2020
"1721826","East Galesburg village, Illinois",57708,2020
"1721852","East Gillespie village, Illinois",64167,2020
"1721904","East Hazel Crest village, Illinois",50583,2020
"1722021","East Lynn CDP, Illinois",200771,2020
"1722073","East Moline city, Illinois",51388,2020
"1722151","Easton village, Illinois",54250,2020
"1769914","Sigel town, Illinois",85417,2020
"1769979","Silvis city, Illinois",56768,2020
"1770005","Simpson village, Illinois",49375,2020
"1770031","Sims village, Illinois",45893,2020
"1770122","Skokie village, Illinois",74725,2020
"1770161","Sleepy Hollow village, Illinois",122121,2020
"1770213","Smithboro village, Illinois",45625,2020
"1770226","Smithfield village, Illinois",43750,2020
"1770252","Smithton village, Illinois",88879,2020
"1770278","Smithville CDP, Illinois",NA,2020
"1770356","Solon Mills CDP, Illinois",NA,2020
"1770460","Somonauk village, Illinois",71375,2020
"1770525","Sorento village, Illinois",33750,2020
"1770564","South Barrington village, Illinois",183750,2020
"1770590","South Beloit city, Illinois",59470,2020
"1770629","South Chicago Heights village, Illinois",45321,2020
"1770720","South Elgin village, Illinois",99189,2020
"1770759","Southern View village, Illinois",46486,2020
"1770850","South Holland village, Illinois",66859,2020
"1770889","South Jacksonville village, Illinois",53580,2020
"1771175","South Pekin village, Illinois",58490,2020
"1771240","South Roxana village, Illinois",41769,2020
"1771370","South Wilmington village, Illinois",75156,2020
"1771422","Sparland village, Illinois",38750,2020
"1771448","Sparta city, Illinois",52324,2020
"1771474","Spaulding village, Illinois",106250,2020
"1771526","Spillertown village, Illinois",59375,2020
"1771604","Spring Bay village, Illinois",38571,2020
"1771643","Springerton village, Illinois",61250,2020
"1772000","Springfield city, Illinois",54164,2020
"1772052","Spring Grove village, Illinois",129191,2020
"1772156","Spring Valley city, Illinois",50549,2020
"1772221","Standard village, Illinois",41042,2020
"1772234","Standard City village, Illinois",75938,2020
"1772260","Stanford village, Illinois",63333,2020
"1772403","Staunton city, Illinois",52725,2020
"1772468","Steeleville village, Illinois",53750,2020
"1772520","Steger village, Illinois",49492,2020
"1772546","Sterling city, Illinois",46491,2020
"1772624","Steward village, Illinois",81875,2020
"1772650","Stewardson village, Illinois",65282,2020
"1772676","Stickney village, Illinois",67246,2020
"1772702","Stillman Valley village, Illinois",68958,2020
"1772780","Stockton village, Illinois",43295,2020
"1772884","Stonefort village, Illinois",35909,2020
"1772923","Stone Park village, Illinois",63710,2020
"1772949","Stonington village, Illinois",56094,2020
"1773027","Stoy village, Illinois",75208,2020
"1773040","Strasburg village, Illinois",61964,2020
"1773131","Strawn village, Illinois",58750,2020
"1773157","Streamwood village, Illinois",88917,2020
"1773170","Streator city, Illinois",40778,2020
"1773261","Stronghurst village, Illinois",51979,2020
"1773287","Sublette village, Illinois",55313,2020
"1773391","Sugar Grove village, Illinois",110607,2020
"1773495","Sullivan city, Illinois",56351,2020
"1722164","East Peoria city, Illinois",65164,2020
"1722255","East St. Louis city, Illinois",24009,2020
"1722398","Eddyville village, Illinois",NA,2020
"1722567","Edgewood village, Illinois",44000,2020
"1722619","Edgington CDP, Illinois",119722,2020
"1722645","Edinburg village, Illinois",61042,2020
"1722697","Edwardsville city, Illinois",75271,2020
"1722736","Effingham city, Illinois",52551,2020
"1722931","Elburn village, Illinois",95717,2020
"1722957","El Dara village, Illinois",114250,2020
"1723009","Eldorado city, Illinois",37528,2020
"1723022","Eldred village, Illinois",41875,2020
"1723074","Elgin city, Illinois",72999,2020
"1723139","Eliza CDP, Illinois",NA,2020
"1723165","Elizabeth village, Illinois",36250,2020
"1723191","Elizabethtown village, Illinois",17143,2020
"1723256","Elk Grove Village village, Illinois",85240,2020
"1723269","Elkhart village, Illinois",69219,2020
"1723373","Elkville village, Illinois",40063,2020
"1723425","Elliott village, Illinois",46667,2020
"1723503","Ellis Grove village, Illinois",53750,2020
"1723529","Ellisville village, Illinois",41250,2020
"1723555","Ellsworth village, Illinois",43750,2020
"1723620","Elmhurst city, Illinois",123869,2020
"1723698","Elmwood city, Illinois",75152,2020
"1723724","Elmwood Park village, Illinois",63312,2020
"1723737","El Paso city, Illinois",61442,2020
"1723776","Elsah village, Illinois",97500,2020
"1723841","Elvaston village, Illinois",25938,2020
"1723919","Elwin CDP, Illinois",45833,2020
"1723945","Elwood village, Illinois",81250,2020
"1723971","Emden village, Illinois",55000,2020
"1724062","Emington village, Illinois",51563,2020
"1724166","Energy village, Illinois",50326,2020
"1724179","Enfield village, Illinois",40469,2020
"1724348","Equality village, Illinois",41563,2020
"1724374","Erie village, Illinois",85750,2020
"1724452","Essex village, Illinois",81458,2020
"1724543","Eureka city, Illinois",46579,2020
"1724582","Evanston city, Illinois",82335,2020
"1724608","Evansville village, Illinois",52308,2020
"1724634","Evergreen Park village, Illinois",79396,2020
"1724673","Ewing village, Illinois",61250,2020
"1724699","Exeter village, Illinois",48750,2020
"1724764","Fairbury city, Illinois",57563,2020
"1724816","Fairfield city, Illinois",42386,2020
"1724920","Fairmont CDP, Illinois",52917,2020
"1724933","Fairmont City village, Illinois",37775,2020
"1724985","Fairmount village, Illinois",51818,2020
"1725063","Fairview village, Illinois",57292,2020
"1725141","Fairview Heights city, Illinois",68505,2020
"1725245","Fall Creek CDP, Illinois",NA,2020
"1725375","Farina village, Illinois",35313,2020
"1725414","Farmer City city, Illinois",66591,2020
"1725440","Farmersville village, Illinois",56875,2020
"1725531","Farmington city, Illinois",51335,2020
"1725713","Fayetteville village, Illinois",58214,2020
"1773547","Summerfield village, Illinois",39375,2020
"1773638","Summit village, Illinois",46972,2020
"1773703","Sumner city, Illinois",36298,2020
"1773872","Sunnyland CDP, Illinois",63500,2020
"1773943","Sun River Terrace village, Illinois",46346,2020
"1774119","Swansea village, Illinois",81625,2020
"1774145","Swedona CDP, Illinois",72344,2020
"1774223","Sycamore city, Illinois",65924,2020
"1774275","Symerton village, Illinois",71250,2020
"1774301","Table Grove village, Illinois",49583,2020
"1774379","Tallula village, Illinois",51806,2020
"1774444","Tamaroa village, Illinois",43125,2020
"1774457","Tamms village, Illinois",45227,2020
"1774470","Tampico village, Illinois",53594,2020
"1774548","Taylor Ridge CDP, Illinois",60167,2020
"1774561","Taylor Springs village, Illinois",37981,2020
"1774574","Taylorville city, Illinois",41397,2020
"1774665","Tennessee village, Illinois",36667,2020
"1774743","Teutopolis village, Illinois",72404,2020
"1774847","Thawville village, Illinois",36250,2020
"1774860","Thayer village, Illinois",51806,2020
"1774873","Thebes village, Illinois",38929,2020
"1774970","The Galena Territory CDP, Illinois",103065,2020
"1775081","Third Lake village, Illinois",135021,2020
"1775107","Thomasboro village, Illinois",55795,2020
"1775159","Thompsonville village, Illinois",35833,2020
"1775172","Thomson village, Illinois",51071,2020
"1775185","Thornton village, Illinois",66447,2020
"1775263","Tilden village, Illinois",38365,2020
"1775276","Tilton village, Illinois",44804,2020
"1775360","Timberlane village, Illinois",170875,2020
"1775419","Time village, Illinois",38750,2020
"1775484","Tinley Park village, Illinois",82163,2020
"1775549","Tiskilwa village, Illinois",41071,2020
"1775601","Toledo village, Illinois",51364,2020
"1775614","Tolono village, Illinois",62788,2020
"1775653","Toluca city, Illinois",57188,2020
"1775718","Tonica village, Illinois",52206,2020
"1775757","Topeka village, Illinois",39500,2020
"1775783","Toulon city, Illinois",39509,2020
"1775809","Tovey village, Illinois",90246,2020
"1775822","Towanda village, Illinois",59250,2020
"1775848","Tower Hill village, Illinois",55588,2020
"1775874","Tower Lakes village, Illinois",143250,2020
"1775965","Tremont village, Illinois",64000,2020
"1775991","Trenton city, Illinois",54138,2020
"1776017","Trilla CDP, Illinois",53661,2020
"1776082","Triumph CDP, Illinois",NA,2020
"1776108","Trivoli CDP, Illinois",71648,2020
"1776160","Trout Valley village, Illinois",190231,2020
"1776199","Troy city, Illinois",76672,2020
"1776225","Troy Grove village, Illinois",73333,2020
"1776407","Tuscola city, Illinois",65827,2020
"1776511","Twin Grove CDP, Illinois",109191,2020
"1776615","Ullin village, Illinois",60208,2020
"1776706","Union village, Illinois",95655,2020
"1776771","Union Hill village, Illinois",64688,2020
"1725895","Ferris village, Illinois",43750,2020
"1725960","Fidelity village, Illinois",28125,2020
"1726012","Fieldon village, Illinois",38750,2020
"1726077","Fillmore village, Illinois",48125,2020
"1726116","Findlay village, Illinois",49432,2020
"1726194","Fisher village, Illinois",71136,2020
"1726233","Fithian village, Illinois",60313,2020
"1726311","Flanagan village, Illinois",62841,2020
"1726350","Flat Rock village, Illinois",41071,2020
"1726454","Flora city, Illinois",49722,2020
"1726467","Floraville CDP, Illinois",NA,2020
"1726480","Florence village, Illinois",35208,2020
"1726571","Flossmoor village, Illinois",107271,2020
"1726662","Foosland village, Illinois",50833,2020
"1726710","Ford Heights village, Illinois",37083,2020
"1726753","Forest City village, Illinois",47083,2020
"1726896","Forest Lake CDP, Illinois",87232,2020
"1726935","Forest Park village, Illinois",70670,2020
"1726987","Forest View village, Illinois",97321,2020
"1727026","Forrest village, Illinois",61058,2020
"1727065","Forreston village, Illinois",57668,2020
"1727091","Forsyth village, Illinois",95865,2020
"1727377","Fowler CDP, Illinois",NA,2020
"1727442","Fox Lake village, Illinois",62615,2020
"1727455","Fox Lake Hills CDP, Illinois",82548,2020
"1727533","Fox River Grove village, Illinois",116442,2020
"1727624","Frankfort village, Illinois",140731,2020
"1727644","Frankfort Square CDP, Illinois",113170,2020
"1727663","Franklin village, Illinois",67500,2020
"1727689","Franklin Grove village, Illinois",46080,2020
"1727702","Franklin Park village, Illinois",67755,2020
"1727728","Franklinville CDP, Illinois",NA,2020
"1727806","Freeburg village, Illinois",64702,2020
"1727858","Freeman Spur village, Illinois",37750,2020
"1727884","Freeport city, Illinois",39787,2020
"1728144","Fulton city, Illinois",49375,2020
"1728170","Fults village, Illinois",76875,2020
"1728248","Gages Lake CDP, Illinois",93837,2020
"1728261","Galatia village, Illinois",48828,2020
"1728300","Galena city, Illinois",57558,2020
"1728326","Galesburg city, Illinois",37322,2020
"1728404","Galt CDP, Illinois",58207,2020
"1728430","Galva city, Illinois",44191,2020
"1728612","Garden Prairie CDP, Illinois",32039,2020
"1728638","Gardner village, Illinois",67441,2020
"1728742","Garrett village, Illinois",46667,2020
"1728807","Gays village, Illinois",62500,2020
"1728846","Geneseo city, Illinois",56211,2020
"1728872","Geneva city, Illinois",116083,2020
"1728898","Genoa city, Illinois",72795,2020
"1728950","Georgetown CDP, Illinois",60060,2020
"1728963","Georgetown city, Illinois",49708,2020
"1729041","Germantown village, Illinois",61364,2020
"1729080","Germantown Hills village, Illinois",120057,2020
"1729093","German Valley village, Illinois",61250,2020
"1729125","Gibson City city, Illinois",44544,2020
"1776935","University Park village, Illinois",62258,2020
"1777005","Urbana city, Illinois",35984,2020
"1777044","Ursa village, Illinois",46719,2020
"1777148","Valier village, Illinois",36500,2020
"1777187","Valley City village, Illinois",NA,2020
"1777265","Valmeyer village, Illinois",82083,2020
"1777317","Vandalia city, Illinois",35862,2020
"1777395","Varna village, Illinois",57222,2020
"1777408","Venedy village, Illinois",55893,2020
"1777460","Venetian Village CDP, Illinois",82631,2020
"1777473","Venice city, Illinois",28681,2020
"1777525","Vergennes village, Illinois",41875,2020
"1777551","Vermilion village, Illinois",60156,2020
"1777642","Vermont village, Illinois",42083,2020
"1777681","Vernon village, Illinois",41563,2020
"1777694","Vernon Hills village, Illinois",100725,2020
"1777707","Verona village, Illinois",42188,2020
"1777720","Versailles village, Illinois",49375,2020
"1777811","Victoria village, Illinois",40250,2020
"1777863","Vienna city, Illinois",30809,2020
"1777941","Villa Grove city, Illinois",53971,2020
"1777993","Villa Park village, Illinois",79314,2020
"1778123","Viola village, Illinois",62045,2020
"1778149","Virden city, Illinois",61726,2020
"1778175","Virgil village, Illinois",83333,2020
"1778201","Virginia city, Illinois",48625,2020
"1778227","Volo village, Illinois",103264,2020
"1778370","Wadsworth village, Illinois",101307,2020
"1778383","Waggoner village, Illinois",60625,2020
"1778526","Walnut village, Illinois",48382,2020
"1778604","Walnut Hill village, Illinois",32917,2020
"1778656","Walshville village, Illinois",52009,2020
"1778708","Waltonville village, Illinois",46563,2020
"1778721","Wamac city, Illinois",32625,2020
"1778773","Wapella village, Illinois",60625,2020
"1778851","Warren village, Illinois",51618,2020
"1778916","Warrensburg village, Illinois",62917,2020
"1778929","Warrenville city, Illinois",86462,2020
"1778942","Warsaw city, Illinois",53920,2020
"1779007","Washburn village, Illinois",55167,2020
"1776875","Unity CDP, Illinois",59464,2020
"1779033","Washington city, Illinois",78608,2020
"1779085","Washington Park village, Illinois",21065,2020
"1779124","Wataga village, Illinois",46250,2020
"1779150","Waterloo city, Illinois",71207,2020
"1779163","Waterman village, Illinois",82500,2020
"1779228","Watseka city, Illinois",38162,2020
"1779241","Watson village, Illinois",57500,2020
"1779267","Wauconda village, Illinois",90019,2020
"1779293","Waukegan city, Illinois",53778,2020
"1779358","Waverly city, Illinois",44405,2020
"1779397","Wayne village, Illinois",132695,2020
"1779436","Wayne City village, Illinois",50607,2020
"1779449","Waynesville village, Illinois",66000,2020
"1779618","Wedron CDP, Illinois",69744,2020
"1779683","Weldon village, Illinois",44688,2020
"1779735","Wellington village, Illinois",37500,2020
"1729145","Gifford village, Illinois",63472,2020
"1729171","Gilberts village, Illinois",96420,2020
"1729236","Gillespie city, Illinois",44934,2020
"1729275","Gilman city, Illinois",56719,2020
"1729340","Gilson CDP, Illinois",105694,2020
"1729392","Girard city, Illinois",44639,2020
"1729431","Gladstone village, Illinois",30250,2020
"1729483","Glasford village, Illinois",59886,2020
"1729496","Glasgow village, Illinois",33036,2020
"1729639","Glen Carbon village, Illinois",84956,2020
"1729652","Glencoe village, Illinois",195600,2020
"1729730","Glendale Heights village, Illinois",70034,2020
"1729756","Glen Ellyn village, Illinois",118208,2020
"1729938","Glenview village, Illinois",118019,2020
"1730029","Glenwood village, Illinois",64857,2020
"1730094","Godfrey village, Illinois",73041,2020
"1730120","Godley village, Illinois",42031,2020
"1730133","Golconda city, Illinois",31953,2020
"1730159","Golden village, Illinois",51979,2020
"1730250","Golden Gate village, Illinois",14146,2020
"1730328","Golf village, Illinois",201875,2020
"1730419","Goodenow CDP, Illinois",NA,2020
"1730445","Goodfield village, Illinois",89167,2020
"1730458","Good Hope village, Illinois",41250,2020
"1730510","Goofy Ridge CDP, Illinois",25667,2020
"1730575","Goreville village, Illinois",58750,2020
"1730588","Gorham village, Illinois",27188,2020
"1730653","Grafton city, Illinois",55625,2020
"1730705","Grand Detour CDP, Illinois",67976,2020
"1730757","Grand Ridge village, Illinois",58056,2020
"1730770","Grand Tower city, Illinois",48500,2020
"1730835","Grandview village, Illinois",41613,2020
"1730900","Grandwood Park CDP, Illinois",127155,2020
"1730926","Granite City city, Illinois",53545,2020
"1730978","Grantfork village, Illinois",85313,2020
"1730991","Grant Park village, Illinois",63688,2020
"1731017","Granville village, Illinois",58382,2020
"1731121","Grayslake village, Illinois",99583,2020
"1731165","Grayville city, Illinois",47222,2020
"1731368","Greenfield city, Illinois",50139,2020
"1731446","Green Oaks village, Illinois",119625,2020
"1731524","Greenup village, Illinois",40139,2020
"1731563","Green Valley village, Illinois",53438,2020
"1731576","Greenview village, Illinois",54659,2020
"1731589","Greenville city, Illinois",40625,2020
"1731667","Greenwood village, Illinois",99167,2020
"1731732","Gridley village, Illinois",59464,2020
"1731771","Griggsville city, Illinois",39907,2020
"1731992","Gulfport village, Illinois",85357,2020
"1732018","Gurnee village, Illinois",100892,2020
"1732200","Hainesville village, Illinois",92396,2020
"1732395","Hamburg village, Illinois",38571,2020
"1732408","Hamel village, Illinois",68333,2020
"1732434","Hamilton city, Illinois",49566,2020
"1732473","Hamlet CDP, Illinois",NA,2020
"1732499","Hammond village, Illinois",62750,2020
"1779826","Wenonah village, Illinois",102500,2020
"1780008","West Brooklyn village, Illinois",65417,2020
"1780047","Westchester village, Illinois",88861,2020
"1780060","West Chicago city, Illinois",77098,2020
"1780073","West City village, Illinois",37813,2020
"1780125","West Dundee village, Illinois",95707,2020
"1780242","Western Springs village, Illinois",184412,2020
"1780255","Westervelt CDP, Illinois",NA,2020
"1780281","Westfield village, Illinois",53421,2020
"1780333","West Frankfort city, Illinois",30938,2020
"1780570","Westlake Village CDP, Illinois",126333,2020
"1780580","West Liberty CDP, Illinois",NA,2020
"1780645","Westmont village, Illinois",69902,2020
"1780736","West Peoria city, Illinois",47984,2020
"1780762","West Point village, Illinois",49167,2020
"1780853","West Salem village, Illinois",47024,2020
"1780879","West Union CDP, Illinois",48929,2020
"1780931","Westville village, Illinois",47614,2020
"1780957","West York CDP, Illinois",11016,2020
"1781048","Wheaton city, Illinois",105764,2020
"1781074","Wheeler village, Illinois",35625,2020
"1781087","Wheeling village, Illinois",71966,2020
"1781165","Whiteash CDP, Illinois",48672,2020
"1781191","White City village, Illinois",54063,2020
"1781256","White Hall city, Illinois",42596,2020
"1781295","White Heath CDP, Illinois",89297,2020
"1781802","Williamsfield village, Illinois",59167,2020
"1781815","Williamson village, Illinois",46875,2020
"1781854","Williamsville village, Illinois",86326,2020
"1781867","Willisville village, Illinois",54125,2020
"1781919","Willowbrook village, Illinois",86364,2020
"1781938","Willowbrook CDP, Illinois",73990,2020
"1782010","Willow Hill village, Illinois",29306,2020
"1782029","Willow Lake CDP, Illinois",63889,2020
"1782049","Willow Springs village, Illinois",98664,2020
"1782075","Wilmette village, Illinois",161765,2020
"1782088","Wilmington village, Illinois",39531,2020
"1782101","Wilmington city, Illinois",57500,2020
"1782218","Wilsonville village, Illinois",48500,2020
"1782257","Wilton Center CDP, Illinois",91500,2020
"1779813","Wenona city, Illinois",35179,2020
"1782270","Winchester city, Illinois",52500,2020
"1782309","Windsor village, Illinois",46382,2020
"1782322","Windsor city, Illinois",48750,2020
"1782400","Winfield village, Illinois",125481,2020
"1782491","Winnebago village, Illinois",83611,2020
"1782530","Winnetka village, Illinois",250001,2020
"1782543","Winslow village, Illinois",53125,2020
"1782686","Winthrop Harbor village, Illinois",82500,2020
"1782725","Witt city, Illinois",36250,2020
"1782855","Wonder Lake village, Illinois",83958,2020
"1782985","Wood Dale city, Illinois",75521,2020
"1783063","Woodhull village, Illinois",57656,2020
"1783102","Woodland village, Illinois",48958,2020
"1783206","Woodlawn village, Illinois",63750,2020
"1783245","Woodridge village, Illinois",88803,2020
"1732525","Hampshire village, Illinois",99635,2020
"1732564","Hampton village, Illinois",73304,2020
"1732616","Hanaford village, Illinois",47250,2020
"1732668","Hanna City village, Illinois",54138,2020
"1732707","Hanover village, Illinois",42941,2020
"1732746","Hanover Park village, Illinois",77367,2020
"1732850","Hardin village, Illinois",55938,2020
"1732876","Harding CDP, Illinois",77750,2020
"1732967","Harmon village, Illinois",32500,2020
"1733019","Harmony CDP, Illinois",NA,2020
"1733136","Harrisburg city, Illinois",34335,2020
"1733162","Harrison CDP, Illinois",48977,2020
"1733227","Harristown village, Illinois",49542,2020
"1733279","Hartford village, Illinois",38580,2020
"1733292","Hartland CDP, Illinois",NA,2020
"1733318","Hartsburg village, Illinois",50625,2020
"1733331","Harvard city, Illinois",51931,2020
"1733357","Harvel village, Illinois",37500,2020
"1733383","Harvey city, Illinois",32635,2020
"1733435","Harwood Heights village, Illinois",67745,2020
"1733513","Havana city, Illinois",45833,2020
"1733630","Hawthorn Woods village, Illinois",206875,2020
"1733695","Hazel Crest village, Illinois",55010,2020
"1733851","Hebron village, Illinois",73523,2020
"1733877","Hecker village, Illinois",68846,2020
"1734007","Henderson village, Illinois",51250,2020
"1734098","Hennepin village, Illinois",64750,2020
"1734137","Henning village, Illinois",65625,2020
"1734163","Henry city, Illinois",49375,2020
"1734272","Heritage Lake CDP, Illinois",87358,2020
"1734332","Herrick village, Illinois",48750,2020
"1734358","Herrin city, Illinois",45713,2020
"1734384","Herscher village, Illinois",67404,2020
"1734423","Hettick village, Illinois",51250,2020
"1734449","Heyworth village, Illinois",71771,2020
"1734514","Hickory Hills city, Illinois",66272,2020
"1734553","Hidalgo village, Illinois",33929,2020
"1734670","Highland city, Illinois",64332,2020
"1734722","Highland Park city, Illinois",147067,2020
"1734865","Highwood city, Illinois",74875,2020
"1734982","Hillcrest village, Illinois",62656,2020
"1735047","Hillsboro city, Illinois",61293,2020
"1735073","Hillsdale village, Illinois",75625,2020
"1735086","Hillside village, Illinois",56019,2020
"1735203","Hillview village, Illinois",38750,2020
"1735268","Hinckley village, Illinois",70278,2020
"1735281","Hindsboro village, Illinois",58750,2020
"1735307","Hinsdale village, Illinois",206701,2020
"1735385","Hodgkins village, Illinois",54792,2020
"1735398","Hoffman village, Illinois",57600,2020
"1735411","Hoffman Estates village, Illinois",92423,2020
"1735463","Holcomb CDP, Illinois",46875,2020
"1735515","Holiday Hills village, Illinois",74375,2020
"1735541","Holiday Shores CDP, Illinois",104038,2020
"1735671","Hollowayville village, Illinois",NA,2020
"1735814","Homer village, Illinois",65347,2020
"1783271","Wood River city, Illinois",50047,2020
"1783336","Woodson village, Illinois",61250,2020
"1783349","Woodstock city, Illinois",69470,2020
"1783505","Worden village, Illinois",64091,2020
"1783518","Worth village, Illinois",59464,2020
"1783622","Wyanet village, Illinois",47454,2020
"1783687","Wyoming city, Illinois",48472,2020
"1783739","Xenia village, Illinois",44167,2020
"1783765","Yale village, Illinois",40208,2020
"1783817","Yates City village, Illinois",50313,2020
"1784038","Yorkville city, Illinois",101245,2020
"1784155","Zeigler city, Illinois",44342,2020
"1784220","Zion city, Illinois",56819,2020
"1735866","Hometown city, Illinois",51487,2020
"1735879","Homewood village, Illinois",77013,2020
"1736061","Hoopeston city, Illinois",36484,2020
"1736074","Hooppole village, Illinois",37917,2020
"1736126","Hopedale village, Illinois",55227,2020
"1736150","Hopewell village, Illinois",83125,2020
"1736190","Hopkins Park village, Illinois",26555,2020
"1736347","Hoyleton village, Illinois",59028,2020
"1736438","Hudson village, Illinois",96538,2020
"1736477","Huey village, Illinois",31500,2020
"1736516","Hull village, Illinois",47292,2020
"1736542","Humboldt village, Illinois",39875,2020
"1736568","Hume village, Illinois",56964,2020
"1736750","Huntley village, Illinois",77420,2020
"1736815","Hurst city, Illinois",28929,2020
"1736841","Hutsonville village, Illinois",46875,2020
"1737062","Illinois City CDP, Illinois",37222,2020
"1737127","Illiopolis village, Illinois",64375,2020
"1737179","Ina village, Illinois",43636,2020
"1737218","Indian Creek village, Illinois",124375,2020
"1737257","Indian Head Park village, Illinois",88496,2020
"1737348","Indianola village, Illinois",68000,2020
"1737439","Industry village, Illinois",54306,2020
"1737465","Ingalls Park CDP, Illinois",53750,2020
"1737608","Inverness village, Illinois",185558,2020
"1737621","Iola village, Illinois",50000,2020
"1737647","Ipava village, Illinois",33958,2020
"1737712","Iroquois village, Illinois",61964,2020
"1737738","Irving village, Illinois",24625,2020
"1737777","Irvington village, Illinois",58438,2020
"1737803","Irwin village, Illinois",66250,2020
"1737894","Island Lake village, Illinois",83970,2020
"1737907","Itasca village, Illinois",99706,2020
"1737933","Iuka village, Illinois",41500,2020
"1737998","Ivesdale village, Illinois",51477,2020
"1738115","Jacksonville city, Illinois",46500,2020
"1738232","Janesville CDP, Illinois",NA,2020
"1738323","Jeffersonville village, Illinois",39063,2020
"1738349","Jeisyville village, Illinois",67500,2020
"1738375","Jerome village, Illinois",51302,2020
"1735835","Homer Glen village, Illinois",108783,2020
"1738414","Jerseyville city, Illinois",57967,2020
"1738427","Jewett village, Illinois",48393,2020
"1738479","Johnsburg village, Illinois",116556,2020
"1738531","Johnsonville village, Illinois",28214,2020
"1738544","Johnston City city, Illinois",37500,2020
"1738570","Joliet city, Illinois",72871,2020
"1738635","Jonesboro city, Illinois",37355,2020
"1738674","Joppa village, Illinois",29792,2020
"1738726","Joslin CDP, Illinois",NA,2020
"1738739","Joy village, Illinois",50156,2020
"1738778","Junction village, Illinois",29464,2020
"1738791","Junction City village, Illinois",45750,2020
"1738830","Justice village, Illinois",57523,2020
"1738856","Kampsville village, Illinois",49583,2020
"1738869","Kane village, Illinois",31875,2020
"1738895","Kaneville village, Illinois",64688,2020
"1738921","Kangley village, Illinois",52857,2020
"1738934","Kankakee city, Illinois",38763,2020
"1738986","Kansas village, Illinois",36375,2020
"1739038","Kappa village, Illinois",87500,2020
"1739077","Karnak village, Illinois",35521,2020
"1739129","Kaskaskia village, Illinois",NA,2020
"1739233","Keenes village, Illinois",45341,2020
"1739259","Keensburg village, Illinois",59750,2020
"1739298","Keithsburg city, Illinois",37143,2020
"1739324","Kell village, Illinois",36667,2020
"1739441","Kempton village, Illinois",60703,2020
"1739519","Kenilworth village, Illinois",241591,2020
"1739532","Kenney village, Illinois",60536,2020
"1739727","Kewanee city, Illinois",40196,2020
"1739753","Keyesport village, Illinois",33629,2020
"1739857","Kilbourne village, Illinois",33750,2020
"1739883","Kildeer village, Illinois",212500,2020
"1739909","Kincaid village, Illinois",57139,2020
"1739922","Kinderhook village, Illinois",65268,2020
"1739987","Kings CDP, Illinois",61250,2020
"1740052","Kingston CDP, Illinois",NA,2020
"1740065","Kingston village, Illinois",84375,2020
"1740091","Kingston Mines village, Illinois",51250,2020
"1740117","Kinmundy city, Illinois",31111,2020
"1740143","Kinsman village, Illinois",81875,2020
"1740156","Kirkland village, Illinois",63708,2020
"1740182","Kirkwood village, Illinois",51094,2020
"1740364","Knollwood CDP, Illinois",126250,2020
"1740416","Knoxville city, Illinois",63750,2020
"1740520","La Clede CDP, Illinois",NA,2020
"1740559","Lacon city, Illinois",52188,2020
"1740598","Ladd village, Illinois",59737,2020
"1740676","La Fayette village, Illinois",34792,2020
"1740767","La Grange village, Illinois",122629,2020
"1740793","La Grange Park village, Illinois",107945,2020
"1740832","La Harpe city, Illinois",37361,2020
"1740884","Lake Barrington village, Illinois",105651,2020
"1740910","Lake Bluff village, Illinois",174444,2020
"1740962","Lake Camelot CDP, Illinois",102586,2020
"1740980","Lake Carroll CDP, Illinois",84048,2020
"1740988","Lake Catherine CDP, Illinois",78889,2020
"1741040","Lake City CDP, Illinois",65750,2020
"1741105","Lake Forest city, Illinois",189118,2020
"1741157","Lake Holiday CDP, Illinois",82195,2020
"1741183","Lake in the Hills village, Illinois",96470,2020
"1741214","Lake Ka-Ho village, Illinois",41875,2020
"1741326","Lakemoor village, Illinois",80966,2020
"1741346","Lake of the Woods CDP, Illinois",59257,2020
"1741404","Lake Petersburg CDP, Illinois",96750,2020
"1741456","Lake Summerset CDP, Illinois",91538,2020
"1741586","Lake Villa village, Illinois",105639,2020
"1741651","Lakewood village, Illinois",149583,2020
"1741677","Lakewood CDP, Illinois",NA,2020
"1741716","Lakewood Shores CDP, Illinois",66417,2020
"1741742","Lake Zurich village, Illinois",113467,2020
"1741859","Lanark city, Illinois",47917,2020
"1741950","Lane CDP, Illinois",57813,2020
"1742002","Langleyville CDP, Illinois",60221,2020
"1742028","Lansing village, Illinois",57659,2020
"1742067","LaPlace CDP, Illinois",71875,2020
"1742080","La Prairie village, Illinois",68056,2020
"1742171","La Rose village, Illinois",27500,2020
"1742184","LaSalle city, Illinois",53208,2020
"1742249","Latham village, Illinois",54309,2020
"1742392","Lawrence CDP, Illinois",98977,2020
"1742405","Lawrenceville city, Illinois",41004,2020
"1742457","Leaf River village, Illinois",60000,2020
"1742496","Lebanon city, Illinois",61298,2020
"1742587","Lee village, Illinois",82500,2020
"1742600","Lee Center CDP, Illinois",NA,2020
"1742756","Leland village, Illinois",60197,2020
"1742769","Leland Grove city, Illinois",111458,2020
"1742795","Lemont village, Illinois",114509,2020
"1742834","Lena village, Illinois",56118,2020
"1742860","Lenzburg village, Illinois",40000,2020
"1742912","Leonore village, Illinois",NA,2020
"1742938","Lerna village, Illinois",44286,2020
"1742971","Le Roy city, Illinois",79250,2020
"1743055","Lewistown city, Illinois",52393,2020
"1743094","Lexington city, Illinois",82757,2020
"1743133","Liberty village, Illinois",63333,2020
"1743250","Libertyville village, Illinois",150580,2020
"1743406","Lily Lake village, Illinois",119792,2020
"1743445","Lima village, Illinois",58750,2020
"1743510","Limestone village, Illinois",90750,2020
"1743536","Lincoln city, Illinois",48510,2020
"1743666","Lincolnshire village, Illinois",130076,2020
"1743744","Lincolnwood village, Illinois",90422,2020
"1743770","Lindenhurst village, Illinois",115495,2020
"1743900","Lisbon village, Illinois",63750,2020
"1743939","Lisle village, Illinois",96945,2020
"1743965","Litchfield city, Illinois",45772,2020
"1743978","Literberry CDP, Illinois",NA,2020
"1744056","Littleton village, Illinois",52250,2020
"1741794","La Moille village, Illinois",60288,2020
"1744082","Little York village, Illinois",44063,2020
"1744121","Liverpool village, Illinois",50625,2020
"1744160","Livingston village, Illinois",56500,2020
"1744173","Loami village, Illinois",54167,2020
"1744225","Lockport city, Illinois",87817,2020
"1744244","Lockport Heights CDP, Illinois",82847,2020
"1744264","Loda village, Illinois",50714,2020
"1744381","Lomax village, Illinois",41250,2020
"1744407","Lombard village, Illinois",86167,2020
"1744446","London Mills village, Illinois",43750,2020
"1744498","Long Creek village, Illinois",78977,2020
"1744524","Long Grove village, Illinois",207188,2020
"1744550","Long Lake CDP, Illinois",95764,2020
"1744576","Long Point village, Illinois",61875,2020
"1744602","Longview village, Illinois",26667,2020
"1744719","Loraine village, Illinois",49258,2020
"1744784","Lorenzo CDP, Illinois",NA,2020
"1744823","Lostant village, Illinois",64643,2020
"1744836","Lost Nation CDP, Illinois",112697,2020
"1744927","Louisville village, Illinois",35298,2020
"1745031","Loves Park city, Illinois",57096,2020
"1745044","Lovington village, Illinois",47125,2020
"1745109","Lowpoint CDP, Illinois",52292,2020
"1745174","Ludlow village, Illinois",47679,2020
"1745278","Lyndon village, Illinois",37344,2020
"1745343","Lynn Center CDP, Illinois",NA,2020
"1745369","Lynnville village, Illinois",45000,2020
"1745421","Lynwood village, Illinois",76154,2020
"1745434","Lyons village, Illinois",66005,2020
"1745525","McClure village, Illinois",42614,2020
"1745564","McCook village, Illinois",75417,2020
"1745616","McCullom Lake village, Illinois",62430,2020
"1745642","Macedonia village, Illinois",NA,2020
"1745694","McHenry city, Illinois",77004,2020
"1745726","Machesney Park village, Illinois",64263,2020
"1745785","Mackinaw village, Illinois",66154,2020
"1745811","McLean village, Illinois",69250,2020
"1745824","McLeansboro city, Illinois",55714,2020
"1745850","McNabb village, Illinois",68125,2020
"1745889","Macomb city, Illinois",34467,2020
"1745941","Macon city, Illinois",64766,2020
"1745993","Madison city, Illinois",30592,2020
"1746058","Maeystown village, Illinois",82500,2020
"1746110","Magnolia village, Illinois",53750,2020
"1746136","Mahomet village, Illinois",113871,2020
"1746214","Makanda village, Illinois",68958,2020
"1746240","Malden village, Illinois",49688,2020
"1746279","Malta village, Illinois",73250,2020
"1746331","Manchester village, Illinois",47031,2020
"1746357","Manhattan village, Illinois",105726,2020
"1746383","Manito village, Illinois",53194,2020
"1746422","Manlius village, Illinois",47321,2020
"1746487","Mansfield village, Illinois",60962,2020
"1746500","Manteno village, Illinois",71576,2020
"1746604","Maple Park village, Illinois",90833,2020
"1746643","Mapleton village, Illinois",55380,2020
"1746695","Maquon village, Illinois",48250,2020
"1746734","Marcelline CDP, Illinois",NA,2020
"1746786","Marengo city, Illinois",69688,2020
"1746825","Marietta village, Illinois",48750,2020
"1746864","Marine village, Illinois",63750,2020
"1746916","Marion city, Illinois",44929,2020
"1746955","Marissa village, Illinois",43512,2020
"1746981","Mark village, Illinois",72500,2020
"1747007","Markham city, Illinois",42050,2020
"1747046","Marley CDP, Illinois",81615,2020
"1747072","Maroa city, Illinois",62708,2020
"1747111","Marquette Heights city, Illinois",59250,2020
"1747150","Marseilles city, Illinois",51835,2020
"1747163","Marshall city, Illinois",51201,2020
"1747254","Martinsville city, Illinois",46875,2020
"1747280","Martinton village, Illinois",65625,2020
"1747397","Maryville village, Illinois",84293,2020
"1747423","Mascoutah city, Illinois",74937,2020
"1747475","Mason City city, Illinois",40714,2020
"1747527","Matherville village, Illinois",55536,2020
"1747540","Matteson village, Illinois",84611,2020
"1747553","Mattoon city, Illinois",40576,2020
"1747592","Maunie village, Illinois",45000,2020
"1747774","Maywood village, Illinois",56623,2020
"1747787","Mazon village, Illinois",60966,2020
"1748021","Mechanicsburg village, Illinois",80972,2020
"1748073","Media village, Illinois",63864,2020
"1748138","Medora village, Illinois",56250,2020
"1748242","Melrose Park village, Illinois",53596,2020
"1748268","Melvin village, Illinois",46071,2020
"1748307","Mendon village, Illinois",56000,2020
"1748333","Mendota city, Illinois",58974,2020
"1748359","Menominee village, Illinois",95000,2020
"1748424","Meredosia village, Illinois",49688,2020
"1748554","Merrionette Park village, Illinois",43047,2020
"1748567","Merritt CDP, Illinois",NA,2020
"1748606","Metamora village, Illinois",77050,2020
"1748632","Metcalf village, Illinois",45919,2020
"1748645","Metropolis city, Illinois",40883,2020
"1748671","Mettawa village, Illinois",123125,2020
"1748684","Meyer CDP, Illinois",NA,2020
"1748853","Middletown village, Illinois",51477,2020
"1748892","Midlothian village, Illinois",61067,2020
"1749009","Milan village, Illinois",56193,2020
"1749048","Milford village, Illinois",47830,2020
"1749100","Millbrook village, Illinois",91875,2020
"1749178","Mill Creek village, Illinois",NA,2020
"1749191","Milledgeville village, Illinois",43661,2020
"1749243","Millersburg CDP, Illinois",NA,2020
"1749308","Millington village, Illinois",74063,2020
"1749347","Mill Shoals village, Illinois",50000,2020
"1749386","Millstadt village, Illinois",78379,2020
"1749477","Milton village, Illinois",34063,2020
"1749516","Mineral village, Illinois",38125,2020
"1749555","Minier village, Illinois",59886,2020
"1749568","Minonk city, Illinois",55515,2020
"1749607","Minooka village, Illinois",97097,2020
"1749698","Mitchell CDP, Illinois",62941,2020
"1747449","Mason town, Illinois",53750,2020
"1749802","Modesto village, Illinois",59375,2020
"1749854","Mokena village, Illinois",109935,2020
"1749867","Moline city, Illinois",57475,2020
"1749893","Momence city, Illinois",45188,2020
"1749945","Monee village, Illinois",76638,2020
"1750010","Monmouth city, Illinois",50740,2020
"1750062","Monroe Center village, Illinois",75833,2020
"1750218","Montgomery village, Illinois",99208,2020
"1750244","Monticello city, Illinois",76667,2020
"1750283","Montrose village, Illinois",45469,2020
"1750452","Moro CDP, Illinois",47042,2020
"1750491","Morris city, Illinois",61419,2020
"1750530","Morrison city, Illinois",58958,2020
"1750543","Morrisonville village, Illinois",64219,2020
"1750621","Morton village, Illinois",78979,2020
"1750647","Morton Grove village, Illinois",87063,2020
"1700113","Abingdon city, Illinois",43171,2020
"1700178","Adair CDP, Illinois",78026,2020
"1700191","Adams CDP, Illinois",NA,2020
"1700230","Addieville village, Illinois",92841,2020
"1700243","Addison village, Illinois",68534,2020
"1700295","Adeline village, Illinois",50833,2020
"1700516","Albany village, Illinois",72857,2020
"1700555","Albers village, Illinois",94375,2020
"1700568","Albion city, Illinois",43971,2020
"1700594","Alden CDP, Illinois",NA,2020
"1700646","Aledo city, Illinois",50617,2020
"1700659","Alexander CDP, Illinois",64500,2020
"1700672","Alexis village, Illinois",59000,2020
"1700685","Algonquin village, Illinois",109819,2020
"1700737","Alhambra village, Illinois",50714,2020
"1700815","Allendale village, Illinois",62188,2020
"1700867","Allenville village, Illinois",53611,2020
"1700880","Allerton village, Illinois",60208,2020
"1700919","Alma village, Illinois",36250,2020
"1700958","Alorton village, Illinois",19764,2020
"1700971","Alpha village, Illinois",67813,2020
"1700997","Alsey village, Illinois",39250,2020
"1701010","Alsip village, Illinois",58768,2020
"1701049","Altamont city, Illinois",48359,2020
"1701114","Alton city, Illinois",43291,2020
"1701140","Altona village, Illinois",59583,2020
"1701205","Alto Pass village, Illinois",50000,2020
"1701242","Alvin village, Illinois",58056,2020
"1701270","Amboy city, Illinois",59815,2020
"1701361","Anchor village, Illinois",60781,2020
"1701426","Andalusia village, Illinois",68000,2020
"1701491","Andover village, Illinois",57344,2020
"1701517","Andres CDP, Illinois",NA,2020
"1701543","Anna city, Illinois",36303,2020
"1701556","Annapolis CDP, Illinois",45625,2020
"1701569","Annawan town, Illinois",51250,2020
"1701595","Antioch village, Illinois",103659,2020
"1701647","Apple Canyon Lake CDP, Illinois",79844,2020
"1701673","Apple River village, Illinois",42778,2020
"1701803","Arbury Hills CDP, Illinois",95595,2020
"1701881","Arcola city, Illinois",60720,2020
"1701946","Arenzville village, Illinois",81250,2020
"1701972","Argenta village, Illinois",61905,2020
"1702050","Argyle CDP, Illinois",139821,2020
"1702102","Arlington village, Illinois",73750,2020
"1750751","Mound City city, Illinois",41364,2020
"1750777","Mounds city, Illinois",26645,2020
"1750790","Mound Station village, Illinois",70625,2020
"1750829","Mount Auburn village, Illinois",49904,2020
"1750868","Mount Carmel city, Illinois",41675,2020
"1750881","Mount Carroll city, Illinois",54821,2020
"1750920","Mount Clare village, Illinois",31250,2020
"1750933","Mount Erie village, Illinois",38125,2020
"1750998","Mount Morris village, Illinois",42962,2020
"1751024","Mount Olive city, Illinois",42685,2020
"1751089","Mount Prospect village, Illinois",84353,2020
"1751128","Mount Pulaski city, Illinois",60674,2020
"1751154","Mount Sterling city, Illinois",45536,2020
"1751180","Mount Vernon city, Illinois",42194,2020
"1751206","Mount Zion village, Illinois",79154,2020
"1751232","Moweaqua village, Illinois",61250,2020
"1751271","Muddy village, Illinois",NA,2020
"1751284","Mulberry Grove village, Illinois",40800,2020
"1751310","Mulkeytown CDP, Illinois",NA,2020
"1751336","Muncie village, Illinois",68125,2020
"1751349","Mundelein village, Illinois",91535,2020
"1751453","Murphysboro city, Illinois",37929,2020
"1751479","Murrayville village, Illinois",50938,2020
"1751544","Nachusa CDP, Illinois",NA,2020
"1751622","Naperville city, Illinois",127648,2020
"1751648","Naplate village, Illinois",45673,2020
"1751661","Naples town, Illinois",NA,2020
"1751700","Nashville city, Illinois",56019,2020
"1751726","Nason city, Illinois",45833,2020
"1751791","Nauvoo city, Illinois",50938,2020
"1751882","Nebo village, Illinois",35625,2020
"1751934","Nekoma CDP, Illinois",NA,2020
"1751947","Nelson village, Illinois",33750,2020
"1751986","Neoga city, Illinois",50694,2020
"1751999","Neponset village, Illinois",54750,2020
"1752103","Newark village, Illinois",101750,2020
"1752116","New Athens village, Illinois",69100,2020
"1752142","New Baden village, Illinois",79412,2020
"1752155","New Bedford village, Illinois",47500,2020
"1752168","New Berlin village, Illinois",69773,2020
"1750699","Mossville CDP, Illinois",85379,2020
"1752220","New Boston city, Illinois",41458,2020
"1752285","New Burnside village, Illinois",30909,2020
"1752311","New Canton town, Illinois",30938,2020
"1752415","New Douglas village, Illinois",44375,2020
"1752467","New Grand Chain village, Illinois",34375,2020
"1752506","New Haven village, Illinois",39375,2020
"1752545","New Holland village, Illinois",77083,2020
"1752584","New Lenox village, Illinois",115327,2020
"1752623","Newman city, Illinois",58125,2020
"1752701","New Milford village, Illinois",57000,2020
"1752714","New Minden village, Illinois",61250,2020
"1752805","New Salem village, Illinois",49125,2020
"1752844","Newton city, Illinois",43293,2020
"1752961","Niantic village, Illinois",53500,2020
"1753000","Niles village, Illinois",63490,2020
"1702154","Arlington Heights village, Illinois",100221,2020
"1702206","Armington village, Illinois",41250,2020
"1702258","Aroma Park village, Illinois",48750,2020
"1702342","Arrowsmith village, Illinois",68750,2020
"1702414","Arthur village, Illinois",62250,2020
"1702479","Ashkum village, Illinois",55625,2020
"1702505","Ashland village, Illinois",60104,2020
"1702531","Ashley city, Illinois",40125,2020
"1702557","Ashmore village, Illinois",46307,2020
"1702583","Ashton village, Illinois",53125,2020
"1702609","Assumption city, Illinois",46563,2020
"1702635","Astoria town, Illinois",38068,2020
"1702674","Athens city, Illinois",78194,2020
"1702726","Atkinson town, Illinois",47833,2020
"1702752","Atlanta city, Illinois",55694,2020
"1702882","Atwood village, Illinois",48750,2020
"1702921","Auburn city, Illinois",71537,2020
"1702986","Augusta village, Illinois",36921,2020
"1703012","Aurora city, Illinois",74659,2020
"1703103","Ava city, Illinois",47262,2020
"1703181","Aviston village, Illinois",81198,2020
"1703207","Avon village, Illinois",35833,2020
"1703337","Baileyville CDP, Illinois",52188,2020
"1703454","Baldwin village, Illinois",39904,2020
"1703571","Banner village, Illinois",47188,2020
"1703610","Bannockburn village, Illinois",115833,2020
"1703675","Bardolph village, Illinois",21750,2020
"1703844","Barrington village, Illinois",112794,2020
"1703883","Barrington Hills village, Illinois",157414,2020
"1703948","Barry city, Illinois",45139,2020
"1703987","Barstow CDP, Illinois",51667,2020
"1704000","Bartelso village, Illinois",82361,2020
"1704013","Bartlett village, Illinois",109980,2020
"1704039","Bartonville village, Illinois",56515,2020
"1704052","Basco village, Illinois",40313,2020
"1704078","Batavia city, Illinois",97995,2020
"1704117","Batchtown village, Illinois",67917,2020
"1704156","Bath village, Illinois",42813,2020
"1704247","Baylis village, Illinois",53750,2020
"1704273","Bay View Gardens village, Illinois",36080,2020
"1704303","Beach Park village, Illinois",71250,2020
"1704351","Beardstown city, Illinois",43425,2020
"1704403","Beason CDP, Illinois",39583,2020
"1704507","Beaverville village, Illinois",49464,2020
"1704533","Beckemeyer village, Illinois",51719,2020
"1704572","Bedford Park village, Illinois",99375,2020
"1704585","Beecher village, Illinois",86576,2020
"1704598","Beecher City village, Illinois",42679,2020
"1704689","Belgium village, Illinois",41667,2020
"1704715","Belknap village, Illinois",42500,2020
"1704793","Belle Prairie City town, Illinois",NA,2020
"1704806","Belle Rive village, Illinois",45192,2020
"1704845","Belleville city, Illinois",52843,2020
"1704871","Bellevue village, Illinois",50550,2020
"1704897","Bellflower village, Illinois",57083,2020
"1704936","Bellmont village, Illinois",42083,2020
"1753078","Niota CDP, Illinois",48750,2020
"1753143","Noble village, Illinois",40500,2020
"1753169","Nokomis city, Illinois",52500,2020
"1753195","Nora village, Illinois",44263,2020
"1753234","Normal town, Illinois",58381,2020
"1753377","Norridge village, Illinois",78300,2020
"1753390","Norris village, Illinois",51875,2020
"1753403","Norris City village, Illinois",33250,2020
"1753442","North Aurora village, Illinois",90315,2020
"1753455","North Barrington village, Illinois",197188,2020
"1753481","Northbrook village, Illinois",128883,2020
"1753559","North Chicago city, Illinois",47213,2020
"1753585","North City village, Illinois",57500,2020
"1753663","Northfield village, Illinois",143661,2020
"1753793","North Henderson village, Illinois",74107,2020
"1753871","Northlake city, Illinois",60495,2020
"1754092","North Pekin village, Illinois",64866,2020
"1754144","North Riverside village, Illinois",55879,2020
"1754222","North Utica village, Illinois",87946,2020
"1754404","Norwood village, Illinois",63500,2020
"1754534","Oak Brook village, Illinois",140743,2020
"1754560","Oakbrook Terrace city, Illinois",61563,2020
"1754586","Oakdale village, Illinois",80893,2020
"1754625","Oakford village, Illinois",57250,2020
"1754638","Oak Forest city, Illinois",78865,2020
"1754703","Oak Grove village, Illinois",29167,2020
"1754781","Oakland city, Illinois",41806,2020
"1754820","Oak Lawn village, Illinois",69352,2020
"1754885","Oak Park village, Illinois",96945,2020
"1754924","Oak Run CDP, Illinois",86250,2020
"1755002","Oakwood village, Illinois",45602,2020
"1755041","Oakwood Hills village, Illinois",104375,2020
"1755106","Oblong village, Illinois",47560,2020
"1755132","Oconee village, Illinois",59167,2020
"1755171","Odell village, Illinois",44792,2020
"1755210","Odin village, Illinois",36113,2020
"1755249","O'Fallon city, Illinois",90432,2020
"1755275","Ogden village, Illinois",62500,2020
"1755353","Oglesby city, Illinois",61250,2020
"1753039","Nilwood town, Illinois",47292,2020
"1755379","Ohio village, Illinois",60208,2020
"1755418","Ohlman village, Illinois",42679,2020
"1755470","Okawville village, Illinois",72330,2020
"1755639","Old Mill Creek village, Illinois",100648,2020
"1755717","Old Ripley village, Illinois",69167,2020
"1755756","Old Shawneetown village, Illinois",16667,2020
"1755847","Olive Branch CDP, Illinois",46339,2020
"1755886","Olivet CDP, Illinois",60521,2020
"1755899","Olmsted village, Illinois",22500,2020
"1755912","Olney city, Illinois",49650,2020
"1755938","Olympia Fields village, Illinois",93350,2020
"1756003","Omaha village, Illinois",45375,2020
"1756081","Onarga village, Illinois",48024,2020
"1756159","Oneida city, Illinois",56705,2020
"1756198","Opdyke CDP, Illinois",63750,2020
"1756211","Ophiem CDP, Illinois",61538,2020
"1705092","Belvidere city, Illinois",52609,2020
"1705144","Bement village, Illinois",47917,2020
"1705209","Benld city, Illinois",41786,2020
"1705248","Bensenville village, Illinois",64401,2020
"1705261","Benson village, Illinois",66100,2020
"1705274","Bentley town, Illinois",74375,2020
"1705300","Benton city, Illinois",44795,2020
"1705404","Berkeley village, Illinois",71025,2020
"1705443","Berlin village, Illinois",63125,2020
"1705573","Berwyn city, Illinois",61915,2020
"1705599","Bethalto village, Illinois",66834,2020
"1705612","Bethany village, Illinois",44924,2020
"1705729","Beverly CDP, Illinois",NA,2020
"1705859","Big Foot Prairie CDP, Illinois",NA,2020
"1705898","Biggsville village, Illinois",87143,2020
"1705976","Big Rock village, Illinois",106375,2020
"1706028","Bingham village, Illinois",44583,2020
"1706171","Bishop Hill village, Illinois",NA,2020
"1706184","Bismarck village, Illinois",58393,2020
"1706444","Blairsville CDP, Illinois",57955,2020
"1706470","Blandinsville village, Illinois",41667,2020
"1706565","Bloomfield CDP, Illinois",NA,2020
"1706587","Bloomingdale village, Illinois",87397,2020
"1706613","Bloomington city, Illinois",66861,2020
"1706704","Blue Island city, Illinois",51859,2020
"1706756","Blue Mound village, Illinois",49877,2020
"1706899","Bluffs village, Illinois",62656,2020
"1706964","Bluford village, Illinois",49911,2020
"1707133","Bolingbrook village, Illinois",92184,2020
"1707211","Bondville village, Illinois",53750,2020
"1707224","Bone Gap village, Illinois",41250,2020
"1707237","Bonfield village, Illinois",68750,2020
"1707263","Bonnie village, Illinois",59000,2020
"1707276","Bonnie Brae CDP, Illinois",74511,2020
"1707315","Boody CDP, Illinois",51417,2020
"1707419","Boulder Hill CDP, Illinois",69227,2020
"1707471","Bourbonnais village, Illinois",76920,2020
"1707510","Bowen village, Illinois",58929,2020
"1707640","Braceville village, Illinois",76667,2020
"1707692","Bradford village, Illinois",53333,2020
"1704975","Bellwood village, Illinois",63006,2020
"1707744","Bradley village, Illinois",54824,2020
"1707770","Braidwood city, Illinois",67057,2020
"1707913","Breese city, Illinois",70411,2020
"1708186","Bridgeport city, Illinois",58085,2020
"1708225","Bridgeview village, Illinois",55102,2020
"1708264","Brighton village, Illinois",61167,2020
"1708303","Brimfield village, Illinois",54821,2020
"1708420","Broadlands village, Illinois",53500,2020
"1708446","Broadview village, Illinois",54537,2020
"1708472","Broadwell village, Illinois",56607,2020
"1708524","Brocton village, Illinois",51591,2020
"1708576","Brookfield village, Illinois",84891,2020
"1708667","Brooklyn village, Illinois",19188,2020
"1708706","Brookport city, Illinois",32961,2020
"1708875","Broughton village, Illinois",23571,2020
"1756237","Oquawka village, Illinois",40898,2020
"1756341","Orangeville village, Illinois",53550,2020
"1756471","Oreana village, Illinois",74643,2020
"1756484","Oregon city, Illinois",58125,2020
"1756536","Orient city, Illinois",35234,2020
"1756601","Orion village, Illinois",68625,2020
"1756627","Orland Hills village, Illinois",82337,2020
"1756640","Orland Park village, Illinois",84676,2020
"1756796","Osco CDP, Illinois",116923,2020
"1756887","Oswego village, Illinois",97330,2020
"1756926","Ottawa city, Illinois",53544,2020
"1756978","Otterville town, Illinois",53264,2020
"1757043","Owaneco village, Illinois",64063,2020
"1757121","Oxville CDP, Illinois",NA,2020
"1757160","Paderborn CDP, Illinois",NA,2020
"1757225","Palatine village, Illinois",83495,2020
"1757277","Palestine village, Illinois",41700,2020
"1757303","Palmer village, Illinois",65625,2020
"1757329","Palmyra village, Illinois",31563,2020
"1757342","Paloma CDP, Illinois",NA,2020
"1757381","Palos Heights city, Illinois",90995,2020
"1757394","Palos Hills city, Illinois",64364,2020
"1757407","Palos Park village, Illinois",114020,2020
"1757472","Pana city, Illinois",47701,2020
"1757498","Panama village, Illinois",55114,2020
"1757524","Panola village, Illinois",NA,2020
"1757576","Papineau village, Illinois",42750,2020
"1757628","Paris city, Illinois",42446,2020
"1757654","Park City city, Illinois",50860,2020
"1757693","Parkersburg village, Illinois",35000,2020
"1757732","Park Forest village, Illinois",56393,2020
"1757875","Park Ridge city, Illinois",113809,2020
"1758057","Patoka village, Illinois",52917,2020
"1758174","Pawnee village, Illinois",69891,2020
"1758226","Paw Paw village, Illinois",51696,2020
"1758239","Paxton city, Illinois",51716,2020
"1758265","Payson village, Illinois",62813,2020
"1758343","Pearl village, Illinois",47188,2020
"1758369","Pearl City village, Illinois",66458,2020
"1758408","Pecatonica village, Illinois",62250,2020
"1758447","Pekin city, Illinois",50552,2020
"1758577","Penfield CDP, Illinois",76250,2020
"1759000","Peoria city, Illinois",51736,2020
"1759026","Peoria Heights village, Illinois",45921,2020
"1759052","Peotone village, Illinois",80606,2020
"1759104","Percy village, Illinois",36163,2020
"1759156","Perry village, Illinois",31750,2020
"1759234","Peru city, Illinois",52635,2020
"1759273","Pesotum village, Illinois",76339,2020
"1759312","Petersburg city, Illinois",62574,2020
"1759520","Phillipstown village, Illinois",50000,2020
"1759533","Philo village, Illinois",91156,2020
"1759572","Phoenix village, Illinois",30455,2020
"1759709","Pierron village, Illinois",70313,2020
"1759884","Pinckneyville city, Illinois",29942,2020
"1759988","Pingree Grove village, Illinois",89683,2020
"1760079","Piper City village, Illinois",36310,2020
"1708953","Browning village, Illinois",57500,2020
"1708979","Browns village, Illinois",63125,2020
"1708992","Brownstown village, Illinois",47171,2020
"1709148","Brussels village, Illinois",NA,2020
"1709161","Bryant village, Illinois",47188,2020
"1709304","Buckingham village, Illinois",63750,2020
"1709317","Buckley village, Illinois",57750,2020
"1709330","Buckner village, Illinois",38542,2020
"1709356","Buda village, Illinois",42250,2020
"1709434","Buffalo village, Illinois",52750,2020
"1709447","Buffalo Grove village, Illinois",117921,2020
"1709499","Buffalo Prairie CDP, Illinois",NA,2020
"1709531","Bull Valley village, Illinois",95556,2020
"1709538","Bulpitt village, Illinois",59250,2020
"1709551","Buncombe village, Illinois",45000,2020
"1709577","Bunker Hill city, Illinois",53606,2020
"1709642","Burbank city, Illinois",70052,2020
"1709681","Bureau Junction village, Illinois",67500,2020
"1709759","Burlington village, Illinois",80833,2020
"1709798","Burnham village, Illinois",46382,2020
"1709889","Burnt Prairie village, Illinois",58438,2020
"1709980","Burr Ridge village, Illinois",151900,2020
"1710006","Burton CDP, Illinois",NA,2020
"1710045","Burtons Bridge CDP, Illinois",64271,2020
"1710084","Bush village, Illinois",67639,2020
"1710110","Bushnell city, Illinois",46667,2020
"1710149","Butler village, Illinois",44091,2020
"1710240","Byron city, Illinois",66607,2020
"1710292","Cabery village, Illinois",52344,2020
"1710305","Cable CDP, Illinois",NA,2020
"1710370","Cahokia village, Illinois",30299,2020
"1710383","Cairo city, Illinois",27661,2020
"1710422","Caledonia village, Illinois",73958,2020
"1710448","Calhoun village, Illinois",40625,2020
"1710487","Calumet City city, Illinois",50640,2020
"1710513","Calumet Park village, Illinois",50049,2020
"1710591","Camargo village, Illinois",60469,2020
"1710630","Cambria village, Illinois",44375,2020
"1710643","Cambridge village, Illinois",66250,2020
"1710695","Camden village, Illinois",NA,2020
"1710747","Cameron CDP, Illinois",49439,2020
"1710773","Campbell Hill village, Illinois",58125,2020
"1710786","Campbell's Island CDP, Illinois",58304,2020
"1710877","Camp Point village, Illinois",52794,2020
"1710906","Campton Hills village, Illinois",173503,2020
"1710916","Campus village, Illinois",81250,2020
"1710936","Candlewick Lake CDP, Illinois",78744,2020
"1711007","Canton city, Illinois",46362,2020
"1711033","Cantrall village, Illinois",73125,2020
"1711124","Capron village, Illinois",67316,2020
"1711150","Carbon Cliff village, Illinois",37500,2020
"1711163","Carbondale city, Illinois",24093,2020
"1711176","Carbon Hill village, Illinois",66250,2020
"1711202","Carlinville city, Illinois",46754,2020
"1711215","Carlock village, Illinois",69167,2020
"1711228","Carlyle city, Illinois",54750,2020
"1760209","Pittsburg village, Illinois",50114,2020
"1760222","Pittsfield city, Illinois",38573,2020
"1760287","Plainfield village, Illinois",131241,2020
"1760339","Plainville village, Illinois",50500,2020
"1760352","Plano city, Illinois",79113,2020
"1760391","Plattville village, Illinois",87083,2020
"1760534","Pleasant Hill village, Illinois",44234,2020
"1760599","Pleasant Plains village, Illinois",68750,2020
"1760826","Plum Valley CDP, Illinois",179375,2020
"1760833","Plymouth village, Illinois",47083,2020
"1760872","Pocahontas village, Illinois",51375,2020
"1760937","Polo city, Illinois",41667,2020
"1761015","Pontiac city, Illinois",49458,2020
"1761067","Pontoon Beach village, Illinois",56005,2020
"1761080","Pontoosuc village, Illinois",42500,2020
"1761145","Poplar Grove village, Illinois",74896,2020
"1761216","Port Barrington village, Illinois",144531,2020
"1761223","Port Byron village, Illinois",81618,2020
"1761314","Posen village, Illinois",47378,2020
"1761366","Potomac village, Illinois",50333,2020
"1761548","Prairie City village, Illinois",35625,2020
"1761639","Prairie du Rocher village, Illinois",50000,2020
"1761678","Prairie Grove village, Illinois",109306,2020
"1761743","Prairietown CDP, Illinois",90274,2020
"1761782","Preemption CDP, Illinois",61563,2020
"1761821","Prestbury CDP, Illinois",112155,2020
"1761860","Preston Heights CDP, Illinois",37130,2020
"1761899","Princeton city, Illinois",51844,2020
"1761925","Princeville village, Illinois",58542,2020
"1761977","Prophetstown city, Illinois",60294,2020
"1762016","Prospect Heights city, Illinois",72500,2020
"1762211","Pulaski village, Illinois",30972,2020
"1762367","Quincy city, Illinois",46935,2020
"1762523","Radom village, Illinois",50625,2020
"1762588","Raleigh village, Illinois",44821,2020
"1762627","Ramsey village, Illinois",31875,2020
"1762744","Rankin village, Illinois",45313,2020
"1762757","Ransom village, Illinois",63750,2020
"1762783","Rantoul village, Illinois",41837,2020
"1762822","Rapids City village, Illinois",84583,2020
"1760144","Pistakee Highlands CDP, Illinois",75064,2020
"1762848","Raritan village, Illinois",64464,2020
"1762965","Raymond village, Illinois",54904,2020
"1763043","Red Bud city, Illinois",57000,2020
"1763056","Reddick village, Illinois",63125,2020
"1763069","Redmon village, Illinois",53250,2020
"1763355","Rentchler CDP, Illinois",NA,2020
"1763382","Rest Haven CDP, Illinois",61310,2020
"1763420","Reynolds village, Illinois",72639,2020
"1763537","Richfield CDP, Illinois",NA,2020
"1763641","Richmond village, Illinois",44265,2020
"1763706","Richton Park village, Illinois",63777,2020
"1763719","Richview village, Illinois",46875,2020
"1763862","Ridge Farm village, Illinois",46346,2020
"1763875","Ridgefield CDP, Illinois",93897,2020
"1764005","Ridgewood CDP, Illinois",53953,2020
"1711267","Carman CDP, Illinois",NA,2020
"1711293","Carmi city, Illinois",43587,2020
"1711332","Carol Stream village, Illinois",89820,2020
"1711358","Carpentersville village, Illinois",73105,2020
"1711397","Carrier Mills village, Illinois",42711,2020
"1711462","Carrollton city, Illinois",60280,2020
"1711514","Carterville city, Illinois",58362,2020
"1711527","Carthage city, Illinois",70563,2020
"1711592","Cary village, Illinois",105344,2020
"1711618","Casey city, Illinois",45784,2020
"1711644","Caseyville village, Illinois",51610,2020
"1711774","Catlin village, Illinois",49861,2020
"1711826","Cave-In-Rock village, Illinois",24583,2020
"1711982","Cedar Point village, Illinois",51250,2020
"1712008","Cedarville village, Illinois",61154,2020
"1712151","Central City village, Illinois",42455,2020
"1712164","Centralia city, Illinois",39117,2020
"1712203","Centreville city, Illinois",22098,2020
"1712268","Cerro Gordo village, Illinois",57750,2020
"1712294","Chadwick village, Illinois",50000,2020
"1712385","Champaign city, Illinois",49467,2020
"1712450","Chandlerville village, Illinois",38750,2020
"1712476","Channahon village, Illinois",99429,2020
"1712489","Channel Lake CDP, Illinois",51875,2020
"1712528","Chapin village, Illinois",58450,2020
"1712567","Charleston city, Illinois",41436,2020
"1712684","Chatham village, Illinois",96655,2020
"1712710","Chatsworth town, Illinois",50417,2020
"1712801","Chebanse village, Illinois",73239,2020
"1712879","Chemung CDP, Illinois",38750,2020
"1712931","Chenoa city, Illinois",59904,2020
"1712970","Cherry village, Illinois",49583,2020
"1713074","Cherry Valley village, Illinois",68397,2020
"1713139","Chester city, Illinois",51830,2020
"1713165","Chesterfield village, Illinois",53977,2020
"1713230","Chestnut CDP, Illinois",33977,2020
"1714000","Chicago city, Illinois",62097,2020
"1714026","Chicago Heights city, Illinois",49880,2020
"1714065","Chicago Ridge village, Illinois",51555,2020
"1714117","Chillicothe city, Illinois",51998,2020
"1714273","Chrisman city, Illinois",51042,2020
"1714286","Christopher city, Illinois",33184,2020
"1714351","Cicero town, Illinois",53726,2020
"1714442","Cisco village, Illinois",56250,2020
"1714455","Cisne village, Illinois",36500,2020
"1714468","Cissna Park village, Illinois",42750,2020
"1714533","Claremont village, Illinois",38125,2020
"1714572","Clarendon Hills village, Illinois",103486,2020
"1714715","Clay City village, Illinois",45104,2020
"1714767","Clayton village, Illinois",44583,2020
"1714845","Clear Lake village, Illinois",52788,2020
"1714923","Cleveland village, Illinois",54250,2020
"1714936","Clifton village, Illinois",72188,2020
"1715001","Clinton city, Illinois",46741,2020
"1715170","Coal City village, Illinois",75108,2020
"1715209","Coalton village, Illinois",63750,2020
"1764044","Ridott village, Illinois",41932,2020
"1764083","Riggston CDP, Illinois",NA,2020
"1764094","Riley CDP, Illinois",NA,2020
"1764135","Ringwood village, Illinois",124500,2020
"1764148","Rio village, Illinois",62500,2020
"1764174","Ripley village, Illinois",26250,2020
"1764239","Ritchie CDP, Illinois",54402,2020
"1764278","Riverdale village, Illinois",38355,2020
"1764304","River Forest village, Illinois",125288,2020
"1764343","River Grove village, Illinois",63193,2020
"1764421","Riverside village, Illinois",120336,2020
"1764486","Riverton village, Illinois",34488,2020
"1764538","Riverwoods village, Illinois",231477,2020
"1764590","Roanoke village, Illinois",64167,2020
"1764616","Robbins village, Illinois",35815,2020
"1764655","Roberts village, Illinois",36250,2020
"1764707","Robinson city, Illinois",45137,2020
"1764746","Rochelle city, Illinois",49413,2020
"1764759","Rochester village, Illinois",95463,2020
"1764811","Rockbridge village, Illinois",56250,2020
"1764837","Rock City village, Illinois",49750,2020
"1764902","Rockdale village, Illinois",44406,2020
"1764928","Rock Falls city, Illinois",44264,2020
"1765000","Rockford city, Illinois",44771,2020
"1765078","Rock Island city, Illinois",48120,2020
"1765104","Rock Island Arsenal CDP, Illinois",NA,2020
"1765130","Rockport CDP, Illinois",NA,2020
"1765156","Rockton village, Illinois",94109,2020
"1765221","Rockwood village, Illinois",49375,2020
"1765338","Rolling Meadows city, Illinois",78609,2020
"1765403","Rome CDP, Illinois",64868,2020
"1765442","Romeoville village, Illinois",85888,2020
"1765481","Roodhouse city, Illinois",38977,2020
"1765611","Roscoe village, Illinois",98750,2020
"1765754","Rose Hill village, Illinois",35417,2020
"1765806","Roselle village, Illinois",92470,2020
"1765819","Rosemont village, Illinois",56432,2020
"1765845","Roseville village, Illinois",42368,2020
"1765884","Rosewood Heights CDP, Illinois",80661,2020
"1765897","Rosiclare city, Illinois",38750,2020
"1764018","Ridgway village, Illinois",39575,2020
"1765962","Rossville village, Illinois",45625,2020
"1766027","Round Lake village, Illinois",82550,2020
"1766040","Round Lake Beach village, Illinois",77207,2020
"1766053","Round Lake Heights village, Illinois",74286,2020
"1766066","Round Lake Park village, Illinois",48809,2020
"1766131","Roxana village, Illinois",51923,2020
"1766157","Royal village, Illinois",75750,2020
"1766196","Royal Lakes village, Illinois",19773,2020
"1766209","Royalton village, Illinois",33750,2020
"1766287","Ruma village, Illinois",78125,2020
"1766339","Rushville city, Illinois",41621,2020
"1766404","Russellville village, Illinois",27143,2020
"1766443","Rutland village, Illinois",43750,2020
"1766534","Sadorus village, Illinois",49500,2020
"1766599","Sailor Springs village, Illinois",63125,2020
"1700113","Abingdon city, Illinois",44042,2021
"1700178","Adair CDP, Illinois",NA,2021
"1700191","Adams CDP, Illinois",NA,2021
"1700230","Addieville village, Illinois",88333,2021
"1700243","Addison village, Illinois",75960,2021
"1700295","Adeline village, Illinois",53438,2021
"1700516","Albany village, Illinois",64205,2021
"1700555","Albers village, Illinois",103554,2021
"1700568","Albion city, Illinois",48603,2021
"1700594","Alden CDP, Illinois",NA,2021
"1700646","Aledo city, Illinois",53277,2021
"1700659","Alexander CDP, Illinois",97552,2021
"1700672","Alexis village, Illinois",54792,2021
"1700685","Algonquin village, Illinois",115346,2021
"1700737","Alhambra village, Illinois",46477,2021
"1700815","Allendale village, Illinois",75234,2021
"1700867","Allenville village, Illinois",55179,2021
"1700880","Allerton village, Illinois",62857,2021
"1700919","Alma village, Illinois",44375,2021
"1700958","Alorton village, Illinois",19605,2021
"1700971","Alpha village, Illinois",63611,2021
"1700997","Alsey village, Illinois",44583,2021
"1701010","Alsip village, Illinois",59123,2021
"1701049","Altamont city, Illinois",55972,2021
"1701114","Alton city, Illinois",45225,2021
"1701140","Altona village, Illinois",66944,2021
"1701205","Alto Pass village, Illinois",54167,2021
"1701242","Alvin village, Illinois",65673,2021
"1701270","Amboy city, Illinois",66082,2021
"1701361","Anchor village, Illinois",62763,2021
"1701426","Andalusia village, Illinois",64792,2021
"1701491","Andover village, Illinois",58295,2021
"1701517","Andres CDP, Illinois",89318,2021
"1701543","Anna city, Illinois",35637,2021
"1701556","Annapolis CDP, Illinois",53229,2021
"1701569","Annawan town, Illinois",52000,2021
"1701595","Antioch village, Illinois",100705,2021
"1701647","Apple Canyon Lake CDP, Illinois",87500,2021
"1701673","Apple River village, Illinois",42083,2021
"1701803","Arbury Hills CDP, Illinois",87222,2021
"1701881","Arcola city, Illinois",67625,2021
"1701946","Arenzville village, Illinois",85938,2021
"1701972","Argenta village, Illinois",72619,2021
"1702050","Argyle CDP, Illinois",195766,2021
"1702102","Arlington village, Illinois",67917,2021
"1702154","Arlington Heights village, Illinois",106996,2021
"1702206","Armington village, Illinois",43125,2021
"1702258","Aroma Park village, Illinois",52500,2021
"1702342","Arrowsmith village, Illinois",73750,2021
"1702414","Arthur village, Illinois",50789,2021
"1702479","Ashkum village, Illinois",73594,2021
"1702505","Ashland village, Illinois",63571,2021
"1702531","Ashley city, Illinois",41250,2021
"1702557","Ashmore village, Illinois",50417,2021
"1702583","Ashton village, Illinois",53819,2021
"1702609","Assumption city, Illinois",48690,2021
"1702635","Astoria town, Illinois",42756,2021
"1702674","Athens city, Illinois",81786,2021
"1702726","Atkinson town, Illinois",49640,2021
"1702752","Atlanta city, Illinois",56513,2021
"1702882","Atwood village, Illinois",50139,2021
"1702921","Auburn city, Illinois",86367,2021
"1702986","Augusta village, Illinois",37000,2021
"1703012","Aurora city, Illinois",79642,2021
"1703103","Ava city, Illinois",57813,2021
"1703181","Aviston village, Illinois",84735,2021
"1703207","Avon village, Illinois",36818,2021
"1703337","Baileyville CDP, Illinois",NA,2021
"1703454","Baldwin village, Illinois",42500,2021
"1703571","Banner village, Illinois",46000,2021
"1703610","Bannockburn village, Illinois",147500,2021
"1703675","Bardolph village, Illinois",28250,2021
"1703844","Barrington village, Illinois",126250,2021
"1703883","Barrington Hills village, Illinois",185446,2021
"1703948","Barry city, Illinois",55625,2021
"1703987","Barstow CDP, Illinois",40417,2021
"1704000","Bartelso village, Illinois",85682,2021
"1704013","Bartlett village, Illinois",114121,2021
"1704039","Bartonville village, Illinois",60218,2021
"1704052","Basco village, Illinois",35000,2021
"1704078","Batavia city, Illinois",109146,2021
"1704117","Batchtown village, Illinois",74375,2021
"1704156","Bath village, Illinois",44750,2021
"1704247","Baylis village, Illinois",79250,2021
"1704273","Bay View Gardens village, Illinois",37292,2021
"1704303","Beach Park village, Illinois",75968,2021
"1704351","Beardstown city, Illinois",49643,2021
"1704403","Beason CDP, Illinois",47717,2021
"1704507","Beaverville village, Illinois",50000,2021
"1704533","Beckemeyer village, Illinois",54539,2021
"1704572","Bedford Park village, Illinois",91964,2021
"1704585","Beecher village, Illinois",89543,2021
"1704598","Beecher City village, Illinois",43750,2021
"1704689","Belgium village, Illinois",44625,2021
"1704715","Belknap village, Illinois",NA,2021
"1704793","Belle Prairie City town, Illinois",NA,2021
"1704806","Belle Rive village, Illinois",47841,2021
"1704845","Belleville city, Illinois",56404,2021
"1704871","Bellevue village, Illinois",54167,2021
"1704897","Bellflower village, Illinois",74286,2021
"1704936","Bellmont village, Illinois",43750,2021
"1704975","Bellwood village, Illinois",66517,2021
"1705092","Belvidere city, Illinois",57507,2021
"1705144","Bement village, Illinois",60139,2021
"1705209","Benld city, Illinois",42961,2021
"1705248","Bensenville village, Illinois",68532,2021
"1705261","Benson village, Illinois",66250,2021
"1705274","Bentley town, Illinois",60000,2021
"1705300","Benton city, Illinois",46530,2021
"1705404","Berkeley village, Illinois",73812,2021
"1705443","Berlin village, Illinois",61563,2021
"1705573","Berwyn city, Illinois",64965,2021
"1705599","Bethalto village, Illinois",66193,2021
"1705612","Bethany village, Illinois",53750,2021
"1705729","Beverly CDP, Illinois",NA,2021
"1705859","Big Foot Prairie CDP, Illinois",NA,2021
"1705898","Biggsville village, Illinois",88438,2021
"1705976","Big Rock village, Illinois",112778,2021
"1706028","Bingham village, Illinois",47500,2021
"1706171","Bishop Hill village, Illinois",NA,2021
"1706184","Bismarck village, Illinois",71250,2021
"1706444","Blairsville CDP, Illinois",51667,2021
"1706470","Blandinsville village, Illinois",49779,2021
"1706565","Bloomfield CDP, Illinois",NA,2021
"1706587","Bloomingdale village, Illinois",87324,2021
"1706613","Bloomington city, Illinois",69003,2021
"1706704","Blue Island city, Illinois",51989,2021
"1706756","Blue Mound village, Illinois",55298,2021
"1706899","Bluffs village, Illinois",66442,2021
"1706964","Bluford village, Illinois",51389,2021
"1707133","Bolingbrook village, Illinois",97371,2021
"1707211","Bondville village, Illinois",50000,2021
"1707224","Bone Gap village, Illinois",49063,2021
"1707237","Bonfield village, Illinois",73333,2021
"1707263","Bonnie village, Illinois",59792,2021
"1707276","Bonnie Brae CDP, Illinois",69263,2021
"1707315","Boody CDP, Illinois",53828,2021
"1707419","Boulder Hill CDP, Illinois",71663,2021
"1707471","Bourbonnais village, Illinois",72819,2021
"1707510","Bowen village, Illinois",63571,2021
"1707640","Braceville village, Illinois",79375,2021
"1707692","Bradford village, Illinois",51250,2021
"1707744","Bradley village, Illinois",57958,2021
"1707770","Braidwood city, Illinois",69992,2021
"1707913","Breese city, Illinois",64102,2021
"1708186","Bridgeport city, Illinois",49038,2021
"1708225","Bridgeview village, Illinois",58371,2021
"1708264","Brighton village, Illinois",63421,2021
"1708303","Brimfield village, Illinois",56094,2021
"1708420","Broadlands village, Illinois",73750,2021
"1708446","Broadview village, Illinois",56798,2021
"1708472","Broadwell village, Illinois",57727,2021
"1708524","Brocton village, Illinois",52969,2021
"1708576","Brookfield village, Illinois",90083,2021
"1708667","Brooklyn village, Illinois",NA,2021
"1708706","Brookport city, Illinois",36806,2021
"1708875","Broughton village, Illinois",28750,2021
"1708953","Browning village, Illinois",NA,2021
"1708979","Browns village, Illinois",54583,2021
"1708992","Brownstown village, Illinois",41042,2021
"1709148","Brussels village, Illinois",NA,2021
"1709161","Bryant village, Illinois",52500,2021
"1709304","Buckingham village, Illinois",67500,2021
"1709317","Buckley village, Illinois",51250,2021
"1709330","Buckner village, Illinois",40250,2021
"1709356","Buda village, Illinois",44722,2021
"1709434","Buffalo village, Illinois",55500,2021
"1709447","Buffalo Grove village, Illinois",121212,2021
"1709499","Buffalo Prairie CDP, Illinois",NA,2021
"1709531","Bull Valley village, Illinois",109405,2021
"1709538","Bulpitt village, Illinois",60357,2021
"1709551","Buncombe village, Illinois",41964,2021
"1709577","Bunker Hill city, Illinois",57857,2021
"1709642","Burbank city, Illinois",73466,2021
"1709681","Bureau Junction village, Illinois",51875,2021
"1709759","Burlington village, Illinois",76250,2021
"1709798","Burnham village, Illinois",50556,2021
"1709889","Burnt Prairie village, Illinois",95000,2021
"1709980","Burr Ridge village, Illinois",148214,2021
"1710006","Burton CDP, Illinois",NA,2021
"1710045","Burtons Bridge CDP, Illinois",63875,2021
"1710084","Bush village, Illinois",69250,2021
"1710110","Bushnell city, Illinois",55412,2021
"1710149","Butler village, Illinois",47368,2021
"1710240","Byron city, Illinois",66620,2021
"1710292","Cabery village, Illinois",51167,2021
"1710305","Cable CDP, Illinois",60741,2021
"1710370","Cahokia village, Illinois",30556,2021
"1710383","Cairo city, Illinois",29375,2021
"1710422","Caledonia village, Illinois",77222,2021
"1710448","Calhoun village, Illinois",48393,2021
"1710487","Calumet City city, Illinois",52994,2021
"1710513","Calumet Park village, Illinois",52696,2021
"1710591","Camargo village, Illinois",67500,2021
"1710630","Cambria village, Illinois",42643,2021
"1710643","Cambridge village, Illinois",67361,2021
"1710695","Camden village, Illinois",NA,2021
"1710747","Cameron CDP, Illinois",52029,2021
"1710773","Campbell Hill village, Illinois",60000,2021
"1710786","Campbell's Island CDP, Illinois",61987,2021
"1710877","Camp Point village, Illinois",53750,2021
"1710906","Campton Hills village, Illinois",183050,2021
"1710916","Campus village, Illinois",85000,2021
"1710936","Candlewick Lake CDP, Illinois",83946,2021
"1711007","Canton city, Illinois",47682,2021
"1711033","Cantrall village, Illinois",76250,2021
"1711124","Capron village, Illinois",68859,2021
"1711150","Carbon Cliff village, Illinois",42059,2021
"1711163","Carbondale city, Illinois",24452,2021
"1711176","Carbon Hill village, Illinois",83750,2021
"1711202","Carlinville city, Illinois",46147,2021
"1711215","Carlock village, Illinois",68500,2021
"1711228","Carlyle city, Illinois",56481,2021
"1711267","Carman CDP, Illinois",NA,2021
"1711293","Carmi city, Illinois",47128,2021
"1711332","Carol Stream village, Illinois",95342,2021
"1711358","Carpentersville village, Illinois",73121,2021
"1711397","Carrier Mills village, Illinois",46398,2021
"1711462","Carrollton city, Illinois",64470,2021
"1711514","Carterville city, Illinois",61000,2021
"1711527","Carthage city, Illinois",68654,2021
"1711592","Cary village, Illinois",106940,2021
"1711618","Casey city, Illinois",44856,2021
"1711644","Caseyville village, Illinois",51667,2021
"1711774","Catlin village, Illinois",51875,2021
"1711826","Cave-In-Rock village, Illinois",25500,2021
"1711982","Cedar Point village, Illinois",61250,2021
"1712008","Cedarville village, Illinois",63681,2021
"1712151","Central City village, Illinois",43269,2021
"1712164","Centralia city, Illinois",40979,2021
"1712203","Centreville city, Illinois",24088,2021
"1712268","Cerro Gordo village, Illinois",61364,2021
"1712294","Chadwick village, Illinois",55089,2021
"1712385","Champaign city, Illinois",52687,2021
"1712450","Chandlerville village, Illinois",36250,2021
"1712476","Channahon village, Illinois",105156,2021
"1712489","Channel Lake CDP, Illinois",53969,2021
"1712528","Chapin village, Illinois",61350,2021
"1712567","Charleston city, Illinois",44371,2021
"1712684","Chatham village, Illinois",95310,2021
"1712710","Chatsworth town, Illinois",50231,2021
"1712801","Chebanse village, Illinois",75000,2021
"1712879","Chemung CDP, Illinois",39650,2021
"1712931","Chenoa city, Illinois",58977,2021
"1712970","Cherry village, Illinois",46000,2021
"1713074","Cherry Valley village, Illinois",69358,2021
"1713139","Chester city, Illinois",56368,2021
"1713165","Chesterfield village, Illinois",56528,2021
"1713230","Chestnut CDP, Illinois",NA,2021
"1714000","Chicago city, Illinois",65781,2021
"1714026","Chicago Heights city, Illinois",54870,2021
"1714065","Chicago Ridge village, Illinois",56494,2021
"1714117","Chillicothe city, Illinois",54297,2021
"1714273","Chrisman city, Illinois",54231,2021
"1714286","Christopher city, Illinois",39871,2021
"1714351","Cicero town, Illinois",58433,2021
"1714442","Cisco village, Illinois",42188,2021
"1714455","Cisne village, Illinois",40865,2021
"1714468","Cissna Park village, Illinois",45074,2021
"1714533","Claremont village, Illinois",34250,2021
"1714572","Clarendon Hills village, Illinois",107375,2021
"1714715","Clay City village, Illinois",48304,2021
"1714767","Clayton village, Illinois",47386,2021
"1714845","Clear Lake village, Illinois",56691,2021
"1714923","Cleveland village, Illinois",55714,2021
"1714936","Clifton village, Illinois",83438,2021
"1715001","Clinton city, Illinois",48619,2021
"1715170","Coal City village, Illinois",77636,2021
"1715209","Coalton village, Illinois",65000,2021
"1715235","Coal Valley village, Illinois",80095,2021
"1715261","Coatsburg village, Illinois",58125,2021
"1715300","Cobden village, Illinois",34704,2021
"1715352","Coffeen city, Illinois",42083,2021
"1715378","Colchester city, Illinois",49063,2021
"1715469","Coleta village, Illinois",49375,2021
"1715495","Colfax village, Illinois",62798,2021
"1715599","Collinsville city, Illinois",60793,2021
"1715664","Colona city, Illinois",68657,2021
"1715807","Colp village, Illinois",14375,2021
"1715833","Columbia city, Illinois",102107,2021
"1715846","Columbus village, Illinois",75000,2021
"1715950","Como CDP, Illinois",61528,2021
"1715989","Compton village, Illinois",53571,2021
"1716054","Concord village, Illinois",29583,2021
"1716119","Congerville village, Illinois",70081,2021
"1716210","Cooksville village, Illinois",57917,2021
"1716301","Coral CDP, Illinois",NA,2021
"1716366","Cordova village, Illinois",65813,2021
"1716405","Cornell village, Illinois",52292,2021
"1716431","Cornland CDP, Illinois",NA,2021
"1716470","Cortland town, Illinois",72431,2021
"1716613","Coulterville village, Illinois",44063,2021
"1716691","Country Club Hills city, Illinois",64888,2021
"1716873","Countryside city, Illinois",74750,2021
"1717055","Cowden village, Illinois",40278,2021
"1717077","Coyne Center CDP, Illinois",107212,2021
"1717094","Crab Orchard CDP, Illinois",NA,2021
"1717185","Crainville village, Illinois",61553,2021
"1717289","Creal Springs city, Illinois",34514,2021
"1717406","Crescent City village, Illinois",58661,2021
"1717458","Crest Hill city, Illinois",63172,2021
"1717471","Creston village, Illinois",65750,2021
"1717497","Crestwood village, Illinois",65074,2021
"1717523","Crete village, Illinois",80718,2021
"1717549","Creve Coeur village, Illinois",44410,2021
"1717783","Crossville village, Illinois",41875,2021
"1717887","Crystal Lake city, Illinois",96274,2021
"1717939","Crystal Lawns CDP, Illinois",96225,2021
"1717991","Cuba city, Illinois",33750,2021
"1718030","Cullom village, Illinois",52273,2021
"1718147","Curran village, Illinois",45000,2021
"1718212","Custer Park CDP, Illinois",153347,2021
"1718225","Cutler village, Illinois",46875,2021
"1718251","Cypress village, Illinois",40833,2021
"1718303","Dahlgren village, Illinois",41731,2021
"1718342","Dakota village, Illinois",61696,2021
"1718420","Dallas City city, Illinois",41750,2021
"1718446","Dalton City village, Illinois",57115,2021
"1718459","Dalzell village, Illinois",68173,2021
"1718472","Damiansville village, Illinois",83571,2021
"1718485","Dana village, Illinois",53750,2021
"1718498","Danforth village, Illinois",41339,2021
"1718537","Danvers village, Illinois",65707,2021
"1718563","Danville city, Illinois",39230,2021
"1718628","Darien city, Illinois",104226,2021
"1718641","Darmstadt CDP, Illinois",NA,2021
"1718706","Davis village, Illinois",63333,2021
"1718719","Davis Junction village, Illinois",90039,2021
"1718745","Dawson village, Illinois",60833,2021
"1718771","Dayton CDP, Illinois",98618,2021
"1718823","Decatur city, Illinois",45111,2021
"1718940","Deer Creek village, Illinois",69018,2021
"1718992","Deerfield village, Illinois",168568,2021
"1719031","Deer Grove village, Illinois",66458,2021
"1719083","Deer Park village, Illinois",165625,2021
"1719161","DeKalb city, Illinois",45591,2021
"1719200","De Land village, Illinois",48542,2021
"1719226","Delavan city, Illinois",55833,2021
"1719499","De Pue village, Illinois",64583,2021
"1719616","De Soto village, Illinois",47976,2021
"1719642","Des Plaines city, Illinois",79453,2021
"1719681","Detroit village, Illinois",NA,2021
"1719746","Dewey CDP, Illinois",NA,2021
"1719798","De Witt village, Illinois",55938,2021
"1719837","Diamond village, Illinois",57870,2021
"1719915","Dieterich village, Illinois",66250,2021
"1720045","Divernon village, Illinois",62885,2021
"1720123","Dix village, Illinois",24531,2021
"1720149","Dixmoor village, Illinois",46406,2021
"1720162","Dixon city, Illinois",50491,2021
"1720292","Dolton village, Illinois",53047,2021
"1720305","Dongola village, Illinois",36591,2021
"1720318","Donnellson village, Illinois",NA,2021
"1720331","Donovan village, Illinois",40625,2021
"1720370","Dorchester village, Illinois",84375,2021
"1720526","Dover village, Illinois",39531,2021
"1720565","Dowell village, Illinois",40000,2021
"1720591","Downers Grove village, Illinois",105217,2021
"1720643","Downs village, Illinois",95313,2021
"1720890","Du Bois village, Illinois",69219,2021
"1721020","Dundas CDP, Illinois",103125,2021
"1721098","Dunfermline village, Illinois",53438,2021
"1721176","Dunlap village, Illinois",119712,2021
"1721254","Dupo village, Illinois",47357,2021
"1721267","Du Quoin city, Illinois",44286,2021
"1721280","Durand village, Illinois",54643,2021
"1721358","Dwight village, Illinois",60806,2021
"1721410","Eagarville village, Illinois",51964,2021
"1721475","Eagle Lake CDP, Illinois",NA,2021
"1721540","Earlville city, Illinois",55966,2021
"1721553","East Alton village, Illinois",47089,2021
"1721579","East Brooklyn village, Illinois",94167,2021
"1721605","East Cape Girardeau village, Illinois",37813,2021
"1721618","East Carondelet village, Illinois",48750,2021
"1721683","East Dubuque city, Illinois",56576,2021
"1721696","East Dundee village, Illinois",71795,2021
"1721826","East Galesburg village, Illinois",65703,2021
"1721852","East Gillespie village, Illinois",69286,2021
"1721904","East Hazel Crest village, Illinois",51121,2021
"1722021","East Lynn CDP, Illinois",210811,2021
"1722073","East Moline city, Illinois",55529,2021
"1722151","Easton village, Illinois",65313,2021
"1722164","East Peoria city, Illinois",68246,2021
"1722255","East St. Louis city, Illinois",26011,2021
"1722398","Eddyville village, Illinois",NA,2021
"1722567","Edgewood village, Illinois",48750,2021
"1722619","Edgington CDP, Illinois",123889,2021
"1722645","Edinburg village, Illinois",61250,2021
"1722697","Edwardsville city, Illinois",78298,2021
"1722736","Effingham city, Illinois",56242,2021
"1722931","Elburn village, Illinois",99877,2021
"1722957","El Dara village, Illinois",123125,2021
"1723009","Eldorado city, Illinois",33734,2021
"1723022","Eldred village, Illinois",45938,2021
"1723074","Elgin city, Illinois",79757,2021
"1723139","Eliza CDP, Illinois",NA,2021
"1723165","Elizabeth village, Illinois",43393,2021
"1723191","Elizabethtown village, Illinois",13438,2021
"1723256","Elk Grove Village village, Illinois",89187,2021
"1723269","Elkhart village, Illinois",77500,2021
"1723373","Elkville village, Illinois",42557,2021
"1723425","Elliott village, Illinois",55341,2021
"1723503","Ellis Grove village, Illinois",57083,2021
"1723529","Ellisville village, Illinois",43750,2021
"1723555","Ellsworth village, Illinois",51563,2021
"1723620","Elmhurst city, Illinois",128355,2021
"1723698","Elmwood city, Illinois",78770,2021
"1723724","Elmwood Park village, Illinois",68833,2021
"1723737","El Paso city, Illinois",58179,2021
"1723776","Elsah village, Illinois",81250,2021
"1723841","Elvaston village, Illinois",37500,2021
"1723919","Elwin CDP, Illinois",NA,2021
"1723945","Elwood village, Illinois",76339,2021
"1723971","Emden village, Illinois",56458,2021
"1724062","Emington village, Illinois",60000,2021
"1724166","Energy village, Illinois",53882,2021
"1724179","Enfield village, Illinois",34079,2021
"1724348","Equality village, Illinois",47083,2021
"1724374","Erie village, Illinois",83250,2021
"1724452","Essex village, Illinois",81000,2021
"1724543","Eureka city, Illinois",48902,2021
"1724582","Evanston city, Illinois",87345,2021
"1724608","Evansville village, Illinois",60694,2021
"1724634","Evergreen Park village, Illinois",85328,2021
"1724673","Ewing village, Illinois",63750,2021
"1724699","Exeter village, Illinois",50000,2021
"1724764","Fairbury city, Illinois",59456,2021
"1724816","Fairfield city, Illinois",42083,2021
"1724920","Fairmont CDP, Illinois",52444,2021
"1724933","Fairmont City village, Illinois",39247,2021
"1724985","Fairmount village, Illinois",56719,2021
"1725063","Fairview village, Illinois",68750,2021
"1725141","Fairview Heights city, Illinois",70825,2021
"1725245","Fall Creek CDP, Illinois",NA,2021
"1725375","Farina village, Illinois",35658,2021
"1725414","Farmer City city, Illinois",51250,2021
"1725440","Farmersville village, Illinois",59423,2021
"1725531","Farmington city, Illinois",53563,2021
"1725713","Fayetteville village, Illinois",58472,2021
"1725895","Ferris village, Illinois",47500,2021
"1725960","Fidelity village, Illinois",38281,2021
"1726012","Fieldon village, Illinois",60250,2021
"1726077","Fillmore village, Illinois",42292,2021
"1726116","Findlay village, Illinois",50694,2021
"1726194","Fisher village, Illinois",74504,2021
"1726233","Fithian village, Illinois",62188,2021
"1726311","Flanagan village, Illinois",68958,2021
"1726350","Flat Rock village, Illinois",42000,2021
"1726454","Flora city, Illinois",50563,2021
"1726467","Floraville CDP, Illinois",NA,2021
"1726480","Florence village, Illinois",NA,2021
"1726571","Flossmoor village, Illinois",126085,2021
"1726662","Foosland village, Illinois",53250,2021
"1726710","Ford Heights village, Illinois",37885,2021
"1726753","Forest City village, Illinois",57500,2021
"1726896","Forest Lake CDP, Illinois",134821,2021
"1726935","Forest Park village, Illinois",72827,2021
"1726987","Forest View village, Illinois",97500,2021
"1727026","Forrest village, Illinois",63500,2021
"1727065","Forreston village, Illinois",60648,2021
"1727091","Forsyth village, Illinois",96875,2021
"1727377","Fowler CDP, Illinois",NA,2021
"1727442","Fox Lake village, Illinois",64221,2021
"1727455","Fox Lake Hills CDP, Illinois",92159,2021
"1727533","Fox River Grove village, Illinois",109645,2021
"1727624","Frankfort village, Illinois",145645,2021
"1727644","Frankfort Square CDP, Illinois",117625,2021
"1727663","Franklin village, Illinois",68393,2021
"1727689","Franklin Grove village, Illinois",50302,2021
"1727702","Franklin Park village, Illinois",70221,2021
"1727728","Franklinville CDP, Illinois",NA,2021
"1727806","Freeburg village, Illinois",65188,2021
"1727858","Freeman Spur village, Illinois",42222,2021
"1727884","Freeport city, Illinois",41831,2021
"1728144","Fulton city, Illinois",52632,2021
"1728170","Fults village, Illinois",NA,2021
"1728248","Gages Lake CDP, Illinois",98009,2021
"1728261","Galatia village, Illinois",47250,2021
"1728300","Galena city, Illinois",57632,2021
"1728326","Galesburg city, Illinois",39115,2021
"1728404","Galt CDP, Illinois",61761,2021
"1728430","Galva city, Illinois",51042,2021
"1728612","Garden Prairie CDP, Illinois",52567,2021
"1728638","Gardner village, Illinois",73203,2021
"1728742","Garrett village, Illinois",46875,2021
"1728807","Gays village, Illinois",71250,2021
"1728846","Geneseo city, Illinois",59327,2021
"1728872","Geneva city, Illinois",126759,2021
"1728898","Genoa city, Illinois",74676,2021
"1728950","Georgetown CDP, Illinois",66071,2021
"1728963","Georgetown city, Illinois",49484,2021
"1729041","Germantown village, Illinois",67031,2021
"1729080","Germantown Hills village, Illinois",143447,2021
"1729093","German Valley village, Illinois",64519,2021
"1729125","Gibson City city, Illinois",47091,2021
"1729145","Gifford village, Illinois",66528,2021
"1729171","Gilberts village, Illinois",101298,2021
"1729236","Gillespie city, Illinois",45817,2021
"1729275","Gilman city, Illinois",61705,2021
"1729340","Gilson CDP, Illinois",57778,2021
"1729392","Girard city, Illinois",45345,2021
"1729431","Gladstone village, Illinois",32361,2021
"1729483","Glasford village, Illinois",71477,2021
"1729496","Glasgow village, Illinois",35417,2021
"1729639","Glen Carbon village, Illinois",86406,2021
"1729652","Glencoe village, Illinois",212132,2021
"1729730","Glendale Heights village, Illinois",77582,2021
"1729756","Glen Ellyn village, Illinois",124754,2021
"1729938","Glenview village, Illinois",123771,2021
"1730029","Glenwood village, Illinois",65685,2021
"1730094","Godfrey village, Illinois",80560,2021
"1730120","Godley village, Illinois",41324,2021
"1730133","Golconda city, Illinois",33083,2021
"1730159","Golden village, Illinois",54583,2021
"1730250","Golden Gate village, Illinois",13686,2021
"1730328","Golf village, Illinois",211100,2021
"1730419","Goodenow CDP, Illinois",NA,2021
"1730445","Goodfield village, Illinois",94583,2021
"1730458","Good Hope village, Illinois",50833,2021
"1730510","Goofy Ridge CDP, Illinois",47292,2021
"1730575","Goreville village, Illinois",64444,2021
"1730588","Gorham village, Illinois",26250,2021
"1730653","Grafton city, Illinois",81250,2021
"1730705","Grand Detour CDP, Illinois",67218,2021
"1730757","Grand Ridge village, Illinois",61528,2021
"1730770","Grand Tower city, Illinois",51750,2021
"1730835","Grandview village, Illinois",47321,2021
"1730900","Grandwood Park CDP, Illinois",129375,2021
"1730926","Granite City city, Illinois",53757,2021
"1730978","Grantfork village, Illinois",93750,2021
"1730991","Grant Park village, Illinois",77000,2021
"1731017","Granville village, Illinois",61731,2021
"1731121","Grayslake village, Illinois",109975,2021
"1731165","Grayville city, Illinois",48155,2021
"1731368","Greenfield city, Illinois",54531,2021
"1731446","Green Oaks village, Illinois",98056,2021
"1731524","Greenup village, Illinois",57656,2021
"1731563","Green Valley village, Illinois",57063,2021
"1731576","Greenview village, Illinois",61750,2021
"1731589","Greenville city, Illinois",45961,2021
"1731667","Greenwood village, Illinois",100833,2021
"1731732","Gridley village, Illinois",53958,2021
"1731771","Griggsville city, Illinois",42180,2021
"1731992","Gulfport village, Illinois",63542,2021
"1732018","Gurnee village, Illinois",102140,2021
"1732200","Hainesville village, Illinois",107868,2021
"1732395","Hamburg village, Illinois",38571,2021
"1732408","Hamel village, Illinois",72000,2021
"1732434","Hamilton city, Illinois",49297,2021
"1732473","Hamlet CDP, Illinois",NA,2021
"1732499","Hammond village, Illinois",67273,2021
"1732525","Hampshire village, Illinois",97927,2021
"1732564","Hampton village, Illinois",72500,2021
"1732616","Hanaford village, Illinois",51250,2021
"1732668","Hanna City village, Illinois",62550,2021
"1732707","Hanover village, Illinois",46333,2021
"1732746","Hanover Park village, Illinois",80535,2021
"1732850","Hardin village, Illinois",75469,2021
"1732876","Harding CDP, Illinois",80583,2021
"1732967","Harmon village, Illinois",45625,2021
"1733019","Harmony CDP, Illinois",NA,2021
"1733136","Harrisburg city, Illinois",36701,2021
"1733162","Harrison CDP, Illinois",43281,2021
"1733227","Harristown village, Illinois",62639,2021
"1733279","Hartford village, Illinois",36250,2021
"1733292","Hartland CDP, Illinois",NA,2021
"1733318","Hartsburg village, Illinois",57813,2021
"1733331","Harvard city, Illinois",63044,2021
"1733357","Harvel village, Illinois",39688,2021
"1733383","Harvey city, Illinois",35572,2021
"1733435","Harwood Heights village, Illinois",74577,2021
"1733513","Havana city, Illinois",45945,2021
"1733630","Hawthorn Woods village, Illinois",213605,2021
"1733695","Hazel Crest village, Illinois",54353,2021
"1733851","Hebron village, Illinois",76080,2021
"1733877","Hecker village, Illinois",71071,2021
"1734007","Henderson village, Illinois",49167,2021
"1734098","Hennepin village, Illinois",70000,2021
"1734137","Henning village, Illinois",72000,2021
"1734163","Henry city, Illinois",51556,2021
"1734272","Heritage Lake CDP, Illinois",105156,2021
"1734332","Herrick village, Illinois",51250,2021
"1734358","Herrin city, Illinois",46879,2021
"1734384","Herscher village, Illinois",78906,2021
"1734423","Hettick village, Illinois",45625,2021
"1734449","Heyworth village, Illinois",71667,2021
"1734514","Hickory Hills city, Illinois",69072,2021
"1734553","Hidalgo village, Illinois",45714,2021
"1734670","Highland city, Illinois",69442,2021
"1734722","Highland Park city, Illinois",153226,2021
"1734865","Highwood city, Illinois",88913,2021
"1734982","Hillcrest village, Illinois",80948,2021
"1735047","Hillsboro city, Illinois",64340,2021
"1735073","Hillsdale village, Illinois",73750,2021
"1735086","Hillside village, Illinois",62224,2021
"1735203","Hillview village, Illinois",42500,2021
"1735268","Hinckley village, Illinois",75500,2021
"1735281","Hindsboro village, Illinois",61250,2021
"1735307","Hinsdale village, Illinois",224185,2021
"1735385","Hodgkins village, Illinois",61136,2021
"1735398","Hoffman village, Illinois",57500,2021
"1735411","Hoffman Estates village, Illinois",96274,2021
"1735463","Holcomb CDP, Illinois",51250,2021
"1735515","Holiday Hills village, Illinois",73333,2021
"1735541","Holiday Shores CDP, Illinois",113696,2021
"1735671","Hollowayville village, Illinois",36250,2021
"1735814","Homer village, Illinois",62446,2021
"1735835","Homer Glen village, Illinois",120306,2021
"1735866","Hometown city, Illinois",52639,2021
"1735879","Homewood village, Illinois",81940,2021
"1736061","Hoopeston city, Illinois",43330,2021
"1736074","Hooppole village, Illinois",41094,2021
"1736126","Hopedale village, Illinois",56731,2021
"1736150","Hopewell village, Illinois",91250,2021
"1736190","Hopkins Park village, Illinois",29857,2021
"1736347","Hoyleton village, Illinois",66000,2021
"1736438","Hudson village, Illinois",98125,2021
"1736477","Huey village, Illinois",NA,2021
"1736516","Hull village, Illinois",51531,2021
"1736542","Humboldt village, Illinois",41944,2021
"1736568","Hume village, Illinois",54489,2021
"1736750","Huntley village, Illinois",76612,2021
"1736815","Hurst city, Illinois",35962,2021
"1736841","Hutsonville village, Illinois",44750,2021
"1737062","Illinois City CDP, Illinois",39722,2021
"1737127","Illiopolis village, Illinois",62143,2021
"1737179","Ina village, Illinois",45833,2021
"1737218","Indian Creek village, Illinois",129375,2021
"1737257","Indian Head Park village, Illinois",93398,2021
"1737348","Indianola village, Illinois",66563,2021
"1737439","Industry village, Illinois",56667,2021
"1737465","Ingalls Park CDP, Illinois",51111,2021
"1737608","Inverness village, Illinois",190458,2021
"1737621","Iola village, Illinois",43594,2021
"1737647","Ipava village, Illinois",45000,2021
"1737712","Iroquois village, Illinois",61458,2021
"1737738","Irving village, Illinois",29063,2021
"1737777","Irvington village, Illinois",58229,2021
"1737803","Irwin village, Illinois",67500,2021
"1737894","Island Lake village, Illinois",84940,2021
"1737907","Itasca village, Illinois",109146,2021
"1737933","Iuka village, Illinois",43021,2021
"1737998","Ivesdale village, Illinois",60000,2021
"1738115","Jacksonville city, Illinois",47926,2021
"1738232","Janesville CDP, Illinois",NA,2021
"1738323","Jeffersonville village, Illinois",40208,2021
"1738349","Jeisyville village, Illinois",72125,2021
"1738375","Jerome village, Illinois",52422,2021
"1738414","Jerseyville city, Illinois",63178,2021
"1738427","Jewett village, Illinois",47188,2021
"1738479","Johnsburg village, Illinois",120500,2021
"1738531","Johnsonville village, Illinois",28250,2021
"1738544","Johnston City city, Illinois",55625,2021
"1738570","Joliet city, Illinois",77373,2021
"1738635","Jonesboro city, Illinois",52598,2021
"1738674","Joppa village, Illinois",34375,2021
"1738726","Joslin CDP, Illinois",NA,2021
"1738739","Joy village, Illinois",53750,2021
"1738778","Junction village, Illinois",30625,2021
"1738791","Junction City village, Illinois",41667,2021
"1738830","Justice village, Illinois",57045,2021
"1738856","Kampsville village, Illinois",58438,2021
"1738869","Kane village, Illinois",42917,2021
"1738895","Kaneville village, Illinois",71250,2021
"1738921","Kangley village, Illinois",52083,2021
"1738934","Kankakee city, Illinois",38869,2021
"1738986","Kansas village, Illinois",44722,2021
"1739038","Kappa village, Illinois",73750,2021
"1739077","Karnak village, Illinois",33056,2021
"1739129","Kaskaskia village, Illinois",NA,2021
"1739233","Keenes village, Illinois",49125,2021
"1739259","Keensburg village, Illinois",63594,2021
"1739298","Keithsburg city, Illinois",45000,2021
"1739324","Kell village, Illinois",41250,2021
"1739441","Kempton village, Illinois",63036,2021
"1739519","Kenilworth village, Illinois",250001,2021
"1739532","Kenney village, Illinois",62813,2021
"1739727","Kewanee city, Illinois",41452,2021
"1739753","Keyesport village, Illinois",34352,2021
"1739857","Kilbourne village, Illinois",35179,2021
"1739883","Kildeer village, Illinois",226375,2021
"1739909","Kincaid village, Illinois",65272,2021
"1739922","Kinderhook village, Illinois",68393,2021
"1739987","Kings CDP, Illinois",54306,2021
"1740052","Kingston CDP, Illinois",27578,2021
"1740065","Kingston village, Illinois",81875,2021
"1740091","Kingston Mines village, Illinois",50625,2021
"1740117","Kinmundy city, Illinois",26164,2021
"1740143","Kinsman village, Illinois",93750,2021
"1740156","Kirkland village, Illinois",77321,2021
"1740182","Kirkwood village, Illinois",60250,2021
"1740364","Knollwood CDP, Illinois",123523,2021
"1740416","Knoxville city, Illinois",67750,2021
"1740520","La Clede CDP, Illinois",NA,2021
"1740559","Lacon city, Illinois",54934,2021
"1740598","Ladd village, Illinois",61319,2021
"1740676","La Fayette village, Illinois",38750,2021
"1740767","La Grange village, Illinois",124292,2021
"1740793","La Grange Park village, Illinois",102034,2021
"1740832","La Harpe city, Illinois",42750,2021
"1740884","Lake Barrington village, Illinois",108563,2021
"1740910","Lake Bluff village, Illinois",173667,2021
"1740962","Lake Camelot CDP, Illinois",104773,2021
"1740980","Lake Carroll CDP, Illinois",90083,2021
"1740988","Lake Catherine CDP, Illinois",81364,2021
"1741040","Lake City CDP, Illinois",NA,2021
"1741105","Lake Forest city, Illinois",194267,2021
"1741157","Lake Holiday CDP, Illinois",83703,2021
"1741183","Lake in the Hills village, Illinois",102106,2021
"1741214","Lake Ka-Ho village, Illinois",40250,2021
"1741326","Lakemoor village, Illinois",90000,2021
"1741346","Lake of the Woods CDP, Illinois",62432,2021
"1741404","Lake Petersburg CDP, Illinois",105202,2021
"1741456","Lake Summerset CDP, Illinois",93385,2021
"1741586","Lake Villa village, Illinois",115598,2021
"1741651","Lakewood village, Illinois",156477,2021
"1741677","Lakewood CDP, Illinois",NA,2021
"1741716","Lakewood Shores CDP, Illinois",68250,2021
"1741742","Lake Zurich village, Illinois",118139,2021
"1741794","La Moille village, Illinois",59167,2021
"1741859","Lanark city, Illinois",62083,2021
"1741950","Lane CDP, Illinois",45455,2021
"1742002","Langleyville CDP, Illinois",70313,2021
"1742028","Lansing village, Illinois",62397,2021
"1742067","LaPlace CDP, Illinois",81016,2021
"1742080","La Prairie village, Illinois",70000,2021
"1742171","La Rose village, Illinois",44792,2021
"1742184","LaSalle city, Illinois",48848,2021
"1742249","Latham village, Illinois",57083,2021
"1742392","Lawrence CDP, Illinois",102596,2021
"1742405","Lawrenceville city, Illinois",41525,2021
"1742457","Leaf River village, Illinois",62778,2021
"1742496","Lebanon city, Illinois",75179,2021
"1742587","Lee village, Illinois",67500,2021
"1742600","Lee Center CDP, Illinois",NA,2021
"1742756","Leland village, Illinois",59931,2021
"1742769","Leland Grove city, Illinois",123810,2021
"1742795","Lemont village, Illinois",119750,2021
"1742834","Lena village, Illinois",60179,2021
"1742860","Lenzburg village, Illinois",43636,2021
"1742912","Leonore village, Illinois",45833,2021
"1742938","Lerna village, Illinois",44375,2021
"1742971","Le Roy city, Illinois",78512,2021
"1743055","Lewistown city, Illinois",53141,2021
"1743094","Lexington city, Illinois",83233,2021
"1743133","Liberty village, Illinois",59063,2021
"1743250","Libertyville village, Illinois",153674,2021
"1743406","Lily Lake village, Illinois",122083,2021
"1743445","Lima village, Illinois",65568,2021
"1743510","Limestone village, Illinois",98482,2021
"1743536","Lincoln city, Illinois",51915,2021
"1743666","Lincolnshire village, Illinois",144676,2021
"1743744","Lincolnwood village, Illinois",95650,2021
"1743770","Lindenhurst village, Illinois",121209,2021
"1743900","Lisbon village, Illinois",73750,2021
"1743939","Lisle village, Illinois",102676,2021
"1743965","Litchfield city, Illinois",50069,2021
"1743978","Literberry CDP, Illinois",NA,2021
"1744056","Littleton village, Illinois",52500,2021
"1744082","Little York village, Illinois",45795,2021
"1744121","Liverpool village, Illinois",43750,2021
"1744160","Livingston village, Illinois",56607,2021
"1744173","Loami village, Illinois",51875,2021
"1744225","Lockport city, Illinois",96481,2021
"1744244","Lockport Heights CDP, Illinois",93438,2021
"1744264","Loda village, Illinois",50000,2021
"1744381","Lomax village, Illinois",41250,2021
"1744407","Lombard village, Illinois",89079,2021
"1744446","London Mills village, Illinois",37396,2021
"1744498","Long Creek village, Illinois",86042,2021
"1744524","Long Grove village, Illinois",207275,2021
"1744550","Long Lake CDP, Illinois",76632,2021
"1744576","Long Point village, Illinois",60000,2021
"1744602","Longview village, Illinois",43750,2021
"1744719","Loraine village, Illinois",51397,2021
"1744784","Lorenzo CDP, Illinois",NA,2021
"1744823","Lostant village, Illinois",67500,2021
"1744836","Lost Nation CDP, Illinois",98846,2021
"1744927","Louisville village, Illinois",35897,2021
"1745031","Loves Park city, Illinois",57894,2021
"1745044","Lovington village, Illinois",53603,2021
"1745109","Lowpoint CDP, Illinois",NA,2021
"1745174","Ludlow village, Illinois",44000,2021
"1745278","Lyndon village, Illinois",40000,2021
"1745343","Lynn Center CDP, Illinois",102083,2021
"1745369","Lynnville village, Illinois",48333,2021
"1745421","Lynwood village, Illinois",90185,2021
"1745434","Lyons village, Illinois",67807,2021
"1745525","McClure village, Illinois",46364,2021
"1745564","McCook village, Illinois",68750,2021
"1745616","McCullom Lake village, Illinois",67083,2021
"1745642","Macedonia village, Illinois",26250,2021
"1745694","McHenry city, Illinois",76858,2021
"1745726","Machesney Park village, Illinois",65442,2021
"1745785","Mackinaw village, Illinois",66908,2021
"1745811","McLean village, Illinois",82500,2021
"1745824","McLeansboro city, Illinois",55197,2021
"1745850","McNabb village, Illinois",74500,2021
"1745889","Macomb city, Illinois",33588,2021
"1745941","Macon city, Illinois",60000,2021
"1745993","Madison city, Illinois",33958,2021
"1746058","Maeystown village, Illinois",68750,2021
"1746110","Magnolia village, Illinois",55000,2021
"1746136","Mahomet village, Illinois",122386,2021
"1746214","Makanda village, Illinois",65000,2021
"1746240","Malden village, Illinois",56750,2021
"1746279","Malta village, Illinois",73047,2021
"1746331","Manchester village, Illinois",56250,2021
"1746357","Manhattan village, Illinois",112706,2021
"1746383","Manito village, Illinois",60882,2021
"1746422","Manlius village, Illinois",49375,2021
"1746487","Mansfield village, Illinois",70125,2021
"1746500","Manteno village, Illinois",83625,2021
"1746604","Maple Park village, Illinois",104250,2021
"1746643","Mapleton village, Illinois",57500,2021
"1746695","Maquon village, Illinois",51667,2021
"1746734","Marcelline CDP, Illinois",NA,2021
"1746786","Marengo city, Illinois",65136,2021
"1746825","Marietta village, Illinois",45000,2021
"1746864","Marine village, Illinois",69688,2021
"1746916","Marion city, Illinois",46515,2021
"1746955","Marissa village, Illinois",47262,2021
"1746981","Mark village, Illinois",68333,2021
"1747007","Markham city, Illinois",43835,2021
"1747046","Marley CDP, Illinois",NA,2021
"1747072","Maroa city, Illinois",60625,2021
"1747111","Marquette Heights city, Illinois",61842,2021
"1747150","Marseilles city, Illinois",53958,2021
"1747163","Marshall city, Illinois",58454,2021
"1747254","Martinsville city, Illinois",49141,2021
"1747280","Martinton village, Illinois",77250,2021
"1747397","Maryville village, Illinois",84402,2021
"1747423","Mascoutah city, Illinois",79189,2021
"1747449","Mason town, Illinois",55114,2021
"1747475","Mason City city, Illinois",50625,2021
"1747527","Matherville village, Illinois",70417,2021
"1747540","Matteson village, Illinois",85332,2021
"1747553","Mattoon city, Illinois",41320,2021
"1747592","Maunie village, Illinois",42083,2021
"1747774","Maywood village, Illinois",58764,2021
"1747787","Mazon village, Illinois",62935,2021
"1748021","Mechanicsburg village, Illinois",70000,2021
"1748073","Media village, Illinois",65893,2021
"1748138","Medora village, Illinois",64583,2021
"1748242","Melrose Park village, Illinois",58871,2021
"1748268","Melvin village, Illinois",47500,2021
"1748307","Mendon village, Illinois",56875,2021
"1748333","Mendota city, Illinois",61250,2021
"1748359","Menominee village, Illinois",87250,2021
"1748424","Meredosia village, Illinois",51806,2021
"1748554","Merrionette Park village, Illinois",45100,2021
"1748567","Merritt CDP, Illinois",NA,2021
"1748606","Metamora village, Illinois",80325,2021
"1748632","Metcalf village, Illinois",46696,2021
"1748645","Metropolis city, Illinois",45833,2021
"1748671","Mettawa village, Illinois",110625,2021
"1748684","Meyer CDP, Illinois",NA,2021
"1748853","Middletown village, Illinois",53125,2021
"1748892","Midlothian village, Illinois",58011,2021
"1749009","Milan village, Illinois",54691,2021
"1749048","Milford village, Illinois",45000,2021
"1749100","Millbrook village, Illinois",98125,2021
"1749178","Mill Creek village, Illinois",NA,2021
"1749191","Milledgeville village, Illinois",49922,2021
"1749243","Millersburg CDP, Illinois",NA,2021
"1749308","Millington village, Illinois",81750,2021
"1749347","Mill Shoals village, Illinois",51731,2021
"1749386","Millstadt village, Illinois",85845,2021
"1749477","Milton village, Illinois",42614,2021
"1749516","Mineral village, Illinois",39722,2021
"1749555","Minier village, Illinois",62813,2021
"1749568","Minonk city, Illinois",54194,2021
"1749607","Minooka village, Illinois",105905,2021
"1749698","Mitchell CDP, Illinois",42125,2021
"1749802","Modesto village, Illinois",55625,2021
"1749854","Mokena village, Illinois",114455,2021
"1749867","Moline city, Illinois",59697,2021
"1749893","Momence city, Illinois",45556,2021
"1749945","Monee village, Illinois",79013,2021
"1750010","Monmouth city, Illinois",54400,2021
"1750062","Monroe Center village, Illinois",82500,2021
"1750218","Montgomery village, Illinois",100911,2021
"1750244","Monticello city, Illinois",83878,2021
"1750283","Montrose village, Illinois",46625,2021
"1750452","Moro CDP, Illinois",76017,2021
"1750491","Morris city, Illinois",65911,2021
"1750530","Morrison city, Illinois",60461,2021
"1750543","Morrisonville village, Illinois",59700,2021
"1750621","Morton village, Illinois",81792,2021
"1750647","Morton Grove village, Illinois",91389,2021
"1750699","Mossville CDP, Illinois",NA,2021
"1750751","Mound City city, Illinois",46250,2021
"1750777","Mounds city, Illinois",27297,2021
"1750790","Mound Station village, Illinois",67000,2021
"1750829","Mount Auburn village, Illinois",55625,2021
"1750868","Mount Carmel city, Illinois",41177,2021
"1750881","Mount Carroll city, Illinois",59107,2021
"1750920","Mount Clare village, Illinois",38750,2021
"1750933","Mount Erie village, Illinois",42188,2021
"1750998","Mount Morris village, Illinois",34728,2021
"1751024","Mount Olive city, Illinois",44201,2021
"1751089","Mount Prospect village, Illinois",92477,2021
"1751128","Mount Pulaski city, Illinois",62938,2021
"1751154","Mount Sterling city, Illinois",49813,2021
"1751180","Mount Vernon city, Illinois",44373,2021
"1751206","Mount Zion village, Illinois",90823,2021
"1751232","Moweaqua village, Illinois",64032,2021
"1751271","Muddy village, Illinois",NA,2021
"1751284","Mulberry Grove village, Illinois",44583,2021
"1751310","Mulkeytown CDP, Illinois",NA,2021
"1751336","Muncie village, Illinois",61875,2021
"1751349","Mundelein village, Illinois",96993,2021
"1751453","Murphysboro city, Illinois",38949,2021
"1751479","Murrayville village, Illinois",48125,2021
"1751544","Nachusa CDP, Illinois",NA,2021
"1751622","Naperville city, Illinois",135772,2021
"1751648","Naplate village, Illinois",44375,2021
"1751661","Naples town, Illinois",NA,2021
"1751700","Nashville city, Illinois",60610,2021
"1751726","Nason city, Illinois",47917,2021
"1751791","Nauvoo city, Illinois",43000,2021
"1751882","Nebo village, Illinois",38750,2021
"1751934","Nekoma CDP, Illinois",16012,2021
"1751947","Nelson village, Illinois",34167,2021
"1751986","Neoga city, Illinois",53750,2021
"1751999","Neponset village, Illinois",57188,2021
"1752103","Newark village, Illinois",106667,2021
"1752116","New Athens village, Illinois",72056,2021
"1752142","New Baden village, Illinois",79662,2021
"1752155","New Bedford village, Illinois",55000,2021
"1752168","New Berlin village, Illinois",72500,2021
"1752220","New Boston city, Illinois",40125,2021
"1752285","New Burnside village, Illinois",34063,2021
"1752311","New Canton town, Illinois",31094,2021
"1752415","New Douglas village, Illinois",45438,2021
"1752467","New Grand Chain village, Illinois",26806,2021
"1752506","New Haven village, Illinois",32188,2021
"1752545","New Holland village, Illinois",75000,2021
"1752584","New Lenox village, Illinois",118817,2021
"1752623","Newman city, Illinois",65429,2021
"1752701","New Milford village, Illinois",63182,2021
"1752714","New Minden village, Illinois",58125,2021
"1752805","New Salem village, Illinois",NA,2021
"1752844","Newton city, Illinois",50614,2021
"1752961","Niantic village, Illinois",59219,2021
"1753000","Niles village, Illinois",69081,2021
"1753039","Nilwood town, Illinois",42361,2021
"1753078","Niota CDP, Illinois",50859,2021
"1753143","Noble village, Illinois",43958,2021
"1753169","Nokomis city, Illinois",55536,2021
"1753195","Nora village, Illinois",46800,2021
"1753234","Normal town, Illinois",58564,2021
"1753377","Norridge village, Illinois",80911,2021
"1753390","Norris village, Illinois",53438,2021
"1753403","Norris City village, Illinois",42900,2021
"1753442","North Aurora village, Illinois",88727,2021
"1753455","North Barrington village, Illinois",205682,2021
"1753481","Northbrook village, Illinois",143506,2021
"1753559","North Chicago city, Illinois",47884,2021
"1753585","North City village, Illinois",55000,2021
"1753663","Northfield village, Illinois",160331,2021
"1753793","North Henderson village, Illinois",76250,2021
"1753871","Northlake city, Illinois",64792,2021
"1754092","North Pekin village, Illinois",69244,2021
"1754144","North Riverside village, Illinois",59882,2021
"1754222","North Utica village, Illinois",96563,2021
"1754404","Norwood village, Illinois",65750,2021
"1754534","Oak Brook village, Illinois",146409,2021
"1754560","Oakbrook Terrace city, Illinois",60761,2021
"1754586","Oakdale village, Illinois",85227,2021
"1754625","Oakford village, Illinois",59792,2021
"1754638","Oak Forest city, Illinois",81288,2021
"1754703","Oak Grove village, Illinois",29375,2021
"1754781","Oakland city, Illinois",45694,2021
"1754820","Oak Lawn village, Illinois",70787,2021
"1754885","Oak Park village, Illinois",98081,2021
"1754924","Oak Run CDP, Illinois",112500,2021
"1755002","Oakwood village, Illinois",45438,2021
"1755041","Oakwood Hills village, Illinois",111528,2021
"1755106","Oblong village, Illinois",49900,2021
"1755132","Oconee village, Illinois",60313,2021
"1755171","Odell village, Illinois",48542,2021
"1755210","Odin village, Illinois",38402,2021
"1755249","O'Fallon city, Illinois",96698,2021
"1755275","Ogden village, Illinois",77361,2021
"1755353","Oglesby city, Illinois",59150,2021
"1755379","Ohio village, Illinois",53182,2021
"1755418","Ohlman village, Illinois",43000,2021
"1755470","Okawville village, Illinois",73864,2021
"1755639","Old Mill Creek village, Illinois",105417,2021
"1755717","Old Ripley village, Illinois",66875,2021
"1755756","Old Shawneetown village, Illinois",21042,2021
"1755847","Olive Branch CDP, Illinois",48250,2021
"1755886","Olivet CDP, Illinois",NA,2021
"1755899","Olmsted village, Illinois",24688,2021
"1755912","Olney city, Illinois",55434,2021
"1755938","Olympia Fields village, Illinois",95946,2021
"1756003","Omaha village, Illinois",49844,2021
"1756081","Onarga village, Illinois",51638,2021
"1756159","Oneida city, Illinois",58490,2021
"1756198","Opdyke CDP, Illinois",56375,2021
"1756211","Ophiem CDP, Illinois",58841,2021
"1756237","Oquawka village, Illinois",48750,2021
"1756341","Orangeville village, Illinois",57386,2021
"1756471","Oreana village, Illinois",83214,2021
"1756484","Oregon city, Illinois",65375,2021
"1756536","Orient city, Illinois",36071,2021
"1756601","Orion village, Illinois",75100,2021
"1756627","Orland Hills village, Illinois",93162,2021
"1756640","Orland Park village, Illinois",89491,2021
"1756796","Osco CDP, Illinois",135577,2021
"1756887","Oswego village, Illinois",106790,2021
"1756926","Ottawa city, Illinois",61083,2021
"1756978","Otterville town, Illinois",55878,2021
"1757043","Owaneco village, Illinois",65000,2021
"1757121","Oxville CDP, Illinois",NA,2021
"1757160","Paderborn CDP, Illinois",NA,2021
"1757225","Palatine village, Illinois",86415,2021
"1757277","Palestine village, Illinois",58487,2021
"1757303","Palmer village, Illinois",49375,2021
"1757329","Palmyra village, Illinois",33194,2021
"1757342","Paloma CDP, Illinois",NA,2021
"1757381","Palos Heights city, Illinois",101037,2021
"1757394","Palos Hills city, Illinois",72570,2021
"1757407","Palos Park village, Illinois",122676,2021
"1757472","Pana city, Illinois",50833,2021
"1757498","Panama village, Illinois",56875,2021
"1757524","Panola village, Illinois",NA,2021
"1757576","Papineau village, Illinois",39167,2021
"1757628","Paris city, Illinois",44939,2021
"1757654","Park City city, Illinois",54291,2021
"1757693","Parkersburg village, Illinois",39375,2021
"1757732","Park Forest village, Illinois",58657,2021
"1757875","Park Ridge city, Illinois",124535,2021
"1758057","Patoka village, Illinois",56750,2021
"1758174","Pawnee village, Illinois",68672,2021
"1758226","Paw Paw village, Illinois",52466,2021
"1758239","Paxton city, Illinois",57794,2021
"1758265","Payson village, Illinois",63162,2021
"1758343","Pearl village, Illinois",50000,2021
"1758369","Pearl City village, Illinois",74107,2021
"1758408","Pecatonica village, Illinois",65767,2021
"1758447","Pekin city, Illinois",50838,2021
"1758577","Penfield CDP, Illinois",84722,2021
"1759000","Peoria city, Illinois",53568,2021
"1759026","Peoria Heights village, Illinois",51826,2021
"1759052","Peotone village, Illinois",86625,2021
"1759104","Percy village, Illinois",37357,2021
"1759156","Perry village, Illinois",38125,2021
"1759234","Peru city, Illinois",56238,2021
"1759273","Pesotum village, Illinois",75625,2021
"1759312","Petersburg city, Illinois",60536,2021
"1759520","Phillipstown village, Illinois",59167,2021
"1759533","Philo village, Illinois",94635,2021
"1759572","Phoenix village, Illinois",31528,2021
"1759709","Pierron village, Illinois",70417,2021
"1759884","Pinckneyville city, Illinois",33614,2021
"1759988","Pingree Grove village, Illinois",98299,2021
"1760079","Piper City village, Illinois",34018,2021
"1760144","Pistakee Highlands CDP, Illinois",81090,2021
"1760209","Pittsburg village, Illinois",55214,2021
"1760222","Pittsfield city, Illinois",41638,2021
"1760287","Plainfield village, Illinois",134814,2021
"1760339","Plainville village, Illinois",56786,2021
"1760352","Plano city, Illinois",82883,2021
"1760391","Plattville village, Illinois",91250,2021
"1760534","Pleasant Hill village, Illinois",45476,2021
"1760599","Pleasant Plains village, Illinois",73929,2021
"1760826","Plum Valley CDP, Illinois",187594,2021
"1760833","Plymouth village, Illinois",46250,2021
"1760872","Pocahontas village, Illinois",46406,2021
"1760937","Polo city, Illinois",48446,2021
"1761015","Pontiac city, Illinois",50000,2021
"1761067","Pontoon Beach village, Illinois",49672,2021
"1761080","Pontoosuc village, Illinois",38438,2021
"1761145","Poplar Grove village, Illinois",104559,2021
"1761216","Port Barrington village, Illinois",140500,2021
"1761223","Port Byron village, Illinois",83077,2021
"1761314","Posen village, Illinois",55371,2021
"1761366","Potomac village, Illinois",48929,2021
"1761548","Prairie City village, Illinois",37031,2021
"1761639","Prairie du Rocher village, Illinois",60500,2021
"1761678","Prairie Grove village, Illinois",117500,2021
"1761743","Prairietown CDP, Illinois",95529,2021
"1761782","Preemption CDP, Illinois",66250,2021
"1761821","Prestbury CDP, Illinois",140301,2021
"1761860","Preston Heights CDP, Illinois",40500,2021
"1761899","Princeton city, Illinois",53492,2021
"1761925","Princeville village, Illinois",64219,2021
"1761977","Prophetstown city, Illinois",57778,2021
"1762016","Prospect Heights city, Illinois",77763,2021
"1762211","Pulaski village, Illinois",29013,2021
"1762367","Quincy city, Illinois",50857,2021
"1762523","Radom village, Illinois",58750,2021
"1762588","Raleigh village, Illinois",48750,2021
"1762627","Ramsey village, Illinois",34524,2021
"1762744","Rankin village, Illinois",47031,2021
"1762757","Ransom village, Illinois",57321,2021
"1762783","Rantoul village, Illinois",44130,2021
"1762822","Rapids City village, Illinois",82679,2021
"1762848","Raritan village, Illinois",70000,2021
"1762965","Raymond village, Illinois",57969,2021
"1763043","Red Bud city, Illinois",61310,2021
"1763056","Reddick village, Illinois",53750,2021
"1763069","Redmon village, Illinois",56667,2021
"1763355","Rentchler CDP, Illinois",NA,2021
"1763382","Rest Haven CDP, Illinois",NA,2021
"1763420","Reynolds village, Illinois",66346,2021
"1763537","Richfield CDP, Illinois",NA,2021
"1763641","Richmond village, Illinois",55964,2021
"1763706","Richton Park village, Illinois",65132,2021
"1763719","Richview village, Illinois",38750,2021
"1763862","Ridge Farm village, Illinois",50104,2021
"1763875","Ridgefield CDP, Illinois",117523,2021
"1764005","Ridgewood CDP, Illinois",56031,2021
"1764018","Ridgway village, Illinois",41464,2021
"1764044","Ridott village, Illinois",48750,2021
"1764083","Riggston CDP, Illinois",NA,2021
"1764094","Riley CDP, Illinois",NA,2021
"1764135","Ringwood village, Illinois",128000,2021
"1764148","Rio village, Illinois",46250,2021
"1764174","Ripley village, Illinois",39167,2021
"1764239","Ritchie CDP, Illinois",56184,2021
"1764278","Riverdale village, Illinois",38233,2021
"1764304","River Forest village, Illinois",129263,2021
"1764343","River Grove village, Illinois",65625,2021
"1764421","Riverside village, Illinois",128808,2021
"1764486","Riverton village, Illinois",47727,2021
"1764538","Riverwoods village, Illinois",213068,2021
"1764590","Roanoke village, Illinois",65114,2021
"1764616","Robbins village, Illinois",34760,2021
"1764655","Roberts village, Illinois",51875,2021
"1764707","Robinson city, Illinois",49852,2021
"1764746","Rochelle city, Illinois",50500,2021
"1764759","Rochester village, Illinois",105140,2021
"1764811","Rockbridge village, Illinois",61875,2021
"1764837","Rock City village, Illinois",54688,2021
"1764902","Rockdale village, Illinois",44915,2021
"1764928","Rock Falls city, Illinois",45780,2021
"1765000","Rockford city, Illinois",47002,2021
"1765078","Rock Island city, Illinois",50965,2021
"1765104","Rock Island Arsenal CDP, Illinois",NA,2021
"1765130","Rockport CDP, Illinois",110125,2021
"1765156","Rockton village, Illinois",103397,2021
"1765221","Rockwood village, Illinois",58750,2021
"1765338","Rolling Meadows city, Illinois",81601,2021
"1765403","Rome CDP, Illinois",72014,2021
"1765442","Romeoville village, Illinois",88205,2021
"1765481","Roodhouse city, Illinois",42589,2021
"1765611","Roscoe village, Illinois",101250,2021
"1765754","Rose Hill village, Illinois",34688,2021
"1765806","Roselle village, Illinois",94589,2021
"1765819","Rosemont village, Illinois",62148,2021
"1765845","Roseville village, Illinois",48304,2021
"1765884","Rosewood Heights CDP, Illinois",75631,2021
"1765897","Rosiclare city, Illinois",39177,2021
"1765962","Rossville village, Illinois",48750,2021
"1766027","Round Lake village, Illinois",86451,2021
"1766040","Round Lake Beach village, Illinois",79837,2021
"1766053","Round Lake Heights village, Illinois",73807,2021
"1766066","Round Lake Park village, Illinois",52604,2021
"1766131","Roxana village, Illinois",51667,2021
"1766157","Royal village, Illinois",79464,2021
"1766196","Royal Lakes village, Illinois",18000,2021
"1766209","Royalton village, Illinois",41705,2021
"1766287","Ruma village, Illinois",70417,2021
"1766339","Rushville city, Illinois",44679,2021
"1766404","Russellville village, Illinois",35673,2021
"1766443","Rutland village, Illinois",40938,2021
"1766534","Sadorus village, Illinois",59792,2021
"1766599","Sailor Springs village, Illinois",66111,2021
"1766638","St. Anne village, Illinois",63015,2021
"1766677","St. Augustine village, Illinois",40938,2021
"1766703","St. Charles city, Illinois",106069,2021
"1766768","St. David village, Illinois",44643,2021
"1766794","St. Elmo city, Illinois",47303,2021
"1766800","Ste. Marie village, Illinois",51964,2021
"1766833","St. Francisville city, Illinois",50962,2021
"1766859","St. Jacob village, Illinois",89571,2021
"1766924","St. Johns village, Illinois",36250,2021
"1766950","St. Joseph village, Illinois",94158,2021
"1766989","St. Libory village, Illinois",81719,2021
"1767132","St. Peter village, Illinois",56000,2021
"1767158","St. Rose village, Illinois",88125,2021
"1767236","Salem city, Illinois",51559,2021
"1767372","Sammons Point village, Illinois",53750,2021
"1767444","Sandoval village, Illinois",37031,2021
"1767548","Sandwich city, Illinois",75115,2021
"1767613","San Jose village, Illinois",59318,2021
"1767756","Sauget village, Illinois",59583,2021
"1767769","Sauk Village village, Illinois",48877,2021
"1767795","Saunemin village, Illinois",60833,2021
"1767821","Savanna city, Illinois",42713,2021
"1767860","Savoy village, Illinois",78584,2021
"1767873","Sawyerville village, Illinois",38750,2021
"1767912","Saybrook village, Illinois",52273,2021
"1767925","Scales Mound village, Illinois",58611,2021
"1768003","Schaumburg village, Illinois",85147,2021
"1768081","Schiller Park village, Illinois",59420,2021
"1768120","Schram City village, Illinois",41932,2021
"1768198","Sciota village, Illinois",105278,2021
"1768328","Scott AFB CDP, Illinois",77400,2021
"1768406","Scottville village, Illinois",57981,2021
"1768458","Seaton village, Illinois",70536,2021
"1768471","Seatonville village, Illinois",42209,2021
"1768510","Secor village, Illinois",56667,2021
"1768640","Seneca village, Illinois",85294,2021
"1768679","Serena CDP, Illinois",NA,2021
"1768705","Sesser city, Illinois",57933,2021
"1768809","Seymour CDP, Illinois",107500,2021
"1768822","Shabbona village, Illinois",58864,2021
"1768991","Shannon village, Illinois",57386,2021
"1769082","Shawneetown city, Illinois",37500,2021
"1769147","Sheffield village, Illinois",63750,2021
"1769186","Shelbyville city, Illinois",51061,2021
"1769212","Sheldon village, Illinois",41118,2021
"1769277","Sheridan village, Illinois",73029,2021
"1769342","Sherman village, Illinois",132500,2021
"1769368","Sherrard village, Illinois",74464,2021
"1769524","Shiloh village, Illinois",86292,2021
"1769563","Shipman town, Illinois",52708,2021
"1769628","Shirley CDP, Illinois",60781,2021
"1769758","Shorewood village, Illinois",111560,2021
"1769797","Shumway village, Illinois",67500,2021
"1769810","Sibley village, Illinois",56667,2021
"1769836","Sidell village, Illinois",61250,2021
"1769875","Sidney village, Illinois",74943,2021
"1769914","Sigel town, Illinois",80833,2021
"1769979","Silvis city, Illinois",63008,2021
"1770005","Simpson village, Illinois",51875,2021
"1770031","Sims village, Illinois",50417,2021
"1770122","Skokie village, Illinois",80543,2021
"1770161","Sleepy Hollow village, Illinois",127545,2021
"1770213","Smithboro village, Illinois",39583,2021
"1770226","Smithfield village, Illinois",53125,2021
"1770252","Smithton village, Illinois",99279,2021
"1770278","Smithville CDP, Illinois",NA,2021
"1770356","Solon Mills CDP, Illinois",136071,2021
"1770460","Somonauk village, Illinois",72500,2021
"1770525","Sorento village, Illinois",35417,2021
"1770564","South Barrington village, Illinois",198388,2021
"1770590","South Beloit city, Illinois",65218,2021
"1770629","South Chicago Heights village, Illinois",45119,2021
"1770720","South Elgin village, Illinois",112115,2021
"1770759","Southern View village, Illinois",47244,2021
"1770850","South Holland village, Illinois",72345,2021
"1770889","South Jacksonville village, Illinois",55526,2021
"1771175","South Pekin village, Illinois",59792,2021
"1771240","South Roxana village, Illinois",44679,2021
"1771370","South Wilmington village, Illinois",76667,2021
"1771422","Sparland village, Illinois",42045,2021
"1771448","Sparta city, Illinois",57375,2021
"1771474","Spaulding village, Illinois",104904,2021
"1771526","Spillertown village, Illinois",53750,2021
"1771604","Spring Bay village, Illinois",39792,2021
"1771643","Springerton village, Illinois",51250,2021
"1772000","Springfield city, Illinois",57596,2021
"1772052","Spring Grove village, Illinois",131735,2021
"1772156","Spring Valley city, Illinois",54191,2021
"1772221","Standard village, Illinois",42344,2021
"1772234","Standard City village, Illinois",68036,2021
"1772260","Stanford village, Illinois",63750,2021
"1772403","Staunton city, Illinois",54659,2021
"1772468","Steeleville village, Illinois",48750,2021
"1772520","Steger village, Illinois",53427,2021
"1772546","Sterling city, Illinois",47778,2021
"1772624","Steward village, Illinois",85000,2021
"1772650","Stewardson village, Illinois",58750,2021
"1772676","Stickney village, Illinois",61507,2021
"1772702","Stillman Valley village, Illinois",74773,2021
"1772780","Stockton village, Illinois",48221,2021
"1772884","Stonefort village, Illinois",37857,2021
"1772923","Stone Park village, Illinois",68268,2021
"1772949","Stonington village, Illinois",52500,2021
"1773027","Stoy village, Illinois",76250,2021
"1773040","Strasburg village, Illinois",63281,2021
"1773131","Strawn village, Illinois",56875,2021
"1773157","Streamwood village, Illinois",88824,2021
"1773170","Streator city, Illinois",43053,2021
"1773261","Stronghurst village, Illinois",58889,2021
"1773287","Sublette village, Illinois",65250,2021
"1773391","Sugar Grove village, Illinois",109331,2021
"1773495","Sullivan city, Illinois",59014,2021
"1773547","Summerfield village, Illinois",44125,2021
"1773638","Summit village, Illinois",48929,2021
"1773703","Sumner city, Illinois",39554,2021
"1773872","Sunnyland CDP, Illinois",59583,2021
"1773943","Sun River Terrace village, Illinois",48462,2021
"1774119","Swansea village, Illinois",80331,2021
"1774145","Swedona CDP, Illinois",73214,2021
"1774223","Sycamore city, Illinois",73475,2021
"1774275","Symerton village, Illinois",58750,2021
"1774301","Table Grove village, Illinois",43214,2021
"1774379","Tallula village, Illinois",54432,2021
"1774444","Tamaroa village, Illinois",46250,2021
"1774457","Tamms village, Illinois",45069,2021
"1774470","Tampico village, Illinois",52708,2021
"1774548","Taylor Ridge CDP, Illinois",NA,2021
"1774561","Taylor Springs village, Illinois",40172,2021
"1774574","Taylorville city, Illinois",43197,2021
"1774665","Tennessee village, Illinois",36875,2021
"1774743","Teutopolis village, Illinois",79474,2021
"1774847","Thawville village, Illinois",39500,2021
"1774860","Thayer village, Illinois",52778,2021
"1774873","Thebes village, Illinois",42500,2021
"1774970","The Galena Territory CDP, Illinois",108141,2021
"1775081","Third Lake village, Illinois",141000,2021
"1775107","Thomasboro village, Illinois",57841,2021
"1775159","Thompsonville village, Illinois",35268,2021
"1775172","Thomson village, Illinois",50556,2021
"1775185","Thornton village, Illinois",59632,2021
"1775263","Tilden village, Illinois",44375,2021
"1775276","Tilton village, Illinois",46467,2021
"1775360","Timberlane village, Illinois",175625,2021
"1775419","Time village, Illinois",48125,2021
"1775484","Tinley Park village, Illinois",87864,2021
"1775549","Tiskilwa village, Illinois",44226,2021
"1775601","Toledo village, Illinois",63333,2021
"1775614","Tolono village, Illinois",66842,2021
"1775653","Toluca city, Illinois",52292,2021
"1775718","Tonica village, Illinois",58958,2021
"1775757","Topeka village, Illinois",58750,2021
"1775783","Toulon city, Illinois",42292,2021
"1775809","Tovey village, Illinois",79167,2021
"1775822","Towanda village, Illinois",65938,2021
"1775848","Tower Hill village, Illinois",54500,2021
"1775874","Tower Lakes village, Illinois",148750,2021
"1775965","Tremont village, Illinois",68295,2021
"1775991","Trenton city, Illinois",58689,2021
"1776017","Trilla CDP, Illinois",NA,2021
"1776082","Triumph CDP, Illinois",NA,2021
"1776108","Trivoli CDP, Illinois",73125,2021
"1776160","Trout Valley village, Illinois",200240,2021
"1776199","Troy city, Illinois",80677,2021
"1776225","Troy Grove village, Illinois",79583,2021
"1776407","Tuscola city, Illinois",68019,2021
"1776511","Twin Grove CDP, Illinois",1e+05,2021
"1776615","Ullin village, Illinois",62250,2021
"1776706","Union village, Illinois",101250,2021
"1776771","Union Hill village, Illinois",71875,2021
"1776875","Unity CDP, Illinois",NA,2021
"1776935","University Park village, Illinois",65924,2021
"1777005","Urbana city, Illinois",37701,2021
"1777044","Ursa village, Illinois",46429,2021
"1777148","Valier village, Illinois",37321,2021
"1777187","Valley City village, Illinois",NA,2021
"1777265","Valmeyer village, Illinois",94531,2021
"1777317","Vandalia city, Illinois",36064,2021
"1777395","Varna village, Illinois",63500,2021
"1777408","Venedy village, Illinois",46250,2021
"1777460","Venetian Village CDP, Illinois",83438,2021
"1777473","Venice city, Illinois",32446,2021
"1777525","Vergennes village, Illinois",50250,2021
"1777551","Vermilion village, Illinois",50625,2021
"1777642","Vermont village, Illinois",41042,2021
"1777681","Vernon village, Illinois",47857,2021
"1777694","Vernon Hills village, Illinois",107938,2021
"1777707","Verona village, Illinois",38750,2021
"1777720","Versailles village, Illinois",50833,2021
"1777811","Victoria village, Illinois",45750,2021
"1777863","Vienna city, Illinois",34844,2021
"1777941","Villa Grove city, Illinois",57009,2021
"1777993","Villa Park village, Illinois",85173,2021
"1778123","Viola village, Illinois",64800,2021
"1778149","Virden city, Illinois",57193,2021
"1778175","Virgil village, Illinois",89750,2021
"1778201","Virginia city, Illinois",49868,2021
"1778227","Volo village, Illinois",109778,2021
"1778370","Wadsworth village, Illinois",106991,2021
"1778383","Waggoner village, Illinois",63438,2021
"1778526","Walnut village, Illinois",47367,2021
"1778604","Walnut Hill village, Illinois",34250,2021
"1778656","Walshville village, Illinois",NA,2021
"1778708","Waltonville village, Illinois",48750,2021
"1778721","Wamac city, Illinois",34792,2021
"1778773","Wapella village, Illinois",65114,2021
"1778851","Warren village, Illinois",57750,2021
"1778916","Warrensburg village, Illinois",74688,2021
"1778929","Warrenville city, Illinois",89010,2021
"1778942","Warsaw city, Illinois",56793,2021
"1779007","Washburn village, Illinois",49000,2021
"1779033","Washington city, Illinois",79384,2021
"1779085","Washington Park village, Illinois",26928,2021
"1779124","Wataga village, Illinois",44821,2021
"1779150","Waterloo city, Illinois",79107,2021
"1779163","Waterman village, Illinois",88047,2021
"1779228","Watseka city, Illinois",38328,2021
"1779241","Watson village, Illinois",63000,2021
"1779267","Wauconda village, Illinois",102750,2021
"1779293","Waukegan city, Illinois",58844,2021
"1779358","Waverly city, Illinois",48125,2021
"1779397","Wayne village, Illinois",143750,2021
"1779436","Wayne City village, Illinois",52500,2021
"1779449","Waynesville village, Illinois",69286,2021
"1779618","Wedron CDP, Illinois",72470,2021
"1779683","Weldon village, Illinois",43571,2021
"1779735","Wellington village, Illinois",34583,2021
"1779813","Wenona city, Illinois",37250,2021
"1779826","Wenonah village, Illinois",93750,2021
"1780008","West Brooklyn village, Illinois",88438,2021
"1780047","Westchester village, Illinois",94151,2021
"1780060","West Chicago city, Illinois",83379,2021
"1780073","West City village, Illinois",38594,2021
"1780125","West Dundee village, Illinois",99734,2021
"1780242","Western Springs village, Illinois",196638,2021
"1780255","Westervelt CDP, Illinois",NA,2021
"1780281","Westfield village, Illinois",55714,2021
"1780333","West Frankfort city, Illinois",37328,2021
"1780570","Westlake Village CDP, Illinois",130804,2021
"1780580","West Liberty CDP, Illinois",NA,2021
"1780645","Westmont village, Illinois",76534,2021
"1780736","West Peoria city, Illinois",51724,2021
"1780762","West Point village, Illinois",69000,2021
"1780853","West Salem village, Illinois",45139,2021
"1780879","West Union CDP, Illinois",70357,2021
"1780931","Westville village, Illinois",51522,2021
"1780957","West York CDP, Illinois",NA,2021
"1781048","Wheaton city, Illinois",108737,2021
"1781074","Wheeler village, Illinois",38250,2021
"1781087","Wheeling village, Illinois",74331,2021
"1781165","Whiteash CDP, Illinois",NA,2021
"1781191","White City village, Illinois",60156,2021
"1781256","White Hall city, Illinois",42540,2021
"1781295","White Heath CDP, Illinois",103810,2021
"1781802","Williamsfield village, Illinois",76250,2021
"1781815","Williamson village, Illinois",51346,2021
"1781854","Williamsville village, Illinois",89551,2021
"1781867","Willisville village, Illinois",55125,2021
"1781919","Willowbrook village, Illinois",92202,2021
"1781938","Willowbrook CDP, Illinois",76529,2021
"1782010","Willow Hill village, Illinois",31705,2021
"1782029","Willow Lake CDP, Illinois",74038,2021
"1782049","Willow Springs village, Illinois",98860,2021
"1782075","Wilmette village, Illinois",173967,2021
"1782088","Wilmington village, Illinois",NA,2021
"1782101","Wilmington city, Illinois",57679,2021
"1782218","Wilsonville village, Illinois",56705,2021
"1782257","Wilton Center CDP, Illinois",83750,2021
"1782270","Winchester city, Illinois",50833,2021
"1782309","Windsor village, Illinois",49615,2021
"1782322","Windsor city, Illinois",45000,2021
"1782400","Winfield village, Illinois",131218,2021
"1782491","Winnebago village, Illinois",85300,2021
"1782530","Winnetka village, Illinois",250001,2021
"1782543","Winslow village, Illinois",58750,2021
"1782686","Winthrop Harbor village, Illinois",85536,2021
"1782725","Witt city, Illinois",39318,2021
"1782855","Wonder Lake village, Illinois",95152,2021
"1782985","Wood Dale city, Illinois",80079,2021
"1783063","Woodhull village, Illinois",62143,2021
"1783102","Woodland village, Illinois",50833,2021
"1783206","Woodlawn village, Illinois",61500,2021
"1783245","Woodridge village, Illinois",91399,2021
"1783271","Wood River city, Illinois",58065,2021
"1783336","Woodson village, Illinois",61250,2021
"1783349","Woodstock city, Illinois",77333,2021
"1783505","Worden village, Illinois",70139,2021
"1783518","Worth village, Illinois",54071,2021
"1783622","Wyanet village, Illinois",49950,2021
"1783687","Wyoming city, Illinois",51705,2021
"1783739","Xenia village, Illinois",45417,2021
"1783765","Yale village, Illinois",42596,2021
"1783817","Yates City village, Illinois",54167,2021
"1784038","Yorkville city, Illinois",105129,2021
"1784155","Zeigler city, Illinois",46447,2021
"1784220","Zion city, Illinois",58431,2021
"1700113","Abingdon city, Illinois",55313,2022
"1700178","Adair CDP, Illinois",NA,2022
"1700191","Adams CDP, Illinois",NA,2022
"1700230","Addieville village, Illinois",103750,2022
"1700243","Addison village, Illinois",82547,2022
"1700295","Adeline village, Illinois",58333,2022
"1700516","Albany village, Illinois",64000,2022
"1700555","Albers village, Illinois",110977,2022
"1700568","Albion city, Illinois",55848,2022
"1700594","Alden CDP, Illinois",NA,2022
"1700646","Aledo city, Illinois",57795,2022
"1700659","Alexander CDP, Illinois",103750,2022
"1700672","Alexis village, Illinois",71250,2022
"1700685","Algonquin village, Illinois",129658,2022
"1700737","Alhambra village, Illinois",59886,2022
"1700815","Allendale village, Illinois",74583,2022
"1700867","Allenville village, Illinois",61719,2022
"1700880","Allerton village, Illinois",58750,2022
"1700919","Alma village, Illinois",60000,2022
"1700971","Alpha village, Illinois",66719,2022
"1700997","Alsey village, Illinois",50000,2022
"1701010","Alsip village, Illinois",63131,2022
"1701049","Altamont city, Illinois",64688,2022
"1701114","Alton city, Illinois",49439,2022
"1701140","Altona village, Illinois",64861,2022
"1701205","Alto Pass village, Illinois",58393,2022
"1701242","Alvan (Alvin) village, Illinois",71771,2022
"1701270","Amboy city, Illinois",72829,2022
"1701361","Anchor village, Illinois",67596,2022
"1701426","Andalusia village, Illinois",68155,2022
"1701491","Andover village, Illinois",64464,2022
"1701517","Andres CDP, Illinois",NA,2022
"1701543","Anna city, Illinois",36786,2022
"1701556","Annapolis CDP, Illinois",80875,2022
"1701569","Annawan town, Illinois",56350,2022
"1701595","Antioch village, Illinois",112546,2022
"1701647","Apple Canyon Lake CDP, Illinois",98214,2022
"1701673","Apple River village, Illinois",50208,2022
"1701803","Arbury Hills CDP, Illinois",98594,2022
"1701881","Arcola city, Illinois",73188,2022
"1701946","Arenzville village, Illinois",76250,2022
"1701972","Argenta village, Illinois",77396,2022
"1702050","Argyle CDP, Illinois",159135,2022
"1702102","Arlington village, Illinois",50417,2022
"1702154","Arlington Heights village, Illinois",113502,2022
"1702206","Armington village, Illinois",49500,2022
"1702258","Aroma Park village, Illinois",59583,2022
"1702342","Arrowsmith village, Illinois",78438,2022
"1702414","Arthur village, Illinois",50192,2022
"1702479","Ashkum village, Illinois",68333,2022
"1702505","Ashland village, Illinois",66319,2022
"1702531","Ashley city, Illinois",45000,2022
"1702557","Ashmore village, Illinois",53603,2022
"1702583","Ashton village, Illinois",57344,2022
"1702609","Assumption city, Illinois",52746,2022
"1702635","Astoria town, Illinois",48365,2022
"1702674","Athens city, Illinois",78542,2022
"1702726","Atkinson town, Illinois",51593,2022
"1702752","Atlanta city, Illinois",67981,2022
"1702882","Atwood village, Illinois",56563,2022
"1702921","Auburn city, Illinois",84750,2022
"1702986","Augusta village, Illinois",38656,2022
"1703012","Aurora city, Illinois",85943,2022
"1703103","Ava city, Illinois",58750,2022
"1703181","Aviston village, Illinois",99821,2022
"1703207","Avon village, Illinois",41607,2022
"1703337","Baileyville CDP, Illinois",NA,2022
"1703454","Baldwin village, Illinois",44886,2022
"1703571","Banner village, Illinois",40000,2022
"1703610","Bannockburn village, Illinois",161875,2022
"1703675","Bardolph village, Illinois",31071,2022
"1703844","Barrington village, Illinois",160171,2022
"1703883","Barrington Hills village, Illinois",185278,2022
"1703948","Barry city, Illinois",59922,2022
"1703987","Barstow CDP, Illinois",44028,2022
"1704000","Bartelso village, Illinois",93250,2022
"1704013","Bartlett village, Illinois",126555,2022
"1704039","Bartonville village, Illinois",65347,2022
"1704052","Basco village, Illinois",43750,2022
"1704078","Batavia city, Illinois",113824,2022
"1704117","Batchtown village, Illinois",54375,2022
"1704156","Bath village, Illinois",44205,2022
"1704247","Baylis village, Illinois",NA,2022
"1704273","Bay View Gardens village, Illinois",41071,2022
"1704303","Beach Park village, Illinois",79402,2022
"1704351","Beardstown city, Illinois",58804,2022
"1704403","Beason CDP, Illinois",52981,2022
"1704507","Beaverville village, Illinois",53125,2022
"1704533","Beckemeyer village, Illinois",63816,2022
"1704572","Bedford Park village, Illinois",107396,2022
"1704585","Beecher village, Illinois",98153,2022
"1704598","Beecher City village, Illinois",39297,2022
"1704689","Belgium village, Illinois",57885,2022
"1704715","Belknap village, Illinois",97500,2022
"1704793","Belle Prairie City town, Illinois",NA,2022
"1704806","Belle Rive village, Illinois",53750,2022
"1704845","Belleville city, Illinois",60573,2022
"1704871","Bellevue village, Illinois",58495,2022
"1704897","Bellflower village, Illinois",76875,2022
"1704936","Bellmont village, Illinois",40000,2022
"1704975","Bellwood village, Illinois",72228,2022
"1705092","Belvidere city, Illinois",59216,2022
"1705144","Bement village, Illinois",67011,2022
"1705209","Benld city, Illinois",52738,2022
"1705248","Bensenville village, Illinois",76489,2022
"1705261","Benson village, Illinois",75139,2022
"1705274","Bentley town, Illinois",46250,2022
"1705300","Benton city, Illinois",48784,2022
"1705404","Berkeley village, Illinois",79691,2022
"1705443","Berlin village, Illinois",63750,2022
"1705573","Berwyn city, Illinois",71300,2022
"1705599","Bethalto village, Illinois",67569,2022
"1705612","Bethany village, Illinois",50238,2022
"1705729","Beverly CDP, Illinois",NA,2022
"1705859","Big Foot Prairie CDP, Illinois",NA,2022
"1705898","Biggsville village, Illinois",83750,2022
"1705976","Big Rock village, Illinois",122000,2022
"1706028","Bingham village, Illinois",48750,2022
"1706171","Bishop Hill village, Illinois",52321,2022
"1706184","Bismarck village, Illinois",73125,2022
"1706444","Blairsville CDP, Illinois",66548,2022
"1706470","Blandinsville village, Illinois",53750,2022
"1706565","Bloomfield CDP, Illinois",NA,2022
"1706587","Bloomingdale village, Illinois",96779,2022
"1706613","Bloomington city, Illinois",73119,2022
"1706704","Blue Island city, Illinois",57537,2022
"1706756","Blue Mound village, Illinois",57097,2022
"1706899","Bluffs village, Illinois",73214,2022
"1706964","Bluford village, Illinois",59688,2022
"1707133","Bolingbrook village, Illinois",102057,2022
"1707211","Bondville village, Illinois",55500,2022
"1707224","Bone Gap village, Illinois",52500,2022
"1707237","Bonfield village, Illinois",75000,2022
"1707263","Bonnie village, Illinois",66563,2022
"1707276","Bonnie Brae CDP, Illinois",83409,2022
"1707315","Boody CDP, Illinois",58583,2022
"1707419","Boulder Hill CDP, Illinois",76875,2022
"1707471","Bourbonnais village, Illinois",77738,2022
"1707510","Bowen village, Illinois",65804,2022
"1707640","Braceville village, Illinois",89688,2022
"1707692","Bradford village, Illinois",50313,2022
"1707744","Bradley village, Illinois",59746,2022
"1707770","Braidwood city, Illinois",76683,2022
"1707913","Breese city, Illinois",63224,2022
"1708186","Bridgeport city, Illinois",47778,2022
"1708225","Bridgeview village, Illinois",61426,2022
"1708264","Brighton village, Illinois",71786,2022
"1708303","Brimfield village, Illinois",58750,2022
"1708420","Broadlands village, Illinois",61250,2022
"1708446","Broadview village, Illinois",59261,2022
"1708472","Broadwell village, Illinois",61667,2022
"1708524","Brocton village, Illinois",56786,2022
"1708576","Brookfield village, Illinois",98867,2022
"1708667","Brooklyn village, Illinois",19286,2022
"1708706","Brookport city, Illinois",38319,2022
"1708875","Broughton village, Illinois",48438,2022
"1708953","Browning village, Illinois",NA,2022
"1708979","Browns village, Illinois",61250,2022
"1708992","Brownstown village, Illinois",52841,2022
"1709148","Brussels village, Illinois",52222,2022
"1709161","Bryant village, Illinois",50278,2022
"1709304","Buckingham village, Illinois",80694,2022
"1709317","Buckley village, Illinois",51875,2022
"1709330","Buckner village, Illinois",43068,2022
"1709356","Buda village, Illinois",49297,2022
"1709434","Buffalo village, Illinois",71250,2022
"1709447","Buffalo Grove village, Illinois",127553,2022
"1709499","Buffalo Prairie CDP, Illinois",NA,2022
"1709531","Bull Valley village, Illinois",147500,2022
"1709538","Bulpitt village, Illinois",71250,2022
"1709551","Buncombe village, Illinois",56563,2022
"1709577","Bunker Hill city, Illinois",67422,2022
"1709642","Burbank city, Illinois",81060,2022
"1709681","Bureau Junction village, Illinois",48750,2022
"1709759","Burlington village, Illinois",79531,2022
"1709798","Burnham village, Illinois",53397,2022
"1709889","Burnt Prairie village, Illinois",NA,2022
"1709980","Burr Ridge village, Illinois",174342,2022
"1710006","Burton CDP, Illinois",NA,2022
"1710045","Burtons Bridge CDP, Illinois",64896,2022
"1710084","Bush village, Illinois",53125,2022
"1710110","Bushnell city, Illinois",52227,2022
"1710149","Butler village, Illinois",60030,2022
"1710240","Byron city, Illinois",76212,2022
"1710292","Cabery village, Illinois",53750,2022
"1710305","Cable CDP, Illinois",66932,2022
"1710373","Cahokia Heights city, Illinois",30488,2022
"1710383","Cairo city, Illinois",31429,2022
"1710422","Caledonia village, Illinois",103125,2022
"1710448","Calhoun village, Illinois",67083,2022
"1710487","Calumet City city, Illinois",56727,2022
"1710513","Calumet Park village, Illinois",55717,2022
"1710591","Camargo village, Illinois",63750,2022
"1710630","Cambria village, Illinois",46894,2022
"1710643","Cambridge village, Illinois",74145,2022
"1710695","Camden village, Illinois",27500,2022
"1710747","Cameron CDP, Illinois",54770,2022
"1710773","Campbell Hill village, Illinois",52500,2022
"1710786","Campbell's Island CDP, Illinois",66250,2022
"1710877","Camp Point village, Illinois",49479,2022
"1710906","Campton Hills village, Illinois",192432,2022
"1710916","Campus village, Illinois",98958,2022
"1710936","Candlewick Lake CDP, Illinois",107589,2022
"1711007","Canton city, Illinois",52749,2022
"1711033","Cantrall village, Illinois",81875,2022
"1711124","Capron village, Illinois",86458,2022
"1711150","Carbon Cliff village, Illinois",50208,2022
"1711163","Carbondale city, Illinois",27360,2022
"1711176","Carbon Hill village, Illinois",93438,2022
"1711202","Carlinville city, Illinois",53583,2022
"1711215","Carlock village, Illinois",76000,2022
"1711228","Carlyle city, Illinois",65286,2022
"1711267","Carman CDP, Illinois",NA,2022
"1711293","Carmi city, Illinois",50116,2022
"1711332","Carol Stream village, Illinois",103525,2022
"1711358","Carpentersville village, Illinois",82866,2022
"1711397","Carrier Mills village, Illinois",49922,2022
"1711462","Carrollton city, Illinois",63026,2022
"1711514","Carterville city, Illinois",59174,2022
"1711527","Carthage city, Illinois",75962,2022
"1711592","Cary village, Illinois",107158,2022
"1711618","Casey city, Illinois",46296,2022
"1711644","Caseyville village, Illinois",55871,2022
"1711774","Catlin village, Illinois",62039,2022
"1711826","Cave-In-Rock village, Illinois",27625,2022
"1711982","Cedar Point village, Illinois",60313,2022
"1712008","Cedarville village, Illinois",65417,2022
"1712151","Central City village, Illinois",39688,2022
"1712164","Centralia city, Illinois",46468,2022
"1712268","Cerro Gordo village, Illinois",67303,2022
"1712294","Chadwick village, Illinois",66438,2022
"1712385","Champaign city, Illinois",58273,2022
"1712450","Chandlerville village, Illinois",42031,2022
"1712476","Channahon village, Illinois",112771,2022
"1712489","Channel Lake CDP, Illinois",57930,2022
"1712528","Chapin village, Illinois",67308,2022
"1712567","Charleston city, Illinois",47533,2022
"1712684","Chatham village, Illinois",104000,2022
"1712710","Chatsworth town, Illinois",56830,2022
"1712801","Chebanse village, Illinois",82143,2022
"1712879","Chemung CDP, Illinois",63069,2022
"1712931","Chenoa city, Illinois",65417,2022
"1712970","Cherry village, Illinois",42500,2022
"1713074","Cherry Valley village, Illinois",78125,2022
"1713139","Chester city, Illinois",68826,2022
"1713165","Chesterfield village, Illinois",57500,2022
"1713230","Chestnut CDP, Illinois",NA,2022
"1714000","Chicago city, Illinois",71673,2022
"1714026","Chicago Heights city, Illinois",56755,2022
"1714065","Chicago Ridge village, Illinois",65168,2022
"1714117","Chillicothe city, Illinois",59161,2022
"1714273","Chrisman city, Illinois",59271,2022
"1714286","Christopher city, Illinois",42650,2022
"1714351","Cicero town, Illinois",64325,2022
"1714442","Cisco village, Illinois",53906,2022
"1714455","Cisne village, Illinois",46389,2022
"1714468","Cissna Park village, Illinois",47171,2022
"1714533","Claremont village, Illinois",39688,2022
"1714572","Clarendon Hills village, Illinois",115923,2022
"1714715","Clay City village, Illinois",51583,2022
"1714767","Clayton village, Illinois",54028,2022
"1714845","Clear Lake village, Illinois",55625,2022
"1714923","Cleveland village, Illinois",74583,2022
"1714936","Clifton village, Illinois",83542,2022
"1715001","Clinton city, Illinois",51270,2022
"1715170","Coal City village, Illinois",77939,2022
"1715209","Coalton village, Illinois",66731,2022
"1715235","Coal Valley village, Illinois",97917,2022
"1715261","Coatsburg village, Illinois",57396,2022
"1715300","Cobden village, Illinois",38929,2022
"1715352","Coffeen city, Illinois",57500,2022
"1715378","Colchester city, Illinois",56875,2022
"1715469","Coleta village, Illinois",57500,2022
"1715495","Colfax village, Illinois",63750,2022
"1715599","Collinsville city, Illinois",63155,2022
"1715664","Colona city, Illinois",64375,2022
"1715807","Colp village, Illinois",NA,2022
"1715833","Columbia city, Illinois",106603,2022
"1715846","Columbus village, Illinois",71250,2022
"1715950","Como CDP, Illinois",65156,2022
"1715989","Compton village, Illinois",58393,2022
"1716054","Concord village, Illinois",41000,2022
"1716119","Congerville village, Illinois",75670,2022
"1716210","Cooksville village, Illinois",63438,2022
"1716301","Coral CDP, Illinois",NA,2022
"1716366","Cordova village, Illinois",73125,2022
"1716405","Cornell village, Illinois",62750,2022
"1716431","Cornland CDP, Illinois",NA,2022
"1716470","Cortland town, Illinois",76869,2022
"1716613","Coulterville village, Illinois",49583,2022
"1716691","Country Club Hills city, Illinois",73554,2022
"1716873","Countryside city, Illinois",78603,2022
"1717055","Cowden village, Illinois",43750,2022
"1717077","Coyne Center CDP, Illinois",116310,2022
"1717094","Crab Orchard CDP, Illinois",100625,2022
"1717185","Crainville village, Illinois",63393,2022
"1717289","Creal Springs city, Illinois",55658,2022
"1717406","Crescent City village, Illinois",58750,2022
"1717458","Crest Hill city, Illinois",68377,2022
"1717471","Creston village, Illinois",69762,2022
"1717497","Crestwood village, Illinois",73219,2022
"1717523","Crete village, Illinois",91549,2022
"1717549","Creve Coeur village, Illinois",50958,2022
"1717783","Crossville village, Illinois",38750,2022
"1717887","Crystal Lake city, Illinois",103018,2022
"1717939","Crystal Lawns CDP, Illinois",102250,2022
"1717991","Cuba city, Illinois",43750,2022
"1718030","Cullom village, Illinois",58472,2022
"1718147","Curran village, Illinois",58125,2022
"1718212","Custer Park CDP, Illinois",165708,2022
"1718225","Cutler village, Illinois",51250,2022
"1718251","Cypress village, Illinois",49000,2022
"1718303","Dahlgren village, Illinois",45000,2022
"1718342","Dakota village, Illinois",66146,2022
"1718420","Dallas City city, Illinois",48125,2022
"1718446","Dalton City village, Illinois",72500,2022
"1718459","Dalzell village, Illinois",69219,2022
"1718472","Damiansville village, Illinois",90938,2022
"1718485","Dana village, Illinois",53333,2022
"1718498","Danforth village, Illinois",46094,2022
"1718537","Danvers village, Illinois",71382,2022
"1718563","Danville city, Illinois",42424,2022
"1718628","Darien city, Illinois",110546,2022
"1718641","Darmstadt CDP, Illinois",NA,2022
"1718706","Davis village, Illinois",59063,2022
"1718719","Davis Junction village, Illinois",97788,2022
"1718745","Dawson village, Illinois",77750,2022
"1718771","Dayton CDP, Illinois",109931,2022
"1718823","Decatur city, Illinois",49039,2022
"1718940","Deer Creek village, Illinois",82273,2022
"1718992","Deerfield village, Illinois",185762,2022
"1719031","Deer Grove village, Illinois",72188,2022
"1719083","Deer Park village, Illinois",172586,2022
"1719161","DeKalb city, Illinois",47410,2022
"1719200","De Land village, Illinois",46250,2022
"1719226","Delavan city, Illinois",68170,2022
"1719499","De Pue village, Illinois",66042,2022
"1719616","De Soto village, Illinois",53188,2022
"1719642","Des Plaines city, Illinois",86552,2022
"1719681","Detroit village, Illinois",NA,2022
"1719746","Dewey CDP, Illinois",31250,2022
"1719798","De Witt village, Illinois",61500,2022
"1719837","Diamond village, Illinois",67167,2022
"1719915","Dieterich village, Illinois",74375,2022
"1720045","Divernon village, Illinois",69643,2022
"1720123","Dix village, Illinois",NA,2022
"1720149","Dixmoor village, Illinois",57823,2022
"1720162","Dixon city, Illinois",52208,2022
"1720292","Dolton village, Illinois",54748,2022
"1720305","Dongola village, Illinois",38393,2022
"1720318","Donnellson village, Illinois",NA,2022
"1720331","Donovan village, Illinois",46429,2022
"1720370","Dorchester village, Illinois",84167,2022
"1720526","Dover village, Illinois",41875,2022
"1720565","Dowell village, Illinois",47500,2022
"1720591","Downers Grove village, Illinois",115461,2022
"1720643","Downs village, Illinois",104890,2022
"1720890","Du Bois village, Illinois",82639,2022
"1721020","Dundas CDP, Illinois",120104,2022
"1721098","Dunfermline village, Illinois",53750,2022
"1721176","Dunlap village, Illinois",131643,2022
"1721254","Dupo village, Illinois",61736,2022
"1721267","Du Quoin city, Illinois",48770,2022
"1721280","Durand village, Illinois",59970,2022
"1721358","Dwight village, Illinois",66948,2022
"1721410","Eagarville village, Illinois",61875,2022
"1721475","Eagle Lake CDP, Illinois",NA,2022
"1721540","Earlville city, Illinois",59028,2022
"1721553","East Alton village, Illinois",48313,2022
"1721579","East Brooklyn village, Illinois",84375,2022
"1721605","East Cape Girardeau village, Illinois",41250,2022
"1721618","East Carondelet village, Illinois",57000,2022
"1721683","East Dubuque city, Illinois",62440,2022
"1721696","East Dundee village, Illinois",71116,2022
"1721826","East Galesburg village, Illinois",70536,2022
"1721852","East Gillespie village, Illinois",65000,2022
"1721904","East Hazel Crest village, Illinois",53346,2022
"1722021","East Lynn CDP, Illinois",228199,2022
"1722073","East Moline city, Illinois",60032,2022
"1722151","Easton village, Illinois",58125,2022
"1722164","East Peoria city, Illinois",73720,2022
"1722255","East St. Louis city, Illinois",28519,2022
"1722398","Eddyville village, Illinois",26406,2022
"1722567","Edgewood village, Illinois",41250,2022
"1722619","Edgington CDP, Illinois",93385,2022
"1722645","Edinburg village, Illinois",67159,2022
"1722697","Edwardsville city, Illinois",87094,2022
"1722736","Effingham city, Illinois",62358,2022
"1722931","Elburn village, Illinois",106347,2022
"1722957","El Dara village, Illinois",NA,2022
"1723009","Eldorado city, Illinois",35799,2022
"1723022","Eldred village, Illinois",48036,2022
"1723074","Elgin city, Illinois",85998,2022
"1723139","Eliza CDP, Illinois",NA,2022
"1723165","Elizabeth village, Illinois",50357,2022
"1723191","Elizabethtown village, Illinois",20000,2022
"1723256","Elk Grove Village village, Illinois",93832,2022
"1723269","Elkhart village, Illinois",89792,2022
"1723373","Elkville village, Illinois",47619,2022
"1723425","Elliott village, Illinois",50893,2022
"1723503","Ellis Grove village, Illinois",60000,2022
"1723529","Ellisville village, Illinois",47981,2022
"1723555","Ellsworth village, Illinois",54167,2022
"1723620","Elmhurst city, Illinois",143492,2022
"1723698","Elmwood city, Illinois",84766,2022
"1723724","Elmwood Park village, Illinois",75784,2022
"1723737","El Paso city, Illinois",61696,2022
"1723776","Elsah village, Illinois",83125,2022
"1723841","Elvaston village, Illinois",35250,2022
"1723919","Elwin CDP, Illinois",NA,2022
"1723945","Elwood village, Illinois",78214,2022
"1723971","Emden village, Illinois",66442,2022
"1724062","Emington village, Illinois",70625,2022
"1724166","Energy village, Illinois",67713,2022
"1724179","Enfield village, Illinois",39643,2022
"1724348","Equality village, Illinois",40833,2022
"1724374","Erie village, Illinois",82266,2022
"1724452","Essex village, Illinois",102788,2022
"1724543","Eureka city, Illinois",48250,2022
"1724582","Evanston city, Illinois",93188,2022
"1724608","Evansville village, Illinois",63472,2022
"1724634","Evergreen Park village, Illinois",92266,2022
"1724673","Ewing village, Illinois",69615,2022
"1724699","Exeter village, Illinois",53750,2022
"1724764","Fairbury city, Illinois",64150,2022
"1724816","Fairfield city, Illinois",43681,2022
"1724920","Fairmont CDP, Illinois",61103,2022
"1724933","Fairmont City village, Illinois",42417,2022
"1724985","Fairmount village, Illinois",68125,2022
"1725063","Fairview village, Illinois",70417,2022
"1725141","Fairview Heights city, Illinois",74038,2022
"1725245","Fall Creek CDP, Illinois",NA,2022
"1725375","Farina village, Illinois",39938,2022
"1725414","Farmer City city, Illinois",65000,2022
"1725440","Farmersville village, Illinois",63636,2022
"1725531","Farmington city, Illinois",59091,2022
"1725713","Fayetteville village, Illinois",63750,2022
"1725895","Ferris village, Illinois",68750,2022
"1725960","Fidelity village, Illinois",43125,2022
"1726012","Fieldon village, Illinois",66250,2022
"1726077","Fillmore village, Illinois",46250,2022
"1726116","Findlay village, Illinois",54205,2022
"1726194","Fisher village, Illinois",80156,2022
"1726233","Fithian village, Illinois",75938,2022
"1726311","Flanagan village, Illinois",69375,2022
"1726350","Flat Rock village, Illinois",52625,2022
"1726454","Flora city, Illinois",50407,2022
"1726467","Floraville CDP, Illinois",NA,2022
"1726480","Florence village, Illinois",26000,2022
"1726571","Flossmoor village, Illinois",140703,2022
"1726662","Foosland village, Illinois",66250,2022
"1726710","Ford Heights village, Illinois",43086,2022
"1726753","Forest City village, Illinois",53750,2022
"1726896","Forest Lake CDP, Illinois",112031,2022
"1726935","Forest Park village, Illinois",78625,2022
"1726987","Forest View village, Illinois",104091,2022
"1727026","Forrest village, Illinois",68317,2022
"1727065","Forreston village, Illinois",65179,2022
"1727091","Forsyth village, Illinois",107944,2022
"1727377","Fowler CDP, Illinois",NA,2022
"1727442","Fox Lake village, Illinois",65528,2022
"1727455","Fox Lake Hills CDP, Illinois",100875,2022
"1727533","Fox River Grove village, Illinois",121705,2022
"1727624","Frankfort village, Illinois",157615,2022
"1727644","Frankfort Square CDP, Illinois",121500,2022
"1727663","Franklin village, Illinois",62813,2022
"1727689","Franklin Grove village, Illinois",55278,2022
"1727702","Franklin Park village, Illinois",74167,2022
"1727728","Franklinville CDP, Illinois",NA,2022
"1727806","Freeburg village, Illinois",73065,2022
"1727858","Freeman Spur village, Illinois",32083,2022
"1727884","Freeport city, Illinois",44658,2022
"1728144","Fulton city, Illinois",47292,2022
"1728170","Fults village, Illinois",113750,2022
"1728248","Gages Lake CDP, Illinois",104273,2022
"1728261","Galatia village, Illinois",46875,2022
"1728300","Galena city, Illinois",52734,2022
"1728326","Galesburg city, Illinois",42346,2022
"1728404","Galt CDP, Illinois",65813,2022
"1728430","Galva city, Illinois",53487,2022
"1728612","Garden Prairie CDP, Illinois",37303,2022
"1728638","Gardner village, Illinois",77566,2022
"1728742","Garrett village, Illinois",44750,2022
"1728807","Gays village, Illinois",56667,2022
"1728846","Geneseo city, Illinois",64010,2022
"1728872","Geneva city, Illinois",132799,2022
"1728898","Genoa city, Illinois",80408,2022
"1728950","Georgetown CDP, Illinois",70655,2022
"1728963","Georgetown city, Illinois",54247,2022
"1729041","Germantown village, Illinois",76467,2022
"1729080","Germantown Hills village, Illinois",145438,2022
"1729093","German Valley village, Illinois",75000,2022
"1729125","Gibson City city, Illinois",51275,2022
"1729145","Gifford village, Illinois",76382,2022
"1729171","Gilberts village, Illinois",120568,2022
"1729236","Gillespie city, Illinois",60924,2022
"1729275","Gilman city, Illinois",64583,2022
"1729340","Gilson CDP, Illinois",64063,2022
"1729392","Girard city, Illinois",43750,2022
"1729431","Gladstone village, Illinois",34875,2022
"1729483","Glasford village, Illinois",73125,2022
"1729496","Glasgow village, Illinois",48750,2022
"1729639","Glen Carbon village, Illinois",92002,2022
"1729652","Glencoe village, Illinois",228750,2022
"1729730","Glendale Heights village, Illinois",83588,2022
"1729756","Glen Ellyn village, Illinois",128132,2022
"1729938","Glenview village, Illinois",134910,2022
"1730029","Glenwood village, Illinois",69614,2022
"1730094","Godfrey village, Illinois",84920,2022
"1730120","Godley village, Illinois",47171,2022
"1730133","Golconda city, Illinois",37000,2022
"1730159","Golden village, Illinois",58500,2022
"1730250","Golden Gate village, Illinois",15764,2022
"1730328","Golf village, Illinois",228750,2022
"1730419","Goodenow CDP, Illinois",NA,2022
"1730445","Goodfield village, Illinois",103750,2022
"1730458","Good Hope village, Illinois",61875,2022
"1730510","Goofy Ridge CDP, Illinois",NA,2022
"1730575","Goreville village, Illinois",73523,2022
"1730588","Gorham village, Illinois",NA,2022
"1730653","Grafton city, Illinois",89808,2022
"1730705","Grand Detour CDP, Illinois",71953,2022
"1730757","Grand Ridge village, Illinois",73929,2022
"1730770","Grand Tower city, Illinois",56944,2022
"1730835","Grandview village, Illinois",56750,2022
"1730900","Grandwood Park CDP, Illinois",133553,2022
"1730926","Granite City city, Illinois",58681,2022
"1730978","Grantfork village, Illinois",104375,2022
"1730991","Grant Park village, Illinois",76750,2022
"1731017","Granville village, Illinois",65577,2022
"1731121","Grayslake village, Illinois",110662,2022
"1731165","Grayville city, Illinois",53977,2022
"1731368","Greenfield city, Illinois",66985,2022
"1731446","Green Oaks village, Illinois",135217,2022
"1731524","Greenup village, Illinois",53583,2022
"1731563","Green Valley village, Illinois",60781,2022
"1731576","Greenview village, Illinois",66250,2022
"1731589","Greenville city, Illinois",49635,2022
"1731667","Greenwood village, Illinois",104500,2022
"1731732","Gridley village, Illinois",56818,2022
"1731771","Griggsville city, Illinois",42642,2022
"1731991","Gulfport village, Illinois",69375,2022
"1732018","Gurnee village, Illinois",112633,2022
"1732200","Hainesville village, Illinois",122750,2022
"1732395","Hamburg village, Illinois",43281,2022
"1732408","Hamel village, Illinois",85139,2022
"1732434","Hamilton city, Illinois",49402,2022
"1732473","Hamlet CDP, Illinois",NA,2022
"1732499","Hammond village, Illinois",72292,2022
"1732525","Hampshire village, Illinois",104746,2022
"1732564","Hampton village, Illinois",81287,2022
"1732616","Hanaford village, Illinois",61875,2022
"1732668","Hanna City village, Illinois",67500,2022
"1732707","Hanover village, Illinois",43802,2022
"1732746","Hanover Park village, Illinois",88460,2022
"1732850","Hardin village, Illinois",83472,2022
"1732876","Harding CDP, Illinois",NA,2022
"1732967","Harmon village, Illinois",54500,2022
"1733019","Harmony CDP, Illinois",NA,2022
"1733136","Harrisburg city, Illinois",38937,2022
"1733162","Harrison CDP, Illinois",52422,2022
"1733227","Harristown village, Illinois",74609,2022
"1733279","Hartford village, Illinois",42591,2022
"1733292","Hartland CDP, Illinois",NA,2022
"1733318","Hartsburg village, Illinois",58750,2022
"1733331","Harvard city, Illinois",67938,2022
"1733357","Harvel village, Illinois",50313,2022
"1733383","Harvey city, Illinois",40898,2022
"1733435","Harwood Heights village, Illinois",77617,2022
"1733513","Havana city, Illinois",52917,2022
"1733630","Hawthorn Woods village, Illinois",215817,2022
"1733695","Hazel Crest village, Illinois",57247,2022
"1733851","Hebron village, Illinois",82159,2022
"1733877","Hecker village, Illinois",76484,2022
"1734007","Henderson village, Illinois",55000,2022
"1734098","Hennepin village, Illinois",77500,2022
"1734137","Henning village, Illinois",74688,2022
"1734163","Henry city, Illinois",55643,2022
"1734272","Heritage Lake CDP, Illinois",123169,2022
"1734332","Herrick village, Illinois",57778,2022
"1734358","Herrin city, Illinois",54555,2022
"1734384","Herscher village, Illinois",96250,2022
"1734423","Hettick village, Illinois",49750,2022
"1734449","Heyworth village, Illinois",83462,2022
"1734514","Hickory Hills city, Illinois",81385,2022
"1734553","Hidalgo village, Illinois",61875,2022
"1734670","Highland city, Illinois",75779,2022
"1734722","Highland Park city, Illinois",159567,2022
"1734865","Highwood city, Illinois",105282,2022
"1734982","Hillcrest village, Illinois",73750,2022
"1735047","Hillsboro city, Illinois",48302,2022
"1735073","Hillsdale village, Illinois",91154,2022
"1735086","Hillside village, Illinois",68250,2022
"1735203","Hillview village, Illinois",69375,2022
"1735268","Hinckley village, Illinois",79821,2022
"1735281","Hindsboro village, Illinois",69375,2022
"1735307","Hinsdale village, Illinois",250001,2022
"1735385","Hodgkins village, Illinois",61563,2022
"1735398","Hoffman village, Illinois",67708,2022
"1735411","Hoffman Estates village, Illinois",107428,2022
"1735463","Holcomb CDP, Illinois",51875,2022
"1735515","Holiday Hills village, Illinois",77813,2022
"1735541","Holiday Shores CDP, Illinois",97366,2022
"1735671","Hollowayville village, Illinois",121250,2022
"1735814","Homer village, Illinois",66711,2022
"1735835","Homer Glen village, Illinois",130235,2022
"1735866","Hometown city, Illinois",56841,2022
"1735879","Homewood village, Illinois",86437,2022
"1736061","Hoopeston city, Illinois",46973,2022
"1736074","Hooppole village, Illinois",39457,2022
"1736126","Hopedale village, Illinois",59167,2022
"1736150","Hopewell village, Illinois",98750,2022
"1736190","Hopkins Park village, Illinois",32500,2022
"1736347","Hoyleton village, Illinois",71250,2022
"1736438","Hudson village, Illinois",99511,2022
"1736477","Huey village, Illinois",NA,2022
"1736516","Hull village, Illinois",56495,2022
"1736542","Humboldt village, Illinois",55750,2022
"1736568","Hume village, Illinois",63750,2022
"1736750","Huntley village, Illinois",83357,2022
"1736815","Hurst city, Illinois",37639,2022
"1736841","Hutsonville village, Illinois",54688,2022
"1737062","Illinois City CDP, Illinois",NA,2022
"1737127","Illiopolis village, Illinois",77292,2022
"1737179","Ina village, Illinois",48125,2022
"1737218","Indian Creek village, Illinois",144688,2022
"1737257","Indian Head Park village, Illinois",100455,2022
"1737348","Indianola village, Illinois",56250,2022
"1737439","Industry village, Illinois",60179,2022
"1737465","Ingalls Park CDP, Illinois",53257,2022
"1737608","Inverness village, Illinois",207623,2022
"1737621","Iola village, Illinois",NA,2022
"1737647","Ipava village, Illinois",44375,2022
"1737712","Iroquois village, Illinois",60000,2022
"1737738","Irving village, Illinois",50000,2022
"1737777","Irvington village, Illinois",61250,2022
"1737803","Irwin village, Illinois",73750,2022
"1737894","Island Lake village, Illinois",91852,2022
"1737907","Itasca village, Illinois",113162,2022
"1737933","Iuka village, Illinois",45125,2022
"1737998","Ivesdale village, Illinois",59167,2022
"1738115","Jacksonville city, Illinois",55944,2022
"1738232","Janesville CDP, Illinois",NA,2022
"1738323","Jeffersonville village, Illinois",44464,2022
"1738349","Jeisyville village, Illinois",77375,2022
"1738375","Jerome village, Illinois",52083,2022
"1738414","Jerseyville city, Illinois",65736,2022
"1738427","Jewett village, Illinois",57500,2022
"1738479","Johnsburg village, Illinois",110000,2022
"1738531","Johnsonville village, Illinois",43750,2022
"1738544","Johnston City city, Illinois",51429,2022
"1738570","Joliet city, Illinois",84971,2022
"1738635","Jonesboro city, Illinois",52604,2022
"1738674","Joppa village, Illinois",39464,2022
"1738726","Joslin CDP, Illinois",50069,2022
"1738739","Joy village, Illinois",65625,2022
"1738778","Junction village, Illinois",32375,2022
"1738791","Junction City village, Illinois",44318,2022
"1738830","Justice village, Illinois",60083,2022
"1738856","Kampsville village, Illinois",60000,2022
"1738869","Kane village, Illinois",48125,2022
"1738895","Kaneville village, Illinois",81146,2022
"1738921","Kangley village, Illinois",63750,2022
"1738934","Kankakee city, Illinois",42180,2022
"1738986","Kansas village, Illinois",50125,2022
"1739038","Kappa village, Illinois",71667,2022
"1739077","Karnak village, Illinois",39375,2022
"1739129","Kaskaskia village, Illinois",NA,2022
"1739233","Keenes village, Illinois",54545,2022
"1739259","Keensburg village, Illinois",69886,2022
"1739298","Keithsburg city, Illinois",52917,2022
"1739324","Kell village, Illinois",53333,2022
"1739441","Kempton village, Illinois",68667,2022
"1739519","Kenilworth village, Illinois",250001,2022
"1739532","Kenney village, Illinois",74125,2022
"1739727","Kewanee city, Illinois",46305,2022
"1739753","Keyesport village, Illinois",39620,2022
"1739857","Kilbourne village, Illinois",40000,2022
"1739883","Kildeer village, Illinois",250001,2022
"1739909","Kincaid village, Illinois",63810,2022
"1739922","Kinderhook village, Illinois",59583,2022
"1739987","Kings CDP, Illinois",68125,2022
"1740052","Kingston CDP, Illinois",NA,2022
"1740065","Kingston village, Illinois",81875,2022
"1740091","Kingston Mines village, Illinois",51719,2022
"1740117","Kinmundy city, Illinois",30625,2022
"1740143","Kinsman village, Illinois",58750,2022
"1740156","Kirkland village, Illinois",86950,2022
"1740182","Kirkwood village, Illinois",58333,2022
"1740364","Knollwood CDP, Illinois",157396,2022
"1740416","Knoxville city, Illinois",76161,2022
"1740520","La Clede CDP, Illinois",38603,2022
"1740559","Lacon city, Illinois",57262,2022
"1740598","Ladd village, Illinois",62500,2022
"1740676","La Fayette village, Illinois",48125,2022
"1740767","La Grange village, Illinois",141235,2022
"1740793","La Grange Park village, Illinois",113419,2022
"1740832","La Harpe city, Illinois",47944,2022
"1740884","Lake Barrington village, Illinois",126316,2022
"1740910","Lake Bluff village, Illinois",190179,2022
"1740962","Lake Camelot CDP, Illinois",138043,2022
"1740980","Lake Carroll CDP, Illinois",99297,2022
"1740988","Lake Catherine CDP, Illinois",91667,2022
"1741040","Lake City CDP, Illinois",46500,2022
"1741105","Lake Forest city, Illinois",202153,2022
"1741157","Lake Holiday CDP, Illinois",105580,2022
"1741183","Lake in the Hills village, Illinois",110988,2022
"1741214","Lake Ka-Ho village, Illinois",44444,2022
"1741326","Lakemoor village, Illinois",100764,2022
"1741346","Lake of the Woods CDP, Illinois",69191,2022
"1741404","Lake Petersburg CDP, Illinois",113897,2022
"1741456","Lake Summerset CDP, Illinois",104375,2022
"1741586","Lake Villa village, Illinois",126711,2022
"1741651","Lakewood village, Illinois",172891,2022
"1741677","Lakewood CDP, Illinois",NA,2022
"1741716","Lakewood Shores CDP, Illinois",70000,2022
"1741742","Lake Zurich village, Illinois",135211,2022
"1741794","La Moille village, Illinois",63973,2022
"1741859","Lanark city, Illinois",67031,2022
"1741950","Lane CDP, Illinois",NA,2022
"1742002","Langleyville CDP, Illinois",70179,2022
"1742028","Lansing village, Illinois",68766,2022
"1742067","LaPlace CDP, Illinois",87768,2022
"1742080","La Prairie village, Illinois",78333,2022
"1742171","La Rose village, Illinois",47679,2022
"1742184","LaSalle city, Illinois",49583,2022
"1742249","Latham village, Illinois",61250,2022
"1742392","Lawrence CDP, Illinois",92303,2022
"1742405","Lawrenceville city, Illinois",42213,2022
"1742457","Leaf River village, Illinois",69500,2022
"1742496","Lebanon city, Illinois",86548,2022
"1742587","Lee village, Illinois",71875,2022
"1742600","Lee Center CDP, Illinois",NA,2022
"1742756","Leland village, Illinois",75250,2022
"1742769","Leland Grove city, Illinois",127500,2022
"1742795","Lemont village, Illinois",128694,2022
"1742834","Lena village, Illinois",65607,2022
"1742860","Lenzburg village, Illinois",44286,2022
"1742912","Leonore village, Illinois",NA,2022
"1742938","Lerna village, Illinois",46000,2022
"1742971","Le Roy city, Illinois",96176,2022
"1743055","Lewistown city, Illinois",46875,2022
"1743094","Lexington city, Illinois",81389,2022
"1743133","Liberty village, Illinois",72917,2022
"1743250","Libertyville village, Illinois",161302,2022
"1743406","Lily Lake village, Illinois",129583,2022
"1743445","Lima village, Illinois",66875,2022
"1743510","Limestone village, Illinois",105750,2022
"1743536","Lincoln city, Illinois",54002,2022
"1743666","Lincolnshire village, Illinois",155395,2022
"1743744","Lincolnwood village, Illinois",99390,2022
"1743770","Lindenhurst village, Illinois",124690,2022
"1743900","Lisbon village, Illinois",78125,2022
"1743939","Lisle village, Illinois",106265,2022
"1743965","Litchfield city, Illinois",50443,2022
"1743978","Literberry CDP, Illinois",103636,2022
"1744056","Littleton village, Illinois",56042,2022
"1744082","Little York village, Illinois",52375,2022
"1744121","Liverpool village, Illinois",41563,2022
"1744160","Livingston village, Illinois",57614,2022
"1744173","Loami village, Illinois",50000,2022
"1744225","Lockport city, Illinois",106923,2022
"1744244","Lockport Heights CDP, Illinois",74750,2022
"1744264","Loda village, Illinois",55000,2022
"1744381","Lomax village, Illinois",45972,2022
"1744407","Lombard village, Illinois",95509,2022
"1744446","London Mills village, Illinois",50568,2022
"1744498","Long Creek village, Illinois",78681,2022
"1744524","Long Grove village, Illinois",236172,2022
"1744550","Long Lake CDP, Illinois",95950,2022
"1744576","Long Point village, Illinois",47188,2022
"1744602","Longview village, Illinois",83750,2022
"1744719","Loraine village, Illinois",54241,2022
"1744784","Lorenzo CDP, Illinois",NA,2022
"1744823","Lostant village, Illinois",75625,2022
"1744836","Lost Nation CDP, Illinois",104904,2022
"1744927","Louisville village, Illinois",39517,2022
"1745031","Loves Park city, Illinois",56370,2022
"1745044","Lovington village, Illinois",52566,2022
"1745109","Lowpoint CDP, Illinois",NA,2022
"1745174","Ludlow village, Illinois",45417,2022
"1745278","Lyndon village, Illinois",50682,2022
"1745343","Lynn Center CDP, Illinois",NA,2022
"1745369","Lynnville village, Illinois",47917,2022
"1745421","Lynwood village, Illinois",80789,2022
"1745434","Lyons village, Illinois",59399,2022
"1745525","McClure village, Illinois",56250,2022
"1745564","McCook village, Illinois",73125,2022
"1745616","McCullom Lake village, Illinois",69915,2022
"1745642","Macedonia village, Illinois",22500,2022
"1745694","McHenry city, Illinois",83651,2022
"1745726","Machesney Park village, Illinois",71098,2022
"1745785","Mackinaw village, Illinois",71058,2022
"1745811","McLean village, Illinois",90781,2022
"1745824","McLeansboro city, Illinois",44871,2022
"1745850","McNabb village, Illinois",88500,2022
"1745889","Macomb city, Illinois",35064,2022
"1745941","Macon city, Illinois",64412,2022
"1745993","Madison city, Illinois",41429,2022
"1746058","Maeystown village, Illinois",75625,2022
"1746110","Magnolia village, Illinois",66250,2022
"1746136","Mahomet village, Illinois",114083,2022
"1746214","Makanda village, Illinois",76563,2022
"1746240","Malden village, Illinois",61042,2022
"1746279","Malta village, Illinois",82212,2022
"1746331","Manchester village, Illinois",70893,2022
"1746357","Manhattan village, Illinois",123307,2022
"1746383","Manito village, Illinois",65066,2022
"1746422","Manlius village, Illinois",61250,2022
"1746487","Mansfield village, Illinois",76875,2022
"1746500","Manteno village, Illinois",90370,2022
"1746604","Maple Park village, Illinois",116806,2022
"1746643","Mapleton village, Illinois",63182,2022
"1746695","Maquon village, Illinois",55250,2022
"1746734","Marcelline CDP, Illinois",NA,2022
"1746786","Marengo city, Illinois",71196,2022
"1746825","Marietta village, Illinois",63125,2022
"1746864","Marine village, Illinois",71042,2022
"1746916","Marion city, Illinois",54052,2022
"1746955","Marissa village, Illinois",48644,2022
"1746981","Mark village, Illinois",82500,2022
"1747007","Markham city, Illinois",47955,2022
"1747046","Marley CDP, Illinois",NA,2022
"1747072","Maroa city, Illinois",62500,2022
"1747111","Marquette Heights city, Illinois",65202,2022
"1747150","Marseilles city, Illinois",57583,2022
"1747163","Marshall city, Illinois",64018,2022
"1747254","Martinsville city, Illinois",53875,2022
"1747280","Martinton village, Illinois",93125,2022
"1747397","Maryville village, Illinois",96373,2022
"1747423","Mascoutah city, Illinois",93403,2022
"1747449","Mason town, Illinois",60417,2022
"1747475","Mason City city, Illinois",59250,2022
"1747527","Matherville village, Illinois",70556,2022
"1747540","Matteson village, Illinois",88591,2022
"1747553","Mattoon city, Illinois",45953,2022
"1747592","Maunie village, Illinois",34000,2022
"1747774","Maywood village, Illinois",64767,2022
"1747787","Mazon village, Illinois",75227,2022
"1748021","Mechanicsburg village, Illinois",76875,2022
"1748073","Media village, Illinois",70357,2022
"1748138","Medora village, Illinois",70500,2022
"1748242","Melrose Park village, Illinois",64400,2022
"1748268","Melvin village, Illinois",50000,2022
"1748307","Mendon village, Illinois",65875,2022
"1748333","Mendota city, Illinois",60601,2022
"1748359","Menominee village, Illinois",94375,2022
"1748424","Meredosia village, Illinois",54554,2022
"1748554","Merrionette Park village, Illinois",52286,2022
"1748567","Merritt CDP, Illinois",NA,2022
"1748606","Metamora village, Illinois",83793,2022
"1748632","Metcalf village, Illinois",52188,2022
"1748645","Metropolis city, Illinois",46397,2022
"1748671","Mettawa village, Illinois",158281,2022
"1748684","Meyer CDP, Illinois",NA,2022
"1748853","Middletown village, Illinois",58750,2022
"1748892","Midlothian village, Illinois",66994,2022
"1749009","Milan village, Illinois",60304,2022
"1749048","Milford village, Illinois",48162,2022
"1749100","Millbrook village, Illinois",116875,2022
"1749178","Mill Creek village, Illinois",NA,2022
"1749191","Milledgeville village, Illinois",54583,2022
"1749243","Millersburg CDP, Illinois",23836,2022
"1749308","Millington village, Illinois",78864,2022
"1749347","Mill Shoals village, Illinois",56667,2022
"1749386","Millstadt village, Illinois",97031,2022
"1749477","Milton village, Illinois",45893,2022
"1749516","Mineral village, Illinois",40833,2022
"1749555","Minier village, Illinois",74792,2022
"1749568","Minonk city, Illinois",57169,2022
"1749607","Minooka village, Illinois",119730,2022
"1749698","Mitchell CDP, Illinois",52000,2022
"1749802","Modesto village, Illinois",66458,2022
"1749854","Mokena village, Illinois",122235,2022
"1749867","Moline city, Illinois",63553,2022
"1749893","Momence city, Illinois",54207,2022
"1749945","Monee village, Illinois",86849,2022
"1750010","Monmouth city, Illinois",58991,2022
"1750062","Monroe Center village, Illinois",86375,2022
"1750218","Montgomery village, Illinois",105240,2022
"1750244","Monticello city, Illinois",78295,2022
"1750283","Montrose village, Illinois",57500,2022
"1750452","Moro CDP, Illinois",81090,2022
"1750491","Morris city, Illinois",73909,2022
"1750530","Morrison city, Illinois",67683,2022
"1750543","Morrisonville village, Illinois",74583,2022
"1750621","Morton village, Illinois",86000,2022
"1750647","Morton Grove village, Illinois",102940,2022
"1750699","Mossville CDP, Illinois",NA,2022
"1750751","Mound City city, Illinois",37500,2022
"1750777","Mounds city, Illinois",26667,2022
"1750790","Mound Station village, Illinois",71979,2022
"1750829","Mount Auburn village, Illinois",48750,2022
"1750868","Mount Carmel city, Illinois",44723,2022
"1750881","Mount Carroll city, Illinois",63992,2022
"1750920","Mount Clare village, Illinois",48750,2022
"1750933","Mount Erie village, Illinois",47250,2022
"1750998","Mount Morris village, Illinois",38359,2022
"1751024","Mount Olive city, Illinois",46824,2022
"1751089","Mount Prospect village, Illinois",100526,2022
"1751128","Mount Pulaski city, Illinois",67970,2022
"1751154","Mount Sterling city, Illinois",55000,2022
"1751180","Mount Vernon city, Illinois",48786,2022
"1751206","Mount Zion village, Illinois",99798,2022
"1751232","Moweaqua village, Illinois",69583,2022
"1751271","Muddy village, Illinois",NA,2022
"1751284","Mulberry Grove village, Illinois",55132,2022
"1751310","Mulkeytown CDP, Illinois",NA,2022
"1751336","Muncie village, Illinois",76500,2022
"1751349","Mundelein village, Illinois",99924,2022
"1751453","Murphysboro city, Illinois",41535,2022
"1751479","Murrayville village, Illinois",57841,2022
"1751544","Nachusa CDP, Illinois",88750,2022
"1751622","Naperville city, Illinois",143754,2022
"1751648","Naplate village, Illinois",51000,2022
"1751661","Naples town, Illinois",NA,2022
"1751700","Nashville city, Illinois",65719,2022
"1751726","Nason city, Illinois",49609,2022
"1751791","Nauvoo city, Illinois",46429,2022
"1751882","Nebo village, Illinois",40000,2022
"1751934","Nekoma CDP, Illinois",18625,2022
"1751947","Nelson village, Illinois",38750,2022
"1751986","Neoga city, Illinois",65313,2022
"1751999","Neponset village, Illinois",71250,2022
"1752103","Newark village, Illinois",123036,2022
"1752116","New Athens village, Illinois",62639,2022
"1752142","New Baden village, Illinois",72295,2022
"1752155","New Bedford village, Illinois",57500,2022
"1752168","New Berlin village, Illinois",73750,2022
"1752220","New Boston city, Illinois",54821,2022
"1752285","New Burnside village, Illinois",50313,2022
"1752311","New Canton town, Illinois",34643,2022
"1752415","New Douglas village, Illinois",48150,2022
"1752467","New Grand Chain village, Illinois",37500,2022
"1752506","New Haven village, Illinois",34432,2022
"1752545","New Holland village, Illinois",83750,2022
"1752584","New Lenox village, Illinois",129797,2022
"1752623","Newman city, Illinois",70597,2022
"1752701","New Milford village, Illinois",68833,2022
"1752714","New Minden village, Illinois",64531,2022
"1752805","New Salem village, Illinois",57292,2022
"1752844","Newton city, Illinois",55109,2022
"1752961","Niantic village, Illinois",61307,2022
"1753000","Niles village, Illinois",75783,2022
"1753039","Nilwood town, Illinois",44583,2022
"1753078","Niota CDP, Illinois",NA,2022
"1753143","Noble village, Illinois",42875,2022
"1753169","Nokomis city, Illinois",60938,2022
"1753195","Nora village, Illinois",51473,2022
"1753234","Normal town, Illinois",63965,2022
"1753377","Norridge village, Illinois",84539,2022
"1753390","Norris village, Illinois",57750,2022
"1753403","Norris City village, Illinois",38558,2022
"1753442","North Aurora village, Illinois",104547,2022
"1753455","North Barrington village, Illinois",212321,2022
"1753481","Northbrook village, Illinois",150236,2022
"1753559","North Chicago city, Illinois",52011,2022
"1753585","North City village, Illinois",49167,2022
"1753663","Northfield village, Illinois",146538,2022
"1753793","North Henderson village, Illinois",77500,2022
"1753871","Northlake city, Illinois",71767,2022
"1754092","North Pekin village, Illinois",76076,2022
"1754144","North Riverside village, Illinois",63625,2022
"1754222","North Utica village, Illinois",95938,2022
"1754404","Norwood village, Illinois",64500,2022
"1754534","Oak Brook village, Illinois",158663,2022
"1754560","Oakbrook Terrace city, Illinois",68125,2022
"1754586","Oakdale village, Illinois",84286,2022
"1754625","Oakford village, Illinois",63182,2022
"1754638","Oak Forest city, Illinois",89758,2022
"1754703","Oak Grove village, Illinois",40486,2022
"1754781","Oakland city, Illinois",48750,2022
"1754820","Oak Lawn village, Illinois",77221,2022
"1754885","Oak Park village, Illinois",103264,2022
"1754924","Oak Run CDP, Illinois",117375,2022
"1755002","Oakwood village, Illinois",47344,2022
"1755041","Oakwood Hills village, Illinois",107857,2022
"1755106","Oblong village, Illinois",53611,2022
"1755132","Oconee village, Illinois",62813,2022
"1755171","Odell village, Illinois",62292,2022
"1755210","Odin village, Illinois",41010,2022
"1755249","O'Fallon city, Illinois",102560,2022
"1755275","Ogden village, Illinois",83750,2022
"1755353","Oglesby city, Illinois",64178,2022
"1755379","Ohio village, Illinois",58375,2022
"1755418","Ohlman village, Illinois",49063,2022
"1755470","Okawville village, Illinois",78950,2022
"1755639","Old Mill Creek village, Illinois",69688,2022
"1755717","Old Ripley village, Illinois",55750,2022
"1755756","Old Shawneetown village, Illinois",NA,2022
"1755847","Olive Branch CDP, Illinois",NA,2022
"1755886","Olivet CDP, Illinois",67778,2022
"1755899","Olmsted village, Illinois",45000,2022
"1755912","Olney city, Illinois",57260,2022
"1755938","Olympia Fields village, Illinois",98659,2022
"1756003","Omaha village, Illinois",54107,2022
"1756081","Onarga village, Illinois",57188,2022
"1756159","Oneida city, Illinois",62700,2022
"1756198","Opdyke CDP, Illinois",60972,2022
"1756211","Ophiem CDP, Illinois",63571,2022
"1756237","Oquawka village, Illinois",41694,2022
"1756341","Orangeville village, Illinois",63690,2022
"1756471","Oreana village, Illinois",90469,2022
"1756484","Oregon city, Illinois",72443,2022
"1756536","Orient city, Illinois",37938,2022
"1756601","Orion village, Illinois",88529,2022
"1756627","Orland Hills village, Illinois",92830,2022
"1756640","Orland Park village, Illinois",97365,2022
"1756796","Osco CDP, Illinois",NA,2022
"1756887","Oswego village, Illinois",112109,2022
"1756926","Ottawa city, Illinois",67940,2022
"1756978","Otterville town, Illinois",60795,2022
"1757043","Owaneco village, Illinois",67273,2022
"1757121","Oxville CDP, Illinois",NA,2022
"1757160","Paderborn CDP, Illinois",NA,2022
"1757225","Palatine village, Illinois",93383,2022
"1757277","Palestine village, Illinois",59659,2022
"1757303","Palmer village, Illinois",51964,2022
"1757329","Palmyra village, Illinois",39583,2022
"1757342","Paloma CDP, Illinois",NA,2022
"1757381","Palos Heights city, Illinois",105366,2022
"1757394","Palos Hills city, Illinois",79306,2022
"1757407","Palos Park village, Illinois",128370,2022
"1757472","Pana city, Illinois",47763,2022
"1757498","Panama village, Illinois",59643,2022
"1757524","Panola village, Illinois",NA,2022
"1757576","Papineau village, Illinois",46250,2022
"1757628","Paris city, Illinois",50080,2022
"1757654","Park City city, Illinois",58540,2022
"1757693","Parkersburg village, Illinois",44722,2022
"1757732","Park Forest village, Illinois",58907,2022
"1757875","Park Ridge city, Illinois",137964,2022
"1758057","Patoka village, Illinois",69091,2022
"1758174","Pawnee village, Illinois",75602,2022
"1758226","Paw Paw village, Illinois",58571,2022
"1758239","Paxton city, Illinois",59040,2022
"1758265","Payson village, Illinois",64313,2022
"1758343","Pearl village, Illinois",51875,2022
"1758369","Pearl City village, Illinois",61000,2022
"1758408","Pecatonica village, Illinois",69250,2022
"1758447","Pekin city, Illinois",52507,2022
"1758577","Penfield CDP, Illinois",96667,2022
"1759000","Peoria city, Illinois",58068,2022
"1759026","Peoria Heights village, Illinois",59286,2022
"1759052","Peotone village, Illinois",84375,2022
"1759104","Percy village, Illinois",40556,2022
"1759156","Perry village, Illinois",36250,2022
"1759234","Peru city, Illinois",61809,2022
"1759273","Pesotum village, Illinois",80938,2022
"1759312","Petersburg city, Illinois",70762,2022
"1759520","Phillipstown village, Illinois",NA,2022
"1759533","Philo village, Illinois",103621,2022
"1759572","Phoenix village, Illinois",24491,2022
"1759709","Pierron village, Illinois",60417,2022
"1759884","Pinckneyville city, Illinois",36893,2022
"1759988","Pingree Grove village, Illinois",106597,2022
"1760079","Piper City village, Illinois",38750,2022
"1760144","Pistakee Highlands CDP, Illinois",91406,2022
"1760209","Pittsburg village, Illinois",60536,2022
"1760222","Pittsfield city, Illinois",47950,2022
"1760287","Plainfield village, Illinois",143064,2022
"1760339","Plainville village, Illinois",65750,2022
"1760352","Plano city, Illinois",88018,2022
"1760391","Plattville village, Illinois",106875,2022
"1760534","Pleasant Hill village, Illinois",50179,2022
"1760599","Pleasant Plains village, Illinois",78611,2022
"1760826","Plum Valley CDP, Illinois",205444,2022
"1760833","Plymouth village, Illinois",50341,2022
"1760872","Pocahontas village, Illinois",47143,2022
"1760937","Polo city, Illinois",57931,2022
"1761015","Pontiac city, Illinois",55226,2022
"1761067","Pontoon Beach village, Illinois",62176,2022
"1761080","Pontoosuc village, Illinois",51250,2022
"1761145","Poplar Grove village, Illinois",91023,2022
"1761216","Port Barrington village, Illinois",146000,2022
"1761223","Port Byron village, Illinois",92159,2022
"1761314","Posen village, Illinois",60094,2022
"1761366","Potomac village, Illinois",54500,2022
"1761548","Prairie City village, Illinois",39167,2022
"1761639","Prairie du Rocher village, Illinois",71000,2022
"1761678","Prairie Grove village, Illinois",130938,2022
"1761743","Prairietown CDP, Illinois",103547,2022
"1761782","Preemption CDP, Illinois",75972,2022
"1761821","Prestbury CDP, Illinois",126667,2022
"1761860","Preston Heights CDP, Illinois",47656,2022
"1761899","Princeton city, Illinois",55926,2022
"1761925","Princeville village, Illinois",78333,2022
"1761977","Prophetstown city, Illinois",65250,2022
"1762016","Prospect Heights city, Illinois",84459,2022
"1762211","Pulaski village, Illinois",31184,2022
"1762367","Quincy city, Illinois",54199,2022
"1762523","Radom village, Illinois",46750,2022
"1762588","Raleigh village, Illinois",49861,2022
"1762627","Ramsey village, Illinois",43083,2022
"1762744","Rankin village, Illinois",36607,2022
"1762757","Ransom village, Illinois",67250,2022
"1762783","Rantoul village, Illinois",46078,2022
"1762822","Rapids City village, Illinois",89500,2022
"1762848","Raritan village, Illinois",80417,2022
"1762965","Raymond village, Illinois",64167,2022
"1763043","Red Bud city, Illinois",66563,2022
"1763056","Reddick village, Illinois",68750,2022
"1763069","Redmon village, Illinois",56786,2022
"1763355","Rentchler CDP, Illinois",NA,2022
"1763382","Rest Haven CDP, Illinois",NA,2022
"1763420","Reynolds village, Illinois",75000,2022
"1763537","Richfield CDP, Illinois",NA,2022
"1763641","Richmond village, Illinois",62756,2022
"1763706","Richton Park village, Illinois",69691,2022
"1763719","Richview village, Illinois",56875,2022
"1763862","Ridge Farm village, Illinois",52961,2022
"1763875","Ridgefield CDP, Illinois",109554,2022
"1764005","Ridgewood CDP, Illinois",76250,2022
"1764018","Ridgway village, Illinois",44777,2022
"1764044","Ridott village, Illinois",55625,2022
"1764083","Riggston CDP, Illinois",NA,2022
"1764094","Riley CDP, Illinois",NA,2022
"1764135","Ringwood village, Illinois",142750,2022
"1764148","Rio village, Illinois",73750,2022
"1764174","Ripley village, Illinois",45417,2022
"1764239","Ritchie CDP, Illinois",62143,2022
"1764278","Riverdale village, Illinois",41144,2022
"1764304","River Forest village, Illinois",144784,2022
"1764343","River Grove village, Illinois",72466,2022
"1764421","Riverside village, Illinois",149464,2022
"1764486","Riverton village, Illinois",54613,2022
"1764538","Riverwoods village, Illinois",233036,2022
"1764590","Roanoke village, Illinois",69250,2022
"1764616","Robbins village, Illinois",47174,2022
"1764655","Roberts village, Illinois",61818,2022
"1764707","Robinson city, Illinois",57500,2022
"1764746","Rochelle city, Illinois",55974,2022
"1764759","Rochester village, Illinois",107800,2022
"1764811","Rockbridge village, Illinois",81429,2022
"1764837","Rock City village, Illinois",57083,2022
"1764902","Rockdale village, Illinois",49246,2022
"1764928","Rock Falls city, Illinois",48390,2022
"1765000","Rockford city, Illinois",50744,2022
"1765078","Rock Island city, Illinois",55732,2022
"1765104","Rock Island Arsenal CDP, Illinois",50972,2022
"1765130","Rockport CDP, Illinois",87969,2022
"1765156","Rockton village, Illinois",111065,2022
"1765221","Rockwood village, Illinois",51250,2022
"1765338","Rolling Meadows city, Illinois",91287,2022
"1765403","Rome CDP, Illinois",83533,2022
"1765442","Romeoville village, Illinois",96409,2022
"1765481","Roodhouse city, Illinois",49911,2022
"1765611","Roscoe village, Illinois",98750,2022
"1765754","Rose Hill village, Illinois",38750,2022
"1765806","Roselle village, Illinois",104167,2022
"1765819","Rosemont village, Illinois",70455,2022
"1765845","Roseville village, Illinois",52798,2022
"1765884","Rosewood Heights CDP, Illinois",79842,2022
"1765897","Rosiclare city, Illinois",41406,2022
"1765962","Rossville village, Illinois",62500,2022
"1766027","Round Lake village, Illinois",92165,2022
"1766040","Round Lake Beach village, Illinois",83293,2022
"1766053","Round Lake Heights village, Illinois",77174,2022
"1766066","Round Lake Park village, Illinois",56097,2022
"1766131","Roxana village, Illinois",61528,2022
"1766157","Royal village, Illinois",88250,2022
"1766196","Royal Lakes village, Illinois",NA,2022
"1766209","Royalton village, Illinois",44313,2022
"1766287","Ruma village, Illinois",74375,2022
"1766339","Rushville city, Illinois",49719,2022
"1766404","Russellville village, Illinois",38929,2022
"1766443","Rutland village, Illinois",51250,2022
"1766534","Sadorus village, Illinois",73750,2022
"1766599","Sailor Springs village, Illinois",71607,2022
"1766638","St. Anne village, Illinois",61705,2022
"1766677","St. Augustine village, Illinois",48750,2022
"1766703","St. Charles city, Illinois",110346,2022
"1766768","St. David village, Illinois",50792,2022
"1766794","St. Elmo city, Illinois",46250,2022
"1766800","Ste. Marie village, Illinois",73125,2022
"1766833","St. Francisville city, Illinois",56806,2022
"1766859","St. Jacob village, Illinois",94531,2022
"1766924","St. Johns village, Illinois",43125,2022
"1766950","St. Joseph village, Illinois",101087,2022
"1766989","St. Libory village, Illinois",108167,2022
"1767132","St. Peter village, Illinois",65208,2022
"1767158","St. Rose village, Illinois",107500,2022
"1767236","Salem city, Illinois",55536,2022
"1767372","Sammons Point village, Illinois",47188,2022
"1767444","Sandoval village, Illinois",50148,2022
"1767548","Sandwich city, Illinois",81280,2022
"1767613","San Jose village, Illinois",62833,2022
"1767756","Sauget village, Illinois",58684,2022
"1767769","Sauk Village village, Illinois",50393,2022
"1767795","Saunemin village, Illinois",65625,2022
"1767821","Savanna city, Illinois",45474,2022
"1767860","Savoy village, Illinois",86605,2022
"1767873","Sawyerville village, Illinois",46161,2022
"1767912","Saybrook village, Illinois",50625,2022
"1767925","Scales Mound village, Illinois",63125,2022
"1768003","Schaumburg village, Illinois",92818,2022
"1768081","Schiller Park village, Illinois",65862,2022
"1768120","Schram City village, Illinois",58750,2022
"1768198","Sciota village, Illinois",NA,2022
"1768328","Scott AFB CDP, Illinois",86722,2022
"1768406","Scottville village, Illinois",NA,2022
"1768458","Seaton village, Illinois",59375,2022
"1768471","Seatonville village, Illinois",45000,2022
"1768510","Secor village, Illinois",60625,2022
"1768640","Seneca village, Illinois",88487,2022
"1768679","Serena CDP, Illinois",NA,2022
"1768705","Sesser city, Illinois",49681,2022
"1768809","Seymour CDP, Illinois",120703,2022
"1768822","Shabbona village, Illinois",60625,2022
"1768991","Shannon village, Illinois",59688,2022
"1769082","Shawneetown city, Illinois",40231,2022
"1769147","Sheffield village, Illinois",68250,2022
"1769186","Shelbyville city, Illinois",53859,2022
"1769212","Sheldon village, Illinois",42708,2022
"1769277","Sheridan village, Illinois",71667,2022
"1769342","Sherman village, Illinois",139475,2022
"1769368","Sherrard village, Illinois",81696,2022
"1769524","Shiloh village, Illinois",94539,2022
"1769563","Shipman town, Illinois",54891,2022
"1769628","Shirley CDP, Illinois",55000,2022
"1769758","Shorewood village, Illinois",119904,2022
"1769797","Shumway village, Illinois",83750,2022
"1769810","Sibley village, Illinois",50000,2022
"1769836","Sidell village, Illinois",56944,2022
"1769875","Sidney village, Illinois",82868,2022
"1769914","Sigel town, Illinois",85000,2022
"1769979","Silvis city, Illinois",67622,2022
"1770005","Simpson village, Illinois",48750,2022
"1770031","Sims village, Illinois",46364,2022
"1770122","Skokie village, Illinois",91892,2022
"1770161","Sleepy Hollow village, Illinois",139955,2022
"1770213","Smithboro village, Illinois",54375,2022
"1770226","Smithfield village, Illinois",58125,2022
"1770252","Smithton village, Illinois",106012,2022
"1770278","Smithville CDP, Illinois",121131,2022
"1770356","Solon Mills CDP, Illinois",146122,2022
"1770460","Somonauk village, Illinois",78750,2022
"1770525","Sorento village, Illinois",44375,2022
"1770564","South Barrington village, Illinois",226042,2022
"1770590","South Beloit city, Illinois",78781,2022
"1770629","South Chicago Heights village, Illinois",52115,2022
"1770720","South Elgin village, Illinois",118293,2022
"1770759","Southern View village, Illinois",51311,2022
"1770850","South Holland village, Illinois",79567,2022
"1770889","South Jacksonville village, Illinois",52083,2022
"1771175","South Pekin village, Illinois",63542,2022
"1771240","South Roxana village, Illinois",59097,2022
"1771370","South Wilmington village, Illinois",89063,2022
"1771422","Sparland village, Illinois",46250,2022
"1771448","Sparta city, Illinois",60407,2022
"1771474","Spaulding village, Illinois",110139,2022
"1771526","Spillertown village, Illinois",68125,2022
"1771604","Spring Bay village, Illinois",58214,2022
"1771643","Springerton village, Illinois",44583,2022
"1772000","Springfield city, Illinois",62419,2022
"1772052","Spring Grove village, Illinois",137891,2022
"1772156","Spring Valley city, Illinois",60861,2022
"1772221","Standard village, Illinois",45625,2022
"1772234","Standard City village, Illinois",60833,2022
"1772260","Stanford village, Illinois",80417,2022
"1772403","Staunton city, Illinois",61250,2022
"1772468","Steeleville village, Illinois",51154,2022
"1772520","Steger village, Illinois",58816,2022
"1772546","Sterling city, Illinois",49007,2022
"1772624","Steward village, Illinois",102188,2022
"1772650","Stewardson village, Illinois",57750,2022
"1772676","Stickney village, Illinois",67067,2022
"1772702","Stillman Valley village, Illinois",81515,2022
"1772780","Stockton village, Illinois",50366,2022
"1772884","Stonefort village, Illinois",41696,2022
"1772923","Stone Park village, Illinois",74448,2022
"1772949","Stonington village, Illinois",51406,2022
"1773027","Stoy village, Illinois",73021,2022
"1773040","Strasburg village, Illinois",66250,2022
"1773131","Strawn village, Illinois",66250,2022
"1773157","Streamwood village, Illinois",94951,2022
"1773170","Streator city, Illinois",46615,2022
"1773261","Stronghurst village, Illinois",65446,2022
"1773287","Sublette village, Illinois",52813,2022
"1773391","Sugar Grove village, Illinois",118628,2022
"1773495","Sullivan city, Illinois",63917,2022
"1773547","Summerfield village, Illinois",51250,2022
"1773638","Summit village, Illinois",51040,2022
"1773703","Sumner city, Illinois",44167,2022
"1773872","Sunnyland CDP, Illinois",60341,2022
"1773943","Sun River Terrace village, Illinois",39444,2022
"1774119","Swansea village, Illinois",85603,2022
"1774145","Swedona CDP, Illinois",NA,2022
"1774223","Sycamore city, Illinois",80785,2022
"1774275","Symerton village, Illinois",58750,2022
"1774301","Table Grove village, Illinois",48750,2022
"1774379","Tallula village, Illinois",63500,2022
"1774444","Tamaroa village, Illinois",47500,2022
"1774457","Tamms village, Illinois",46146,2022
"1774470","Tampico village, Illinois",61429,2022
"1774548","Taylor Ridge CDP, Illinois",NA,2022
"1774561","Taylor Springs village, Illinois",43155,2022
"1774574","Taylorville city, Illinois",49471,2022
"1774665","Tennessee village, Illinois",61250,2022
"1774743","Teutopolis village, Illinois",89044,2022
"1774847","Thawville village, Illinois",41250,2022
"1774860","Thayer village, Illinois",57321,2022
"1774873","Thebes village, Illinois",51750,2022
"1774970","The Galena Territory CDP, Illinois",112250,2022
"1775081","Third Lake village, Illinois",152593,2022
"1775107","Thomasboro village, Illinois",60833,2022
"1775159","Thompsonville village, Illinois",43352,2022
"1775172","Thomson village, Illinois",67500,2022
"1775185","Thornton village, Illinois",65714,2022
"1775263","Tilden village, Illinois",42411,2022
"1775276","Tilton village, Illinois",51364,2022
"1775360","Timberlane village, Illinois",179167,2022
"1775419","Time village, Illinois",42500,2022
"1775484","Tinley Park village, Illinois",99628,2022
"1775549","Tiskilwa village, Illinois",55536,2022
"1775601","Toledo village, Illinois",58917,2022
"1775614","Tolono village, Illinois",82623,2022
"1775653","Toluca city, Illinois",51979,2022
"1775718","Tonica village, Illinois",65313,2022
"1775757","Topeka village, Illinois",72500,2022
"1775783","Toulon city, Illinois",51705,2022
"1775809","Tovey village, Illinois",84500,2022
"1775822","Towanda village, Illinois",67500,2022
"1775848","Tower Hill village, Illinois",49688,2022
"1775874","Tower Lakes village, Illinois",162083,2022
"1775965","Tremont village, Illinois",75469,2022
"1775991","Trenton city, Illinois",68500,2022
"1776017","Trilla CDP, Illinois",NA,2022
"1776082","Triumph CDP, Illinois",NA,2022
"1776108","Trivoli CDP, Illinois",64811,2022
"1776160","Trout Valley village, Illinois",204688,2022
"1776199","Troy city, Illinois",93850,2022
"1776225","Troy Grove village, Illinois",76250,2022
"1776407","Tuscola city, Illinois",66791,2022
"1776511","Twin Grove CDP, Illinois",105313,2022
"1776615","Ullin village, Illinois",67188,2022
"1776706","Union village, Illinois",108563,2022
"1776771","Union Hill village, Illinois",112750,2022
"1776875","Unity CDP, Illinois",58958,2022
"1776935","University Park village, Illinois",63380,2022
"1777005","Urbana city, Illinois",41115,2022
"1777044","Ursa village, Illinois",57750,2022
"1777148","Valier village, Illinois",40469,2022
"1777187","Valley City village, Illinois",NA,2022
"1777265","Valmeyer village, Illinois",95625,2022
"1777317","Vandalia city, Illinois",37380,2022
"1777395","Varna village, Illinois",62344,2022
"1777408","Venedy village, Illinois",65000,2022
"1777460","Venetian Village CDP, Illinois",92500,2022
"1777473","Venice city, Illinois",34414,2022
"1777525","Vergennes village, Illinois",50500,2022
"1777551","Vermilion village, Illinois",49464,2022
"1777642","Vermont village, Illinois",44375,2022
"1777681","Vernon village, Illinois",56250,2022
"1777694","Vernon Hills village, Illinois",117253,2022
"1777707","Verona village, Illinois",39250,2022
"1777720","Versailles village, Illinois",58393,2022
"1777811","Victoria village, Illinois",48125,2022
"1777863","Vienna city, Illinois",47000,2022
"1777941","Villa Grove city, Illinois",61691,2022
"1777993","Villa Park village, Illinois",90287,2022
"1778123","Viola village, Illinois",68929,2022
"1778149","Virden city, Illinois",70292,2022
"1778175","Virgil village, Illinois",103750,2022
"1778201","Virginia city, Illinois",48438,2022
"1778227","Volo village, Illinois",128389,2022
"1778370","Wadsworth village, Illinois",115707,2022
"1778383","Waggoner village, Illinois",68333,2022
"1778526","Walnut village, Illinois",55515,2022
"1778604","Walnut Hill village, Illinois",NA,2022
"1778656","Walshville village, Illinois",68125,2022
"1778708","Waltonville village, Illinois",62321,2022
"1778721","Wamac city, Illinois",42273,2022
"1778773","Wapella village, Illinois",57750,2022
"1778851","Warren village, Illinois",71211,2022
"1778916","Warrensburg village, Illinois",82778,2022
"1778929","Warrenville city, Illinois",95919,2022
"1778942","Warsaw city, Illinois",56321,2022
"1779007","Washburn village, Illinois",60250,2022
"1779033","Washington city, Illinois",87104,2022
"1779085","Washington Park village, Illinois",33036,2022
"1779124","Wataga village, Illinois",56563,2022
"1779150","Waterloo city, Illinois",88019,2022
"1779163","Waterman village, Illinois",87292,2022
"1779228","Watseka city, Illinois",41774,2022
"1779241","Watson village, Illinois",67734,2022
"1779267","Wauconda village, Illinois",108229,2022
"1779293","Waukegan city, Illinois",66077,2022
"1779358","Waverly city, Illinois",52375,2022
"1779397","Wayne village, Illinois",165313,2022
"1779436","Wayne City village, Illinois",55733,2022
"1779449","Waynesville village, Illinois",75972,2022
"1779618","Wedron CDP, Illinois",NA,2022
"1779683","Weldon village, Illinois",46625,2022
"1779735","Wellington village, Illinois",43977,2022
"1779813","Wenona city, Illinois",38382,2022
"1779826","Wenonah village, Illinois",91250,2022
"1780008","West Brooklyn village, Illinois",81875,2022
"1780047","Westchester village, Illinois",101414,2022
"1780060","West Chicago city, Illinois",92335,2022
"1780073","West City village, Illinois",44375,2022
"1780125","West Dundee village, Illinois",99653,2022
"1780242","Western Springs village, Illinois",198836,2022
"1780255","Westervelt CDP, Illinois",NA,2022
"1780281","Westfield village, Illinois",56750,2022
"1780333","West Frankfort city, Illinois",41974,2022
"1780570","Westlake Village CDP, Illinois",144688,2022
"1780580","West Liberty CDP, Illinois",56389,2022
"1780645","Westmont village, Illinois",82519,2022
"1780736","West Peoria city, Illinois",55000,2022
"1780762","West Point village, Illinois",73750,2022
"1780853","West Salem village, Illinois",53304,2022
"1780879","West Union CDP, Illinois",68906,2022
"1780931","Westville village, Illinois",54766,2022
"1780957","West York CDP, Illinois",NA,2022
"1781048","Wheaton city, Illinois",113523,2022
"1781074","Wheeler village, Illinois",NA,2022
"1781087","Wheeling village, Illinois",80054,2022
"1781165","Whiteash CDP, Illinois",NA,2022
"1781191","White City village, Illinois",66944,2022
"1781256","White Hall city, Illinois",46250,2022
"1781295","White Heath CDP, Illinois",116818,2022
"1781802","Williamsfield village, Illinois",72500,2022
"1781815","Williamson village, Illinois",55750,2022
"1781854","Williamsville village, Illinois",99938,2022
"1781867","Willisville village, Illinois",57014,2022
"1781919","Willowbrook village, Illinois",95649,2022
"1781938","Willowbrook CDP, Illinois",91324,2022
"1782010","Willow Hill village, Illinois",33864,2022
"1782029","Willow Lake CDP, Illinois",85982,2022
"1782049","Willow Springs village, Illinois",100775,2022
"1782075","Wilmette village, Illinois",183750,2022
"1782088","Wilmington village, Illinois",NA,2022
"1782101","Wilmington city, Illinois",66538,2022
"1782218","Wilsonville village, Illinois",56250,2022
"1782257","Wilton Center CDP, Illinois",91339,2022
"1782270","Winchester city, Illinois",51667,2022
"1782309","Windsor village, Illinois",58333,2022
"1782322","Windsor city, Illinois",53304,2022
"1782400","Winfield village, Illinois",136696,2022
"1782491","Winnebago village, Illinois",82708,2022
"1782530","Winnetka village, Illinois",250001,2022
"1782543","Winslow village, Illinois",60313,2022
"1782686","Winthrop Harbor village, Illinois",94167,2022
"1782725","Witt city, Illinois",53301,2022
"1782855","Wonder Lake village, Illinois",99844,2022
"1782985","Wood Dale city, Illinois",86441,2022
"1783063","Woodhull village, Illinois",66000,2022
"1783102","Woodland village, Illinois",53269,2022
"1783206","Woodlawn village, Illinois",79250,2022
"1783245","Woodridge village, Illinois",95756,2022
"1783271","Wood River city, Illinois",58813,2022
"1783336","Woodson village, Illinois",75250,2022
"1783349","Woodstock city, Illinois",82287,2022
"1783505","Worden village, Illinois",73833,2022
"1783518","Worth village, Illinois",54893,2022
"1783622","Wyanet village, Illinois",57188,2022
"1783687","Wyoming city, Illinois",55804,2022
"1783739","Xenia village, Illinois",47500,2022
"1783765","Yale village, Illinois",NA,2022
"1783817","Yates City village, Illinois",55781,2022
"1784038","Yorkville city, Illinois",105322,2022
"1784155","Zeigler city, Illinois",41518,2022
"1784220","Zion city, Illinois",65018,2022
